	CDX08.1	CDX20P.1	CDX03P	CDX17.2	CDX20P.2	CDX03.1	CDX17P.2	CDX17.1	CDX08P	CDX42	CDX08	CDX20.2	CDX42P.1	CDX42P.2	CDX17P.5	CDX03.3	CDX03P.2	CDX42.2	CDX42.1	CDX17	CDX18P.1	CDX08P.1	CDX03	CDX18.1	CDX08P.2	CDX42P	CDX03P.3	CDX17P.3	CDX20P	CDX20	CDX03P.1	CDX17P	CDX18	CDX17P.1	CDX18.2	CDX08.2	CDX20.1	CDX18P	CDX03.2	CDX17P.4	CDX18P.2
ANDR.H14CORE.1.S.C	-0.001310699539447513	0.00786145010306373	0.02294028727996191	-0.0019034458128886003	0.009357485528166638	0.013332702569160818	-0.007001531358496077	0.005385094349795301	-0.003614840956006957	-0.013606849730457858	-0.0020162930383934817	0.00950678435431328	-0.006908365228694074	-0.007886509387175129	-0.0021387624909399655	0.014822773735177534	0.02432361916701889	-0.01673389785281934	-0.016775876635619226	-0.014901100151875271	-0.020049540574377495	-0.0031731133015867816	0.01498172770739175	-0.0019094795580157347	-0.0032999851231889513	-0.0033986411000364487	0.02642069311927274	-0.0017847024483405999	0.007359961274132921	0.009479768484153394	0.028316406950309913	-0.013616488329550428	-0.0062030895460968025	-0.012412395417566266	-0.0036882089458635057	-0.005432574404477024	0.009536294130766364	-0.02079085738993031	0.017696960846918967	-0.004734927071292298	-0.018899811387710637
ANDR.H14CORE.2.P.B	-0.0004877310430257756	0.0006738011025823555	0.0012246204071107922	-0.0007925099826395225	0.0003941505204448335	0.0006813062927411885	-0.000923511829181458	-0.0010735125792856	-0.0006682925599552922	-0.0007545442423067565	-0.0005279874176144649	-7.99103304125917e-05	0.0005435804323705219	0.000507622848912885	-0.0010557399557982621	7.55856492335727e-05	0.0012812038478633152	-0.0006278860790522346	-0.0008391954657681593	-0.0008451962089579859	-0.00023007685354693198	-0.0008060868466479082	0.0004543892695251508	0.0008326864867785238	-0.00027528753464448703	0.00016582443822058977	0.002316289283313469	-0.0014577294921636445	0.0002827303396819694	-0.00020858536904678083	0.0018882986137645857	-1.1381603987640018e-06	0.001306560782631615	0.00012171861083471478	0.0006876851817618672	-0.0002840772875864119	-0.000366978310406709	-0.0001748660572424808	0.0017761302990499574	-0.0011287502009992931	-0.0006132794064636436
AP2A.H14CORE.0.PSM.A	-0.0008743460592960973	0.001877694949423078	0.0009574600630914264	-0.0007993092546902945	0.001487653656638985	0.0008005328286544719	-0.00043430508577034575	-0.0009306126685394611	-0.001251533997427794	-0.0003206413752723982	-0.0002838498757925785	0.001508136277494243	-0.0013140002561024306	-0.0015452540887815431	-0.0004283419158441202	-0.00039019208681023015	0.0010396112611901287	-0.00016200752259600687	-0.00037546093718959957	-0.0006297222345964741	0.00039109977659732877	-0.0013473852338933001	0.00025221432812269715	0.00040776407742146217	-0.0010634280284772088	-0.0008763431757703314	-0.0009052422846599437	-0.00018848537592856948	0.001954693287870691	0.0016483458716315454	0.00111885244185708	-0.0006161654356972537	-0.0002656874045131696	-0.000632397722590468	0.00023765365119249402	-6.991505075030872e-05	0.0017509370006682473	0.0005976529284181919	0.000434305225779516	-0.00012838709022234553	0.00020235672704581147
ARNT.H14CORE.0.P.B	-0.012912969375143232	-0.004460672621495745	0.014556797314205765	-0.001415541397548076	0.008974375913597786	0.029509035412967902	0.02091649180435562	0.0035483163270783004	-0.012109699294510192	-0.013207733926476	-0.011819035618357454	-0.016706470209755565	-0.02123684178425449	-0.026784308153705513	0.017793201451603336	0.02371140045181587	0.015365832431599672	-0.018773685507271293	-0.014989149185333278	0.017556710265327784	-0.0019441072494110288	-0.017570847900589544	0.01920909915623967	-0.007403135418893531	-0.013999391933295677	-0.025828845577263608	-0.003540668816493641	0.015535977833374664	-0.008616426942261163	-0.0051937773981004	0.0023217075240463225	0.013697188825937893	0.00039329053832366226	0.019430483383781352	-0.008061067830223725	-0.008212801378415902	-0.009136773205638776	-0.0033062169149744762	0.021522719542900328	0.02003712873185613	-0.0066210882543747815
ATF1.H14CORE.1.P.B	-0.0029262166749172286	0.010506134061365966	0.007027778864478872	0.008061513477480516	0.0126586866503351	0.006328905601706614	0.014313195456418612	0.010405593645503067	-0.012736027214098711	-0.012193491184260451	-0.0024138230265815567	0.009050514067260228	-0.03476950635425304	-0.03345128045495986	0.012546381947391928	0.003599461081031822	0.00880208442361035	-0.014779814286027556	-0.01438967179532481	-0.01472831527436479	0.00909371042511559	-0.011924462386597577	0.0070757250491880665	-0.005691799434871454	-0.014488694357809223	-0.03135386601128195	-0.012470766882945704	0.01816525129321303	0.01026914747433005	0.008591494550809368	0.0013869080438517634	0.009935042887535023	-0.005397082213549899	0.01288475325382404	-0.007915574473067972	0.0010520496290182466	0.00970403102704544	0.01207088771576763	-0.0013000142748364855	0.011397397419865304	0.011229418926408262
BATF.H14CORE.0.P.B	-0.00043797208384056124	0.006113783440755418	-0.005930221595024567	-0.006943502503395467	0.005303930494796516	-0.0022371437436353985	-0.006550999086339792	-0.008009004517217587	-0.002109912396938751	0.0018652543735901764	-0.0002322090741294098	0.007486513976555876	0.007097466762753175	0.006593551501310732	-0.011238371640149191	-0.010786032688921754	-0.004481605503073503	0.00399572481322788	0.003616372489545515	0.0014724206588379654	0.010847401218758289	-0.0020131013026102526	-0.002890349738375462	0.0058854185244779575	-0.0020356222196582846	0.004967916895900622	-0.009163224154643226	-0.013027107984691637	0.007158592569403934	0.006190654496069365	-0.0045335897496200355	-0.004731289367005546	0.009101018437048906	-0.0028210918398926085	0.006307138419086516	0.0021141203235471896	0.006217790269659611	0.011544198600841677	-0.0056898541512206205	-0.010076532826538974	0.00933917573709268
BATF2.H14CORE.0.PSG.A	0.0026539899185345286	0.005189343635938463	-0.010706319901460926	-0.002678982124662321	0.0017047859714325025	-0.012211976701392777	-0.006849187162396519	-0.002450804723277007	-0.004881417163545947	0.01587525144472675	0.0009470025975098747	0.007891041841593532	0.008845733494859356	0.008394686166146456	-0.008110515418623728	-0.020217071238480766	-0.007943169052687323	0.01574539104235119	0.01626119708510891	-0.005584437925841902	0.008317704110010718	-0.0008889677636935919	-0.014613749362801708	0.004576194091719998	-0.0019442010940106044	0.009896855755673058	-0.010322235681224354	-0.007399107168697632	0.003670659222411653	0.005812263600590409	-0.007755417468942621	-0.003552828282092629	0.004498517858521914	-0.004968496735703086	0.0037970068766693954	0.009159149960678972	0.004444564964958531	0.010998178207828321	-0.012748680803826157	-0.009201084567020033	0.01178651572627984
BCL6.H14CORE.0.PSM.A	0.0026703418851181104	0.013351420047515316	-0.003677635204519372	-0.005130309893425175	0.014863622819602813	-0.0004248118918955268	0.007292782595229228	-0.003451026403267275	0.005939595097624609	-0.01640321991876712	0.00377983533435477	0.009901356139360589	-0.022911578727618523	-0.024480934219558832	0.0047611361019522045	-0.0009772772651201467	-0.0022139466997506685	-0.01701136269878361	-0.01606487373378676	-0.005670548971210889	0.006211729902748028	0.006716663388312408	0.0024603660433971525	0.000903998533453805	0.005006023431367662	-0.02470459809763181	-0.012569194623752888	0.00701712194545232	0.011352381317087552	0.013741703988456146	-0.004890565230185301	0.003589328975605421	-0.0009648969967350207	0.00598056745566109	0.0014040555199719904	-0.0007318953410878903	0.012531129947290953	0.009294938670024622	-0.006456722462998998	0.006128842243410499	0.010117434131068553
CASZ1.H14CORE.0.SGI.A	-0.0008053276284385458	0.003635270181614493	-0.002103673131726904	-0.0008101787673225266	0.003968139624084778	-0.0009340255732343157	-0.002810084604979953	-0.00048620719681260593	-0.0020513895752941116	0.004949215198754731	-0.0012001109139603092	0.0037699617384666225	0.004487636653175295	0.004786545480643108	-0.00469548571756066	-0.0025977973744598926	-0.000619407226763403	0.005016519781542883	0.005437349689776532	-0.0020103317530603734	0.0021951613126496607	-0.0023538353745090786	-0.0014987544305738974	-0.0010435453687691904	-0.0013342581906724054	0.003580760084289269	-0.000908637192339648	-0.005226578284908251	0.0029593245280913573	0.0023412950261772992	-0.001620382592852401	-0.002838537231709347	-0.0004262075233200102	-0.0015911205035879603	-0.001189742850252494	-0.0005123315152821863	0.0015195819945674448	0.0019095853820392389	-0.0025059370260420467	-0.004834483361576021	0.0018057863823206961
CEBPG.H14CORE.0.P.B	-0.009834449484470875	0.013223264230563504	0.008532920886221679	-0.0053946687631420374	0.016360093139919377	-0.0017538094902820461	-0.018877851051758966	-0.0023391867751683115	-0.014593124284132425	0.012548994339047922	-0.008311817686057762	0.015758062208314785	0.006637830441297787	0.007495603753155208	-0.010806422218455961	0.0047385159895214635	0.00896742388608629	0.011512695347976151	0.008654499096769797	-0.0009181150074351954	0.00041865279264208244	-0.013842124195274093	-0.004967037486509132	0.005169186438023471	-0.015660983394040505	0.007711379324521289	0.01598793961940853	-0.013874736448619763	0.012926633924602826	0.014427988519077405	0.010694684556108607	-0.02590320763692291	-8.115334222161957e-05	-0.0320860580312804	0.004907853388942417	-0.0047393450091903	0.014078053208594732	0.0008111752230423874	0.013835509203868335	-0.013988767802951411	0.0006191619209854338
CENPB.H14CORE.0.S.B	-8.510939637830387e-05	-1.0302842782337974e-05	2.541066806132252e-05	-0.00015553169860554493	7.989086433024144e-06	2.912828311719685e-06	-7.629355304929879e-05	-0.00015368340907958485	-0.00011308426216162385	9.387571382396111e-05	-0.00010158442619941782	1.259531927364393e-05	0.00014481102450702895	0.0001336862628294289	-0.0001235831330136589	2.739854052966474e-05	0.00011430920315726875	0.00012194441597870992	0.00012098847835513804	-0.00010644076530920912	3.73766427779555e-05	-0.00013806312611413157	2.9581527682946682e-05	0.00016784556718660754	-0.00015193575991353885	0.00013732781416781316	3.760383987272452e-05	-0.00013439446682062168	-3.484875933609787e-07	3.075437743756045e-05	9.573283410584533e-05	-6.99589504740955e-05	0.00011844253455684928	-4.287918580272339e-06	0.00014005625005694686	-0.00014328355410961422	1.9155316940361626e-05	7.504300129892498e-05	1.2153380369281147e-05	-8.553313231786666e-05	9.313032090673643e-05
CGBP1.H14CORE.0.PSGIB.A	0.005382006072743327	0.0036534754446366953	0.017514096062194756	-0.0005614570959007019	0.0010358950224676044	0.020588300456864682	0.006808325545143932	0.0017656194501898832	0.009305959153140858	-0.03030872840502933	0.0054737900785088445	0.001184182848543689	-0.008851246855096338	-0.008517800533334924	-0.008101093664882606	-0.012857234116634336	0.020632931313180336	-0.025179589020693685	-0.023285111662264116	0.0025947049671898852	-0.012220875550940827	0.002932145464032381	0.01657842004200956	-0.004938731310043527	0.00834763611827245	-0.0113364008119217	0.03179162477731895	-0.009401742075517314	0.006175356563751186	-0.009372872722410094	0.015495167673541203	0.007670334716981778	4.3287483887512884e-05	0.006735749206976904	-0.007171229098783774	-0.0002040699755482961	-0.004301487223114294	-0.00846360745752854	0.007330400117251626	-0.005071252343896196	-0.011041761034626563
CMTA1.H14CORE.0.PSGI.A	-0.0015467220188805078	-0.008138770146050222	0.005534464731178787	0.00894108190565183	-0.007196223163666164	-0.009832747754778694	0.002221714822203853	0.0022234820369183093	-0.002002273388284774	-0.01000561073400882	-0.0038573066726281767	-0.01674477802467078	-0.003670731471179269	-0.003921160585807808	0.0026204340929487768	-0.00961356202835166	0.004663992967889449	-0.01283558280204106	-0.01005403667141761	0.008919998694359832	0.022972781207248896	-0.004470777134082818	-0.00873585364779404	0.019146574652075775	-0.004302277348744876	-0.00740955457555631	-0.0014453027068481068	0.00011222516563170852	-0.00564089304423265	-0.0143584929995524	0.0016779749305707225	0.0009967623699480214	0.0210913699335419	-0.0009475625833159003	0.01799695881910953	-0.008427004136503694	-0.010799588204420917	0.023933156970828984	-0.0031225511129269416	0.0021289845222682794	0.022296037234430185
CMTA2.H14CORE.0.PSGI.A	0.0012473876394877847	0.03066534610515686	-0.008538877956359159	-0.018867279795025272	0.024155136121889846	-0.009256443983909159	-0.021825774225459164	-0.021104796606081774	-0.002341074127632195	0.012607264228899365	-0.0016511321229617012	0.025966660140146605	0.011603848645074025	0.011460106088523353	-0.02261649206124272	-0.01082162521948321	-0.0015032896011515848	0.011521323376764703	0.009708361733332407	-0.02771334513567557	0.009429520465133123	-0.0003840226823146331	-0.007618014210059851	0.008475668929261763	0.000273871902443025	0.013912160297894022	-0.006450069181253126	-0.021016285562212612	0.02749722269607005	0.025863089179960715	-0.009343768098696095	-0.021881774148629424	0.01212908784865873	-0.020102959440806534	0.008210171093352814	-0.003334859915407412	0.026395919910416413	0.011593564834680659	-0.013260050599717355	-0.022483419075940973	0.012099638207298619
COE1.H14CORE.0.P.B	-0.0037536399272852378	-0.005498023940831058	-0.0014043620514495245	0.005850258556269818	-0.002428223172588735	0.003550065147289703	0.0012329399398791178	0.0043310036396700564	-0.004771802937799816	0.0005285222787228955	-0.0037065074051866468	-0.00569009075810584	-0.006959619657496825	-0.00743059205833437	0.0032160802789928875	2.182562433807045e-05	-0.001009950882586156	-0.00038640635671019496	-0.001209523268805121	0.008763339009998436	0.008214782844266098	-0.0070842562696313074	0.00021787300730758546	0.007072169407378596	-0.002395153961054974	-0.005932636987198472	-0.010919381374627599	0.003940771622301635	-0.005658037096539691	-0.00025589582049992225	-0.0043556906206905395	0.0003342784581485261	0.00672084146195677	0.000646641262754787	0.00790309358552806	-0.0015335324149642615	-0.0025067537213415113	0.00905912049391177	-0.0008047977950449287	0.0037911033875216247	0.008064776207646236
CPEB1.H14CORE.0.S.B	0.0066403896201093285	0.0013544631200873175	0.001261488180394925	-0.000580331380874484	0.0019484109454271101	0.00043306177274001585	0.007044712668478479	-0.004366059161718017	0.006457149464411746	-0.0192292299980191	0.00893819722543744	0.0033051173930213453	-0.013342499540356927	-0.015695473527650817	0.005543974893184183	0.003457553172905234	0.0012402022216256932	-0.016070704872722753	-0.0191145941232994	-0.0028993789052238067	-0.0018429572531477407	0.005911394464880868	-0.0008504824876347905	0.00022208392891500555	0.007295366225770532	-0.012772971240515423	0.01043512462520327	0.00365144635988337	0.003304780753763524	0.001996731182246534	0.004293363598522459	0.001724769350388663	-0.00013959545712493616	0.0028837896207548077	0.00015531879637005344	0.007698014358413483	0.002843196256210879	-0.0033693525800232212	0.002794048125273017	0.004181025755099339	-0.0012555767244001705
CR3L4.H14CORE.1.S.C	-0.015671043123323444	-0.01158783728907063	0.01803108604970195	0.010906821147326537	-0.01507897407773076	0.008346460729951492	0.02565620833054337	0.01099628626605343	-0.02490046822283818	0.021135702638765616	-0.014712894277545938	-0.008814027783408996	-0.007896646877295917	-0.01240139918435597	0.018966334239364457	0.0071091262039502945	0.02420156587349612	0.016268642791812955	0.01767829083331454	0.0035896882887601934	-0.011036495767854405	-0.026823068641075427	0.005152008029403011	-0.024915301232478048	-0.025019864549883898	-0.004000211143513763	-0.001776112187298104	0.017159985388712194	-0.014699359271110128	-0.010173376413032354	0.01120280613994971	0.029708471809195638	-0.029325598297083096	0.034992064762236146	-0.025398279354695116	-0.018907036349673306	-0.013900258095141428	-0.007398919809925172	0.017108659502374654	0.018159390342521838	-0.003606841450031588
CREB5.H14CORE.0.P.B	0.024743898983978982	0.009557089586302307	-0.010929487617607907	-0.0005175713032746177	0.00744433226798474	-0.004773709401544427	-0.004865227538355859	-0.006977698099107583	0.0256433365226378	-0.016905769819309344	0.023611098427533974	0.004919676360679611	0.0007802897844096934	0.003115822019447441	-0.004731982416593112	-0.009514740608211239	-0.01237738299841885	-0.013227421729269183	-0.014427111762267152	0.00497306483472541	-0.012900598736642843	0.02384162668831301	-0.010350187424133746	-0.0032875642403784565	0.02413749161952017	-0.003574901638797149	0.00048081334260291486	-0.0063563779483845565	0.012504533020036821	0.002578613315937145	-0.012412072406954303	-0.005655767241230833	0.00036855510937476577	-0.005700751038749026	-0.0004295881522863067	0.028648602998289703	0.0011142639487607582	-0.013278417583021097	-0.010531913655288182	-0.007814882933966424	-0.011691219578414763
CREM.H14CORE.1.P.C	1.752350803649002e-05	6.225486092511615e-05	0.00012517942654966698	7.854079911172527e-05	5.1184483907050034e-05	-0.0001147070013783549	9.869193164845872e-05	0.00012903932850799743	5.947301354956099e-05	-9.341086581156344e-05	2.6515782681268252e-05	9.90628144566746e-05	-0.00016850359985756268	-0.0001313610517685423	7.262855756538215e-05	-0.0001680169472878081	0.00015029102525104167	-3.243482596349039e-05	-7.1545735953425e-05	1.9088863022196544e-06	-2.5088128927837035e-05	1.0681888039515636e-05	-2.5107341751886788e-05	-0.00018438522693763217	3.4671222968359603e-06	-0.00017046205723254506	-2.4731122782918873e-05	0.0001385824463067653	8.057878966846143e-05	2.645604716141089e-05	0.00012809439558477803	7.329724368302984e-05	-0.00021786611725677226	4.590818354929037e-05	-0.00018468116079685482	-7.37384292534241e-05	4.13707917359442e-05	-1.5332571688765183e-05	1.0458520274990923e-05	9.742362341192746e-05	-1.3039213189628232e-05
CUX2.H14CORE.2.S.C	0.0154824902121721	-0.0033678563435982174	-0.0033177338988255173	0.0020557116182210395	-0.0005796052078094202	-0.006162867442142119	0.006286664268557491	0.00406734324035816	0.011013969912649302	-0.010637253315147938	0.014484933565042876	-0.005486095725693821	-0.007519198607585966	-0.008863646916617583	0.008017909690280527	-0.009945660271898762	-0.005944254025183249	-0.010936062545718842	-0.009849289396515762	0.004915725859745718	-0.0035228718030703154	0.009662444635395138	-0.00550039443970082	-0.0025611735359573687	0.013849567938335961	-0.008670930000136029	-0.004300694905321589	0.006688584616634449	-0.004459225073507719	-0.003137818885627421	-0.0055910355717328775	0.004074086130727987	0.0010245125936404753	0.005452851346855185	-0.0015059052467287035	0.014944184079641924	-0.003809948822828287	-0.00559589081190625	-0.005593490773050748	0.009460858585957493	-0.005146585774815117
CXXC4.H14CORE.0.PSGIB.A	-0.029832632393835483	-0.004001705371712117	0.007145128701903328	0.004921065112888438	-0.0032274172826693287	-0.0005818516234358112	0.011745167094412336	0.0025611517967315516	-0.03202950920033201	0.028419434172470656	-0.030595088313820323	0.0033545288518367043	-0.009998907843581976	-0.007651182852958103	0.021159684660746966	0.023630683888038434	0.008882349137171681	0.027587196298409687	0.026230650912059138	-0.006259349126576124	0.015671786141091285	-0.03243772458932811	0.005949984970978303	-0.009785542512640702	-0.03169395673945181	-0.005755720634931988	-0.012962820120268614	0.02169103172501321	-0.005713219594189631	0.008031671432360273	0.005456128807285993	0.004962459354856257	-0.017409777293569774	0.006115309164278343	-0.011019710157349587	-0.03618837768453548	0.005101343457034644	0.012254685066566101	0.006010601930235782	0.01740832186301084	0.014876331695401326
DACH1.H14CORE.0.S.B	0.0006597172778799662	0.00326007192172937	0.00019500292031784244	-0.0016312103984514777	0.0044478840506774735	0.004657354120004845	-0.0064012109562638295	-0.00039725735048532114	0.003991892226895742	0.001274960180007674	2.9564696130482404e-07	0.005320153960937492	0.0093452885876719	0.011687435882034598	-0.009129732655364438	-0.004293001839871052	0.002944287833254979	0.0031773091746015655	0.0035971631309206498	-0.0036396265744615135	-0.004703462753917066	0.0023047701541902763	0.005551425253157511	0.0012964634438839724	0.0020351887838793306	0.009595904108182928	0.002919471695372197	-0.012093589539060815	0.0057739977070658125	0.004992467832691776	-6.134966243516796e-05	-0.014045260265486645	0.0024278684282604615	-0.014126981225869209	0.0023063083175602767	-0.0019742857332298303	0.0064777546395910855	-0.0056602872084813086	0.0015372335456570393	-0.008529387794384693	-0.007602405438686337
E2F1.H14CORE.0.P.B	0.03276607339871601	-0.002811659873312628	-0.0725226514050612	-0.02039122685329866	-0.0033201568715944697	-0.034940459253217634	0.009773241193180997	-0.006096923983194024	0.03665652357174226	0.016954987671540273	0.03780114539765318	-0.004872738398498454	0.023977737851801885	0.02751656120682823	0.013435803993478173	-0.031234507880312963	-0.05653260936993723	0.01638383610318874	0.020026647303263336	-0.012736168739140529	0.007060180501621771	0.046357469535997405	-0.026853192342287616	0.016611687356980296	0.040212891681421545	0.020540602918027142	-0.0681400778172748	0.014921217834647189	-0.002131452734155835	-0.01584759956743091	-0.05405169729727333	-0.010442479581053979	0.020720786250188028	-0.0091360948738533	0.015582511391491177	0.05582018883727845	-0.013579268198376269	0.0032042324628571393	-0.057221228250669116	0.00977233373423872	0.003044183743446959
E2F4.H14CORE.2.S.B	0.0096987481107087	-0.007807315216139301	-0.01833690341496559	0.007221530321007344	-0.010346912179321766	-0.01590224904727664	0.008796555634354473	0.01135500325150262	0.00394659846813248	0.0015896931972957662	0.012041131524877529	-0.010008629028997334	-0.007223236453144741	-0.0071257383005277515	0.010957539412532087	-0.014481608575248384	-0.012650460154253966	-0.00025348342903858123	-0.001914555941549323	-0.0021832898833449334	0.010942243597652432	0.00882417746120455	-0.013039719089372612	0.005730689083320348	0.005919022290608773	-0.006200892275617008	-0.017849310112584754	0.009551223864086474	-0.009642121018103446	-0.009348407505268327	-0.017420189135306234	0.011613381756467525	0.0043583402491606665	0.014306315279814841	0.005691806041185576	0.01707636829081613	-0.008358704341166041	0.011346225810291377	-0.01185152864561563	0.00812412657215865	0.010399163479093212
EGR1.H14CORE.0.PS.A	-0.0002467998212213676	-7.827813118157183e-05	-0.0002043960008542066	-1.3053891578501849e-05	-4.380134556508311e-05	-5.6755673973445434e-05	0.00019434548865177135	-1.629404767583602e-05	5.016199719457752e-05	0.00034206955604993827	-0.00018417371408034722	-5.564324324397528e-05	3.411005518090288e-05	0.0001419137009361233	0.0002423263715626629	-0.00036183275131842097	-0.00011876764102180723	0.00038153163584692855	0.0003580900616334372	-6.330874404058407e-05	0.000511203061887653	-4.295616936606417e-05	-0.0002330489889509023	5.658156322211499e-05	-0.00010893559728006742	8.702969966633775e-05	-0.00037832247746837945	0.00018828719508144208	-2.0472204327984277e-05	8.912620368920106e-05	-0.00041014081957471585	-3.6205243053227545e-05	6.258550463429408e-05	-0.00027837953802112156	-2.7032748861383028e-05	-0.00031667370009517363	-2.6036388567621986e-06	0.00045561533839547693	-0.0004449795668364923	0.00014620867518569885	0.00041142925258575705
ELYS.H14CORE.0.B.B	0.03794586413153994	-0.021712140578429906	-0.013662794784455812	-0.008353682908657463	-0.017532908495097477	-0.0036702534517802712	0.03198970002618821	-0.026844203622807837	0.021452989142481796	-0.022534727284927974	0.037031306785488674	-0.010130512891419328	-0.019694660645206967	-0.023499610160510956	0.04637135440986654	0.0037375177435228224	-0.009611688048528307	-0.016659883854439186	-0.027128073159919025	0.006319083035245143	-0.030654742819824693	0.022074151108675603	-0.009499551489882851	-0.013966624140636832	0.028664406328670736	-0.020620954692123418	-0.022014159620673768	0.03789866927502214	-0.011992044669514382	-0.001221414374133943	0.01488235809180348	0.02507851268569921	-0.023586543250276787	0.02542745057325573	-0.014520997010250308	0.0452347026840869	0.001011727563918284	-0.0349763626224987	-0.018807906674371863	0.0399973415585149	-0.03384657336638364
ETV7.H14CORE.1.P.C	-0.007860033407895817	-0.00037634252633290087	-0.008791368512365588	0.006090590876681502	0.0002739634505418715	0.002632836982748521	-0.015431905754781846	0.004551932354268	-0.014922288531192512	0.025002683514261506	-0.006689665359101674	-0.018380917646076092	0.018594131378642253	0.022741733576552146	-0.012931016552082697	0.014266911136722876	-0.011289608278391115	0.020315290380657255	0.025785814186377834	0.01802412764208737	0.00902034207953678	-0.014363718429034486	-0.0006060211157491585	0.007992192494011022	-0.01201199689387415	0.01883355927676322	-0.011139507669062507	-0.016379709783409607	-0.0014360013506723203	-0.011298899299287835	-0.009436353343269192	-0.0008689787299396313	0.015369239673335665	-0.0007738778987325138	0.004964948190964769	-0.011602236765175744	-0.018166861546949437	0.006193442226670703	-0.001465920755943026	-0.01336504074987108	0.006487414203632427
FEZF1.H14CORE.0.P.B	-0.005203913004635449	0.0033123676272343947	-0.0026734487355720565	-0.0014552695496298227	0.00299336232662137	-0.0013286326724267997	-0.0045984645257250165	-0.0013819944469356102	-0.0024744946663122873	0.004106613880260221	-0.006451300246215126	0.004498184973433055	0.002575988669249858	0.0022628390641557736	-0.0020393806911835808	-0.0029701716353494195	-0.003392233587690246	0.0043180544843801315	0.005394014838285291	-0.002419536842519263	0.007714934002520678	-0.0022003349334685784	0.001237842966539589	0.0027522458270073397	-0.0038797202459767612	0.002603933400323422	-0.006799846145474433	-0.0037947374641310464	0.00374240521686794	0.0007869902418132764	-0.0004265128730357743	-0.003089145671302608	0.004971150114568411	-0.0010087597435107535	0.0028710515722045627	-0.006355592366113716	0.0005615257346374136	0.008147014761076397	-0.001976220345990931	-0.0025105600257900565	0.007690683199294227
FOSB.H14CORE.1.M.C	-0.000785517057728705	0.002475329858739519	0.009210637094076766	0.002194909646572989	-0.0005079110391527017	0.009817390459137019	-0.010495300522393865	0.00486509987369516	0.000882260329300639	-0.01119230748142886	-0.0014733576858373982	0.002612894031414771	0.00030880677524318303	-0.00137234640882356	-0.010201877791425843	0.01205587422848401	0.005385938298507836	-0.01403650296254632	-0.010453680400071708	-0.00648789070834438	-0.010195621472293213	0.002409160098411445	0.00867196017601692	-0.0016335888874308476	0.0005481519491963532	-0.0001355456545834178	0.041353612536641965	-0.006597983697120504	0.001608914922499525	0.002206229054765049	0.011326703105953824	-0.008955485802566929	0.000997608029269857	-0.006939606491955743	-0.0022035629713220203	0.0066122900133368	0.001994393988315536	-0.00985932891013373	0.008730758812015505	-0.00992511756020019	-0.007370058157982209
FOXH1.H14CORE.0.P.B	0.012582551335490008	0.006122743803786114	-0.01196195170292088	-0.0035006625938816863	0.006423934500959223	-0.011908822817701687	-0.010418878103663654	0.0009977653464395726	0.013852301814417742	-0.005144371902321282	0.011638140022041506	0.007041240727247577	0.0054782028769551315	0.005914015467990159	-0.00496225609175374	-0.015500534447134742	-0.012581276025978857	-0.0038049334627742876	-0.0018352246888200946	-0.008160772230483879	0.005476537422173598	0.014209792761958294	-0.013366901376500123	0.015087455307384014	0.012571071820389535	0.006327576698292392	0.002697631670846995	-0.005090606810973413	0.004369046211918313	0.004089233294640941	-0.012945463160311456	-0.021994881838170468	0.014876274394264602	-0.02627618326124912	0.01599730760611754	0.010486601016329596	0.0019845802698643528	0.00859229164964144	-0.01002376090468448	-0.007301506323716282	0.005247031070915051
FOXK1.H14CORE.0.PS.A	-0.0007019855806464498	0.014170089940171311	0.005804675164526983	-0.008642099198448204	0.014963809258643898	0.005533105994308203	-0.004467652809534244	-0.006448285755836631	-0.002299077134771472	-0.006772619812946426	-0.002024823808008948	0.016382212380320428	-0.005691320207080115	-0.001095937942908588	-0.003430421663324467	0.0033066540420845086	0.010519426896027334	-0.008108711053961496	-0.008716152478591343	-0.006556925254998759	-0.001856018672893131	-0.0018570887496115011	0.00855769548997747	-0.007043307281103918	-0.0013258496147458645	-0.007663255333191591	0.002196202133048948	-0.004517647332773192	0.01271101884822266	0.01829115062487948	0.00822687405408064	-0.006127604029438543	-0.005280235381036829	-0.006456261027629598	-0.007445454788071848	0.00014380094097000973	0.012762986605677389	-0.005497789897302315	0.0033466317053574036	-0.0049227297645681725	-0.005656834154886686
FWCH1.H14CORE.0.PSGB.A	-0.004788405779659048	-0.0043819476946423686	-0.002131398601019508	0.006942391246670714	-0.004240943027703791	-0.004947487125551438	0.0012507843995247592	0.010060417731886002	0.0021618880508168584	0.0004929535517629278	-0.004963195623307019	-0.004626578448865002	-0.001966720822823523	-0.0007692979447834029	4.1668304028550296e-05	-0.009410536000542064	-0.004339401148490067	0.00044001610816071096	0.0009974795692096576	0.0055286917788774145	0.011366729612432305	0.0024365502041087325	-0.003755180101489012	0.0039274252069284084	0.0005347017240630381	-0.0020860106593804245	-0.00364913165506716	-0.00163642474498209	-0.004625044375339215	-0.004479505793122186	-0.005244167618612015	0.0006314597039196708	0.004737744571504382	0.0006841219803631717	0.00340005705643907	-0.0023249163450507378	-0.0029492129566536154	0.01085225821501528	-0.0024321675005544857	-0.000619092551850432	0.011709586060117277
GABPA.H14CORE.0.PSM.A	-0.016280441174529425	0.044204437956946556	-0.016092498907224556	-0.008969482690271693	0.04143561521844896	-0.028133509441096945	0.01758088032319858	5.332351687520852e-05	-0.020641199724182907	0.04200274929981378	-0.01675410537612865	0.04353523775834813	-0.013957676078464668	-0.014449346092926375	0.0230199372441216	-0.00944319075856953	-0.013309315739866353	0.03827942821875461	0.038605653083221156	-0.05198941332778877	0.0195245630858928	-0.008050433197588247	-0.01815536078802238	-0.02862789751495827	-0.013641801572016443	-0.011648266946758	-0.056282939637077825	0.032231696935522955	0.04330209835750009	0.04159756709176032	-0.011428335060368357	-0.015371117767379842	-0.038748938788472825	-0.0202859574741555	-0.033222556027893015	-0.026767259078947378	0.04034184491617686	0.02232130279631926	-0.026300631236141528	0.015130460810134269	0.02247496294061046
GATA1.H14CORE.1.PSM.A	0.007157707413225883	0.013632479433112566	-0.005975975747850101	-0.003953791561709213	0.011066751701808352	-0.007373285700566721	-0.003001388634267509	-0.0049911311001699646	0.004018372749039873	-0.0033969951859159023	0.005956975850784804	0.00875760058786891	-0.00077289728560193	-0.002538985601575328	-0.005561545366246826	-0.013264768650951348	-0.006112488990286253	-0.00371294845873172	-0.00379177629193235	-0.006833738453394763	0.005473969466382574	0.002160593948390542	-0.006850433836282501	0.006006871051052826	0.004748720381791072	-0.0022508197450361706	-0.011454466167997442	-0.005241678589718578	0.012324242763473648	0.008022616770084675	-0.002777823180605223	-0.006702256607678853	0.005626764582360437	-0.007916397668090144	0.004863017317189079	0.005822604478887657	0.00801174733979973	0.0089236897664435	-0.005010583285287249	-0.005972275403207218	0.006764116174283947
GCM1.H14CORE.0.S.B	-0.0006044136827841641	-0.0033895764684024787	-0.002123725484315199	2.9979526379183587e-05	-0.0018005971533955143	-0.002288607495195393	-0.0006197462476848219	-0.0014700863075363532	0.0006456919731598733	0.004245649665792432	-0.000598809911426572	-0.003216428432793038	0.0037697542240679597	0.0032412187325847573	-0.0012751361204534797	-0.0017059023396752346	-0.0012841365149308653	0.004166650029820855	0.004118753051895883	0.0024947105127744017	0.0023828683362216024	-0.0005002949773199542	-0.004568539273552705	0.003909648223479448	-0.0003960527741505757	0.0038367654609592575	-0.0018626915998414678	-0.0014825910930159449	-0.0027095633875756867	-0.0022796049677391754	-0.003318199404900614	-0.0012622094133312805	0.002911808706622044	-0.0014263858723143788	0.0038830226786309586	-0.00040704908548159363	-0.0007290715189262722	0.002671819698065868	-0.0019001618662736162	-0.0006884577559338699	0.002355239586739541
GFI1B.H14CORE.0.PSM.A	-0.002912128423232019	0.00679995509543261	-0.007197797512122142	-0.008348093732752785	0.005746843379365157	-0.007059121956673756	-0.01895448825095561	-0.006105976464251566	-0.002857531896960974	0.013970301586889597	-0.0019632577915831492	0.003653334089425978	0.022844728030373997	0.024769931735027274	-0.019578179778007604	-0.005711298123590475	-0.00458398300275098	0.015582415411748513	0.015369980939178476	-0.013128267003253294	0.0056036875858757745	-0.0006956356322765297	-0.004587566969614584	0.010751696893366386	-0.0015703222283625189	0.02411192045518513	0.006680132142698969	-0.021964486872783486	0.0074234047372721745	0.003850459585565253	-0.00603869152739691	-0.017399718645004496	0.015098700682760792	-0.016616943235604243	0.011511863509432875	-2.924691542916663e-05	0.00421642742807999	0.008970295372856762	-0.011151009701324724	-0.018712205894044966	0.006721254035312804
GLI3.H14CORE.1.M.C	-0.0005517242426371621	0.000553140084300938	0.0006367855293058586	-0.0008319520189109509	-0.0002485618531434528	-5.2998988160290854e-05	-0.0008114316955839817	-0.0010615122374855426	-0.0008677273898322554	0.000620032288174783	-0.0006156057371688078	0.000335723836712929	0.0007583595812053923	0.0007167126326513894	-0.0007071543559649176	0.0008194756890542929	0.0009330181564079843	0.00040515155774725926	0.00041835296700482895	-0.0008815573105212784	0.00014113852392630497	-0.0007973329581852815	-3.046639729006005e-05	0.0013622388077083442	-0.000565304902788995	0.0010541952157098365	0.0015806592224542745	-0.00046956033746965335	4.1834010331701836e-05	-9.434835894114131e-05	0.0006503805904723389	-0.001010365072480194	0.000900995332361057	-0.0014999491745036472	0.0013958990122460496	-0.0005948857271947418	0.0003085670821172293	2.8250258374510652e-05	-0.00012087740441826204	-0.0009769323697377031	0.0003007680837360978
GLIS1.H14CORE.0.P.B	0.0005978573930101455	0.004764081164553341	0.0011921675462754945	0.001181189707904525	0.004729251292538881	0.0023618139348650577	-0.0037041626270918593	-0.0004948639932395743	-0.00154619136783124	-0.00403032677881103	0.001888832180393383	0.0038511264508799504	-0.0028814490555625905	-0.004711147350022985	-0.0032170388891172306	0.0010558265070311698	0.0011178077005832322	-0.00486486427609769	-0.00458872913286083	0.003774307014289622	0.0014709535833651553	-0.002376412752516044	0.00051781645816322	0.0011171229825888036	-0.00038930162486117397	-0.0030496208388697266	0.0034975376906173222	-0.0018716558473056864	0.004533487966322197	0.0046907446836268385	0.0008097002235762391	-0.004991296937924311	0.0008829150690123876	-0.0063059265593649865	0.0010943733324280426	0.0033841192116206703	0.0026491993758100537	-0.0006636978598406618	0.0030431781457801906	-0.002663604776115945	0.00011852055126725103
GLIS3.H14CORE.1.S.C	0.002801281583218941	-0.002501474094339911	0.002007562167221248	0.001907562664141384	0.0007869575974139989	0.0036893582704904046	0.0005978925672751297	0.004153897593639515	-0.0007418032871989721	-0.00766915774209917	0.0053666275858749585	0.0008341023410629918	-0.007174395971116522	-0.009801266113769136	0.0040462404006012375	0.00078847535963536	0.0028136241418117366	-0.006882097944763306	-0.008727993374408237	0.0002174805254925834	-0.002776089132552048	7.414290504235282e-05	0.002031348888137788	0.0008644006583655404	-0.0001488824948920808	-0.0065945208119736805	0.004591956646576412	0.004429916436900547	-0.00234852855523174	0.0027504303562090274	-0.0007595864067318735	-5.208458943765237e-05	-0.0019548950661515616	-0.0020628627720186976	0.001102126760579733	0.007602174577505408	0.0018196952961285467	-0.002439397700275306	0.0030939948313433163	0.003485206351211882	-0.002006850208703892
GMEB2.H14CORE.0.P.C	-0.000229948614164123	-0.0048410818734698595	-0.003928166559549131	0.014295303408508908	-0.006061296224620513	0.001400471612185688	0.02142151999222477	0.02232603406413623	0.008002334748973217	-0.004730359090216386	0.0017902893251986276	-0.005211178728336897	-0.022402542315624864	-0.023473710935812013	0.017652523085831057	-0.005795191008032899	-0.0033086482127941868	-0.005208260565302358	-0.006983312488764719	0.005954939377793607	6.933284627078096e-05	0.005890261258400725	-0.0003232641391207481	-0.011378845393329161	0.008230932967567951	-0.022966833002632907	-0.01615427170772521	0.021723243046226096	-0.003922604569417781	-0.0066421837456536875	-0.004443081222808091	0.015683604193885224	-0.014109777124494712	0.015410301132172082	-0.012624489739667677	0.0010411428027434708	-0.00626173183634262	0.00021466671013536248	-0.005534633149947685	0.01800546015693162	-0.0012867788138187508
GRHL1.H14CORE.0.PSM.A	0.0001676864506828385	-0.0014230487410085567	-0.0020897634292893104	-0.002770752988731366	-0.0007078954704554351	-0.0019035853621535235	0.004965567491016171	-0.0038278310870869785	0.0005746909157409424	-0.000501991624658707	0.0020358507231999718	-0.002146349460138759	-0.0021830508274162472	-0.0021521183122131327	0.0049380085792836105	-0.003312484185058362	2.778676330988765e-05	0.0007951576074708804	3.8620724964612274e-05	0.0022850809886315387	0.001998754372232032	-6.37287154437588e-05	-0.0021880739947994533	-0.0008029918558700166	0.0017512320491621046	-0.002649065659389039	-0.004585408321350029	0.0030340221950837746	-0.0003290302707849805	-0.001565429371887514	-0.00142126521913743	0.004350770752672961	-0.00010530432981720704	0.005350713956774725	-0.00014431088338278178	0.0018463153624236148	-0.0028081752819420353	0.0015589544919058299	-0.004293847590265621	0.004165376616389088	0.001171425389133382
GRHL1.H14CORE.1.PS.A	-0.006186582037460343	0.0038161688479661686	-0.003111889224766677	-0.004855773053223653	0.003434627142232584	-0.005253486553454596	0.005064251569911311	-0.0032017145934488565	-0.0020482476232515333	0.01170519554032783	-0.006874420711132584	0.0028494661662025874	0.006102782589022236	0.006760356732197761	0.0007620174710670987	-0.008957929593520035	-0.0037948560366500416	0.01241747494909013	0.013668029119398517	-0.00504120508410513	0.0049397900248577195	-0.0035764304306618797	-0.001918882890912077	-0.004654742476937893	-0.0017677368542838752	0.004984470523347142	-0.01609251663505779	-0.00147213013015533	0.0021945437262567255	0.0016108323818119236	-0.001233635182962635	0.003736434797884162	-0.0029421528710536085	0.004031677881933003	-0.0039287544392967695	-0.006490705779767854	0.0011838126413943918	0.006180966214381307	-0.004024032364629046	-0.000833127314419107	0.004636601191064765
GRHL2.H14CORE.0.P.B	0.0008113190247380636	0.002000281157983977	-0.0015048683736894573	-0.003936114915933479	0.0022782199092941683	-0.00041328613588521336	-0.002623017990054679	-0.005736539335403911	0.00034293610238624907	0.0019166223833400227	0.0008295048683350273	0.002613271394370106	0.0036356490497062724	0.0031647649644845014	-0.002540941655963433	0.001852333342424843	-0.0007640141255312351	0.0014387808972578346	0.001693455658266594	-0.001505036355011579	-0.0015060612253397151	0.0002894118477254938	0.001101310967517661	-0.0009704123923062521	0.001024368252814122	0.003758462721907307	0.0006375742627052795	-0.001707435181898212	0.0023014573419595824	0.0019753992720605595	-0.0008111289023565293	-0.0010963952832991058	-0.00020091875605893726	0.0008928426724374522	-0.0011026913213524631	-0.0004786031555774183	0.0017159723357899623	-0.0016109287156657291	-0.0015484920314694506	-0.0024073668215859835	-0.0016440740923070567
GTD2A.H14CORE.0.PS.A	-0.0017955134533363185	0.0019159415985049637	-0.007970369223899565	0.005173875933848424	0.0026219160226158005	-0.00380997445045839	0.008358409194108034	0.004965448882063831	0.005124623788989341	0.007760759188905299	0.0011934728946850475	0.005856403298419957	-0.0027904848671189315	-0.004967719954746874	0.00674366603045216	-0.0015632943354095957	-0.005889989162199586	0.006175619720356803	0.007918721485296388	0.003668032135411425	-0.0007484718508611321	0.006099601289679631	-0.0044052247689645736	-0.010937081769648646	0.006047472387391442	-0.001810212382571404	-0.022518909855617438	0.010759320338880217	0.003794930729778979	0.0042315669132877674	-0.007423390647925708	0.0005694995468632348	-0.011160066943326882	-0.0037501744814325945	-0.01149136582750268	0.0011848242582574789	0.004627828081970154	-0.0013278322482066403	-0.01182202080900876	0.007336012440960504	-0.0019673198993798765
HAND1.H14CORE.1.P.B	0.004352207721733295	-0.0027524182608783497	-0.0066680093647045885	0.0022233536821142583	-0.00501427924063572	-0.016631209426602234	-0.0011816206068669764	-0.001286068598536319	-0.003181999154501597	0.014376037236413133	0.008368943264558865	-0.00852124347728574	0.007223057010255524	0.0055305085555701974	0.0037577887709019527	-0.0109470853918823	-0.005375287395132336	0.014005897088597022	0.013390130547571946	0.0033761865409999564	0.0009924053493607088	0.0006825225733034374	-0.019231087104005756	0.00477949500319888	0.00021484927278625846	0.009841525788598864	-0.008257069671665368	0.008351999370757118	-0.005788475968598213	-0.007626145443203655	0.001014544176068409	-8.583419562088323e-05	-0.002002196037689613	0.0012000842568431454	0.0013916922441060964	0.009275271924932701	-0.008817389081016896	0.001706842281755036	-0.01184674522116562	0.003599977398972016	0.002123102914738814
HEY1.H14CORE.0.S.B	-0.0001477824666375237	0.00015285562909874242	-0.00012251023281296828	-0.00014650160577649868	-0.00032347182002491395	-0.00028364006284557373	0.0004905843821010757	-0.0004251554717299737	-0.00046839159947347246	-1.754492365554656e-05	4.5538699900562985e-05	0.0001284787223178878	-0.0006984860848678366	-0.0007116378761972981	0.00047625953741565005	-0.00043162823071606765	3.681598781713792e-05	-0.00013801568855871613	-0.0001541943133539555	-0.0005311735124334337	0.0007849975060876214	-0.00047004781355123237	-0.00035612382713223105	0.0004982134176067386	-0.0003412403052387061	-0.00047130702567746863	-0.0008719933884574265	0.0004106273042316066	-3.652642784790754e-05	0.0001451728594713019	-0.00017700698989222934	0.000617385013096419	0.00019823279787416865	0.0010050125181892953	0.00043809553843370723	0.00018265183562105134	-0.00013000252149942778	0.0006910626160857155	2.471177819414732e-05	0.00016761297750701493	0.0007986194744390987
HIC1.H14CORE.0.PSM.A	0.0176571355796096	-0.01715637162947621	0.010044112612108393	0.0017720394097054584	-0.020741056631238056	0.01792352853077789	0.021142661976582402	-0.006909196795065589	0.00639890643687141	-0.02728639405816083	0.023447027363525393	-0.025222277924173576	-0.022611367260775228	-0.0256538934473268	0.0365424293529775	0.03596227837868782	0.01809517676494926	-0.0344236910909907	-0.03511595566942777	0.011996829655377524	-0.03466165252736691	0.007959704944878992	0.01253770830841655	-0.007446384573287258	0.010221609279446896	-0.015388625689626111	0.027159481153189974	0.04798349802560066	-0.02243875126172907	-0.015266497440113207	0.0012825925538516858	0.014188331662740495	-0.017339348762992313	0.018145539387831637	-0.010953078769954352	0.02485835662451008	-0.029230018420223	-0.036820812619835115	0.009839155293801652	0.03635697573594308	-0.03275049219852699
HIC2.H14CORE.0.P.B	-0.0029439451510265696	-0.002329863394971347	0.0017868601923539187	-0.003703366076237778	-0.005995945033808681	-0.003186734273163898	-0.005124411951705808	-0.010525949429404288	-0.003884732037027744	0.00924904616250824	-0.0019334563163288104	-0.003961468938947742	0.010084313937108222	0.005892682252877934	0.0011140538222970914	0.0030362683524176037	0.005332282137577596	0.008744964643058295	0.0072824253308351045	0.008306491080202224	-0.0029477926667567655	-0.004618007127597495	-0.002721405584822631	0.0043194237946219405	3.9484247596859035e-06	0.009708330284360432	0.0006219485799730529	0.0018109290416955769	-0.0024033360565660217	-0.0034357094732852603	-0.000874271804301642	-0.0018136438732451851	-0.0010008653776891197	-0.003109709027832041	0.004403346684700618	-0.000935469601595712	-0.00635537985065646	-0.004298089519880893	0.004312654295782661	0.0003904662877414356	-0.006009580731280689
HINFP.H14CORE.1.P.B	0.0010237043648623524	0.004481671187737678	0.004135639714209583	0.00291520152864024	0.006313496992600221	0.0013740588181703809	0.0022016901991332473	-0.0003484350121484127	0.0010185248409606863	-0.005267075435969401	0.0013210681297575258	0.0039946759478218866	-0.00648867979467138	-0.008752138258965324	0.0014768863330451099	0.00042253878658084915	0.004502277026593716	-0.005883643444597427	-0.006717175854410437	0.005223239944231503	-0.0035307306495180515	0.0012504300522024926	0.0011239309898187048	-0.005882806556426935	8.891597153558653e-05	-0.006180748498165369	-0.003794959118947573	0.005578149206276289	0.006461156164696764	0.005935924017657339	0.004274427276173796	-0.0013795176935275555	-0.006738070539751851	-0.0016221791959605352	-0.007585247821631989	-0.002025217501172627	0.003060505843941435	-0.0026977492269028482	0.004834124464771431	0.002828521885139645	-0.003013403891967713
HM20A.H14CORE.0.SB.A	-0.006154999441981487	-0.010636946767876933	0.0028917412545946125	0.007498645094236244	-0.010211242922725284	0.0014094963863411913	0.009896098685176331	0.004931517388216645	-0.007513828287581598	-0.004761324346986388	-0.005944538703441497	-0.006856018180476306	-0.013542432920878849	-0.011473728494619702	0.01458163751158338	0.016432918520355097	0.0015647615050554987	-0.004878420756508586	-0.005675869269198074	0.011806807411345812	0.004331482294228084	-0.003576179693322981	0.00574726044535466	-0.001270491281821006	-0.004088442588266534	-0.011964323049792901	0.0009744799319865022	0.01409143947440904	-0.010205199469293248	-0.006498358095388146	0.0012084764200382576	0.008690390624141741	-0.004677337767448797	0.006041449008852917	-0.0013599697806302158	-0.0030748361454242257	-0.00589296394826877	0.0020619081483692625	0.0020670487127184695	0.012416619136060503	0.0032671187761770804
HMBX1.H14CORE.0.PSM.A	-0.008566947519695303	-0.0003894900754493266	0.002198276311087998	-0.006471125859268907	0.0009043401361213798	0.001349489882436685	-0.00346168031422789	-0.00431837662962725	-0.0031420056540062153	0.004611646245647357	-0.00772834846231022	0.001233747423779256	0.006680025869938676	0.007928186172249965	-0.006333949069443394	0.0022363096063835186	0.000533306528021295	0.006177486919022836	0.006589130203455383	-0.0029426630350590593	0.0054203121614539995	-0.0032628933398464906	0.0014086383866288438	0.004009462030748229	-0.0035039978165771375	0.005332924858297091	0.00490615714829639	-0.006112996898748869	4.0405851949034625e-05	0.0010649212935353956	-0.00036363647965551027	-0.004537437371142832	0.004667750131964991	-0.0014179034694773974	0.004930774077907011	-0.008777020549984431	0.0024540231175745383	0.0045718586408143025	-0.0004973823742239723	-0.006244679169029716	0.005646700198265065
HNF1A.H14CORE.0.PS.A	-0.004741324858462771	0.0063316325307287424	-0.002269167552230231	-0.008275111555529128	0.005779034530615833	0.002933292399174118	-0.002271834545806331	-0.00928777929112831	0.0005173380473571174	-0.002322867861718413	-0.003684005115423449	0.006120693071675629	-0.0009351814872154041	-0.001472001927064935	-0.0025650280854628118	0.0007482959402615452	0.0022188258273628165	-0.0016182131936284434	-0.0019310936312108996	-0.00239808390178838	0.004732898580342445	0.00012475910655422584	0.0013304682063749289	0.0014381958842097173	-9.93182219818341e-05	-0.001169484895332988	0.00194077599106968	-0.004367856062196319	0.007536275899392891	0.005188840294536796	-0.0009373735125587403	-0.000888300214317458	0.001209790525994201	-0.0009002919103563709	0.0013009341781773575	-0.0028640367086808	0.006711128572695894	0.00479886280949505	-0.002112610856834755	-0.0028633900615308286	0.003477313207559691
HOMEZ.H14CORE.0.S.B	-0.002767619031310467	0.007274029451787172	-0.009278322363581823	0.009519039613132947	0.006176745894281419	-0.009854045672168701	0.007580467404360504	0.011794359435210955	0.003482577690555863	-0.007573852205745017	-0.00451742567972962	0.004040439649131353	-0.02138140250589304	-0.01805198726041615	0.00402408271764958	-0.03899678170982518	-0.009790807121168445	-0.00985107622149261	-0.004798748301702613	0.0056296195661150635	0.030974602703669793	-0.001270018187029813	-0.0112566102623037	0.011912083509824402	0.004331659020182033	-0.02289636635796474	-0.03522218733875955	-0.0032614610484926632	0.008488904589244636	0.0018361861010515873	-0.005868170048063691	0.0023380194325102457	0.016773340339801657	0.0034323670569551684	0.013480814606626028	-0.0006460181670496501	0.0035580985429717014	0.0338352615213947	-0.009685630709398207	0.0006017627120070701	0.031259969083574646
HSF1.H14CORE.2.P.B	0.0009495799752107237	0.003068220320090133	-0.0077757699391316284	0.003547552577547285	0.00352593687818265	-0.01194448131809834	-0.004284623948137467	0.005291554127799027	0.002272962216299801	0.012119123641804855	-6.472618995379681e-06	0.004262753160047681	0.006967926064335963	0.004258453534654701	-0.0022113471706798633	-0.006892834224742739	-0.010502720797789421	0.010672605515912786	0.011094669130461268	-0.0012068505077424442	0.0017402664508680415	0.003918290062390403	-0.011221902129604486	0.001315512629445223	0.00548792001322713	0.006802110344591238	-0.013122755843442857	-0.0010443547875035944	0.00106912302518464	0.005355646618169792	-0.0035245886615380764	-0.009922279950907414	-0.0010456224844641628	-0.009451080062460095	0.0001747000834449175	0.0006769189983891477	0.005813223842645637	0.003426736407971906	-0.00686668524918134	-0.0046556020711223285	0.003776270456122971
HSF2.H14CORE.0.PSM.A	-0.025307295056593293	-0.023431123694179674	0.01694663312695037	0.024046271874569314	-0.01964964630862616	0.021360687283412737	0.004660274768161998	0.017299456238020997	-0.021470808929106314	-0.008378025022655944	-0.024136665280673313	-0.02323090401869931	-0.007241561871294856	-0.007950002814862939	0.005161653203143209	0.005587680885333235	0.023990764420297208	-0.010430107183607137	-0.007271110988497087	0.022409760973484315	0.026428803653105765	-0.0322825498340663	0.011975093045240734	0.019242649697490302	-0.02409267791845142	-0.0082700014592888	0.012450858681170102	0.0003983838761375466	-0.02190508033555722	-0.022677536391265248	0.010660465030693393	0.0029389629403332685	0.021292301562018973	0.002718468636191995	0.020331411261624376	-0.02919892490641675	-0.024303933156094484	0.02819627524774443	0.013644126451826527	0.0056398022080862385	0.023586134041068296
HSF5.H14CORE.1.S.C	-0.0073579003175073265	0.005511497348438854	-0.0032604100035406626	-0.007562862998628132	0.0043449991906960575	-0.003661717279823641	-0.0019165075352736687	-0.009421527944323304	-0.006533901823899452	0.015417066027030552	-0.006214758306195715	0.010903494319742472	0.006570992213744796	0.007509798215243942	-0.0027161198710083496	-0.0017058770839531246	-0.0024391713862686867	0.015590527453786088	0.014255954477420382	-0.006737533962011577	0.0027509381955850773	-0.00499105199368967	-0.002736582685060464	-0.0021445027587360293	-0.00716601718516544	0.0089413144814073	-0.0121916072843964	-0.0025732296302062594	0.007089442481609894	0.00818515982187778	-0.00125113930185252	-0.0027341958452578	-0.005455314990589751	-0.003004834665841052	-0.003152876071241273	-0.00482927026932118	0.008591347759209896	0.0034559875344817056	-0.0002475479113745623	-0.0019932120594411545	0.0014715770658274081
IRF3.H14CORE.1.SM.B	-0.008077366968344935	0.0031849360899674634	-0.01314700603549411	-0.008537280939185208	0.004183984086172824	-0.0011538681282406878	-0.01640130658150067	-0.013853778439437614	0.0008574807544174112	0.01250395486264469	-0.007188584391833966	0.0004543193748123356	0.018452528593728264	0.020660106383823765	-0.024432782352649954	-0.0016380440184710077	-0.0032287281189959695	0.0108258960951811	0.012119874442393437	0.0017264683779889944	0.011900243534412033	0.002082901929015085	-0.00017566135251023685	0.021083958460813724	-0.0010830704617587911	0.015894946455526127	-0.0035966751617576287	-0.024117172583487403	0.007193543300311368	0.0006772955984126645	-0.008170462052665483	-0.007958366847310962	0.021256484430379405	-0.009554182626370023	0.022077849254153376	-0.00934055380538959	-0.0007186776266602975	0.010454734822136776	-0.0048891257840342	-0.023164488485916013	0.008468930357308925
IRF4.H14CORE.1.S.B	-0.026333576394633226	-0.007028066651413919	0.020687546339798447	-0.008424097341439441	-0.00517152872989214	0.016438680839052484	0.007329455714378532	-0.012056493936020837	-0.03265230556077255	0.018091448250805144	-0.026309682810603877	-0.0002778035550003175	0.0008425254233066085	0.0022049565177561267	-0.0038230555188284304	0.024330622622717762	0.01468334042293316	0.015619152567273845	0.016820789517404507	0.01012610536250721	-0.00402052222724875	-0.03336632562197579	0.013857568992004778	-0.014795618137253892	-0.02870329809898134	0.00019561183343659127	0.007452155133448862	-0.003700373261104104	-0.003131405976144809	0.002184397958884495	0.0274716996696157	0.01879709922495424	-0.01362557620725726	0.028192505231124664	-0.010949284568815014	-0.016887420922732578	0.0005029390898525854	-0.009679915864162236	0.028194173255977697	-0.0029056480068870003	-0.0041306436630273065
IRF7.H14CORE.0.S.B	-0.0029805309564376672	-0.0032558886325674786	0.0027079134492628016	0.005093693533640589	-0.0031963057106653772	0.008617356163570882	0.002903545739089613	0.004703076309320266	-0.004349186747900809	-0.0021380122980088397	-0.0037114638453567446	-0.0030001559186319023	-0.0031269036321198845	-0.002658986163594238	0.000774853713329574	0.002837881369278261	0.0026374944399355183	-0.0017264442246550105	-0.001672585724083733	0.0018095415414775147	-0.0016860354788414134	-0.0035522106077529314	0.007987613837228489	0.0001482513313971253	-0.004133634564235094	-0.002380973563350582	0.0036532374938144305	-0.0010025515242822265	-0.002130404764506836	-0.005058701023222319	0.004566804551094344	0.003210364325286925	-0.00020074344931725677	0.00312670204563797	-0.0004117613031168095	-0.002484245889324577	-0.003967735209899546	-0.002120356544229665	0.006394007210735516	0.00038306036986730384	-0.001712082997552964
IRF9.H14CORE.0.PSM.A	-0.02966644299226076	0.01640929898572231	-0.013329223937889989	-0.009684289569148139	0.017752509712836817	0.017169767742144598	-0.02553833420799582	-0.020834953018842098	-0.011692828443244714	0.030367654000030067	-0.02492431267576237	0.002115079041499948	0.03282322058256594	0.0335660792822663	-0.03246738167169817	-0.004480765882831778	-0.002720454504229343	0.03232637988966486	0.031351986896641856	0.008756493565247471	0.012349371854049468	-0.017460383295838697	0.008668491110984403	0.004875567219784917	-0.006543818472186436	0.026565925411643522	-0.0137947509482102	-0.03751299589756843	0.01878175620489879	0.0030524805917847425	-0.007527118399619545	-0.0027230836414807663	0.005741077445592518	0.0017952602599599025	0.007028166821373007	-0.01743778911460339	0.003963111517448749	0.006556420065110882	0.0016014590655545474	-0.031520566590725815	0.009613922542202447
IRX2.H14CORE.0.S.B	0.011530817062499706	-0.01530804699543101	0.0074007127614190045	0.011339087833060185	-0.017161193415521504	0.0005139568795428946	0.01163625741745838	0.011813364271891115	0.0011025785013559601	-0.013363253861040246	0.010266747958011947	-0.012369410888587529	-0.011498137861164931	-0.010547577067483705	0.010549926907243866	0.0172052799258869	0.005372086661792506	-0.013933160677641885	-0.013055807007117953	0.004016679475782825	-0.014444804877794662	0.0009649191761290071	0.0046844430994075655	-0.003992730777976447	0.0025717298592138546	-0.007939139719682338	0.023596571305749072	0.013711983571353517	-0.016750665526881033	-0.01399419839611477	0.0074059347915196696	0.008705986732026333	-0.0032779079741735544	0.010946180364257714	-0.0049882034594131075	0.00736876080963539	-0.015267976737407216	-0.012236670225339703	0.0063958579777477174	0.011058657300158028	-0.01265120733535325
IRX3.H14CORE.0.M.C	-0.0005075353817148268	0.00043688248660576684	-0.00038963371258073673	-5.507095067112236e-05	0.00029442716651768147	0.000547371251598228	-0.00018617804612427113	0.00034714184241305894	-0.00012833807988545175	0.0007515807096131941	-0.0005333944325775424	0.0009184604287128048	0.0003707709270106709	0.0003597720906243164	-0.00041146750143783076	-7.083768758571864e-05	-0.00019486111137836476	0.0006660758333134188	0.0007478295594618915	-0.00020054781630991574	-5.688877423787146e-05	-4.386027549654003e-05	0.000771032560892675	-0.0007216991740557948	-0.00016440352753191282	0.00021683258044999693	-0.0004103876444522315	-0.0006546695361580131	0.00032664148894620326	0.0006865844490133374	-0.0004501336556875927	-0.00010327434280293273	-0.0006840461773828027	0.0002690119041027031	-0.0007279098172126601	-0.0005653590476386405	0.00033557588471702155	0.0001029697402331975	-2.3996531939063522e-05	-0.00041759408170929653	-0.0001708632970946959
JERKY.H14CORE.0.PSGB.A	-0.0014681622480338455	0.00793086105253692	-0.0002209790119264768	-0.004108447668121211	0.009641297523153078	-0.00030437507235222747	-0.008436394714843419	-0.004875434179300291	-0.0025039318154764997	0.0063545072003032554	-0.00035312475868761253	0.004051867981995047	0.009735398944737027	0.011271288334271906	-0.012492027964628364	-0.0049595024520634745	-0.001382785122604823	0.006683262540613584	0.00755230486018444	-0.0021883877155961934	0.003105335406855099	-0.0037150180180529555	-0.000695477861280859	-0.0003848602902565487	-0.0035672027916470866	0.00976394682850704	-0.0028940867790043096	-0.012490704062620588	0.008463911208649475	0.007085976942181512	-0.0026092835565034306	-0.005964814656329063	0.002009288370550654	-0.0066639226972793585	-0.0005758044036548275	-0.0036354245674600077	0.007269240152411361	0.004467041716953446	-0.002349980267426291	-0.010851735740251667	0.0029112420372786607
KAISO.H14CORE.0.P.B	-0.003386838991479346	-0.0018817069799581642	-0.012571125575993557	-0.0016707629392855481	-0.0027439163879834473	-0.007173846637372205	0.01376630491368874	0.0016257545868277167	0.000597859407909844	0.009989172172387898	-0.0016894426413032863	0.000936673649859221	-0.003564683702131697	-0.0028792832065875494	0.015588425400278319	-0.010469382318872532	-0.012850109146751686	0.007791579562040445	0.01034850372998956	-0.010970728127589542	0.008377978441815186	0.0032968908600283994	-0.00439284238525451	-0.0035322809092503938	0.001954902040158339	-0.0027165292790025503	-0.027020875752091607	0.01433007346589391	-0.0003720197138959013	0.00023486990581092146	-0.00941287011150755	0.004112414052796918	-0.002359090385349648	0.004334892263043902	-0.001327652818235183	0.0026183315963367246	0.0004466824956998695	0.010138056249913933	-0.015881513466034503	0.013081467666314222	0.008969401562242133
KLF10.H14CORE.1.PSM.A	-4.402337975925163e-05	2.0788779225085164e-05	-0.00044383290919012717	-0.00011047487390225151	-4.447980182481113e-05	-0.00018307878859303737	-4.715849470402205e-05	-2.9446493645030698e-05	0.0001809939270875087	0.00035706548688929206	4.242474676823679e-05	-0.00031187143063586076	0.0004284409184655586	0.0005931109433237323	2.2419835214547673e-05	-0.0005200724136448648	-0.00012816404021477167	0.0003480342695958011	0.0003988271117763777	-0.0002326893295853564	0.00017464887335485665	0.00018633850436530113	-0.00020602699998019825	0.00026233738319530304	7.560490665608105e-05	0.0004402575905526091	-0.00043399537407879697	-1.0527195689798976e-05	-0.00010554801417992895	-0.00018391149077319046	-0.00033142241754783273	-0.0002073785690375173	0.0003287820035555366	-0.0001866479383260703	0.00026515194699615547	0.00019734573096402523	-0.00022043218204377524	0.00017100290414106146	-0.0005059995458770298	-5.921995706093035e-05	0.00011186834015413294
KLF16.H14CORE.0.SM.B	-0.017338859188907943	-0.0008752942629067969	-0.001685161780020825	-0.0004044830476165361	0.0015429369168836946	-0.0026922649251732178	-0.008825794169828064	0.0013640939655371314	0.00042724466539152683	0.007108899141706453	-0.01736987964558706	-0.004900331988801536	0.008256159563772982	0.008810645422909302	-0.006980145682421475	-0.00549457962093421	0.00953890276991704	0.00754048774544431	0.010651907679029439	-0.0024669171004968408	0.01038274246731429	-0.0014349808962732039	-0.004658213964020643	0.013687883501827619	-0.0014068967482888948	0.008270997441217967	0.009256922629144885	-0.00569532664265209	-0.004913054149902038	0.0002286500388222622	0.00642030730830058	-0.01446990708386527	0.017582370971925224	-0.01683772930233192	0.01254570732281269	-0.01453994459490758	-0.0020811070368375304	0.010026658447430588	-0.0004066773973437736	-0.007810312820491742	0.009759202172668503
KLF16.H14CORE.1.P.B	-0.01313091972031652	0.019502385552782855	0.020566441693434724	-0.0121999129235547	0.015980761092100403	0.0111905062137309	-0.007810042074690663	-0.011623356064649273	-0.003838809948990364	-0.009799645195175094	-0.016351672035496406	0.018542332033139212	-0.0023238698155562537	-0.002758681961962578	-0.002495384628825183	0.005350975153577131	0.0186896884081197	-0.008906507097135079	-0.008386709961299858	-0.011894501390399551	-0.0018661907259927765	-0.0059927934614035505	0.008072922948115527	-0.001768945188448074	-0.006992113287265332	-0.0033307396472479454	0.02778880068016675	-0.00317348969505323	0.019915539998653777	0.013316097069555576	0.020239231107826074	-0.020848667049609443	-0.0006618835758849251	-0.02442219711298358	-0.003171789576625013	-0.017030105805351803	0.012622735671246778	-0.00136467205590661	0.015102115746867623	-0.006639788502437254	-0.002878374826164126
KLF3.H14CORE.1.M.C	-0.00012882601669804775	0.0012184430843630932	0.00033024194940100855	0.00024284927489159045	0.0012584686270875535	-0.0012398665269643828	-0.0014061158828035762	-0.0003117639258341028	-0.0005781753088940737	-9.654953904375454e-05	-0.00025864750840311765	0.0015671020365702376	-0.0009583015976031267	-0.0011711593437219304	-0.0002845998437613511	0.0011561827245284168	0.0008873365919732899	-0.0003542777452763997	-0.00022400837871182269	-0.0002278431661779575	0.000897555142662116	-0.000579958913723996	-0.0007953481864461385	-0.0001175577486227956	-0.000436604708075731	-0.0008890585138399559	-0.0008660304857063313	-0.00028218184663513326	0.0008188079919155244	0.0022043327808590183	0.0005962207086830694	-0.0003382493491826811	-0.00022816400650673817	-8.90097937738029e-05	-0.00023197597939985694	-0.000980162697388598	0.0015893055466319373	0.0005398080283564328	0.00042315327105796503	-0.0006559507310572335	0.0005568969636275435
KMT2A.H14CORE.0.P.B	0.0232601540332599	0.0017511285440439152	-0.026517821805030803	0.021475062971371296	0.005908679851589518	-0.019313236565851072	-0.007160194188340501	0.03370537952386428	0.028077897292176433	-0.008010171028333402	0.025304214265635165	0.014241490663609573	-0.0013444690316370897	-0.005443335306125306	-0.02908028753726133	-0.08191767982100051	-0.035758270731790484	-0.000202331096354591	0.001571883361903198	-0.007985255453028153	0.02287868072676233	0.020864199296650954	-0.020121002559517598	0.006963229703528889	0.022065562213326593	-0.009030093012664546	-0.026116237785397955	-0.02170357255684861	0.013540642437696902	-0.00043258884643401774	-0.01907718061848973	-0.0006379394670888548	0.02254215277259833	-0.0034400452239058653	0.009023958704281868	0.03268452320511253	0.010587425677399516	0.03138902009025457	-0.03762979802687283	-0.021669610934857204	0.029758898249620913
KMT2B.H14CORE.0.P.B	0.0028572258849724336	-0.008458649520723643	-0.004245983041733315	0.013841274460587371	-0.013507752824728131	0.0049099362454366685	0.014649386691466275	0.026123570875039942	0.005706356012596371	-0.00853667465899208	0.003299445256683346	-0.012570319950154257	-0.0007733874532901428	0.002542575324148439	0.0023109613213011604	-0.032933701837887096	-0.00596051909560388	-0.005354053612745839	-0.004179123916689006	3.438736833613794e-06	0.010590752221190325	0.005008642061704399	0.0005866640135518686	-0.007113971599322484	0.008637714419083876	-0.00035880898794017884	-0.007296222557089178	0.007602602016946031	-0.011353606303537966	-0.02018343425000746	-0.004998555621635198	0.011401149443584647	0.0023330924045279824	0.014108949735271532	-0.007157719175264639	0.004492955101399174	-0.018486544657144034	0.012769283963379091	-0.010372722430103409	0.006261369573020628	0.011125398402772713
LRRF1.H14CORE.0.P.B	-0.0071454475695892986	-0.006000140844328551	-0.0064747852321051895	0.0035971819198237004	-0.004994310994404915	0.005924581711532938	-0.003410446963272913	0.001729665939962904	-0.0013244699041498331	0.011650775207472958	-0.003574453283572525	-0.009087850288179336	0.020533230236776685	0.01775612242462811	-0.0045579040640231034	-0.012807778227634473	-0.004996552148713553	0.01030425387917941	0.011541705846943355	0.00475939832846327	0.008167540231352362	-0.00443993462416211	-6.927258787362e-05	0.015486262612382305	-0.002310890844972719	0.01833990872916796	-0.010605463989775729	-0.005739408772550558	-0.006706034325487561	-0.005695737932042191	-0.0044595000133908005	-0.02329416238013507	0.018468964294809362	-0.027547678141721002	0.014139820104582812	-0.005504358090567672	-0.00026843221920792686	0.008841139892724094	-0.004266960714674514	-0.00492651552310662	0.007134354652728034
MAFG.H14CORE.1.PSM.A	-0.0039177983386917276	0.004873043047974536	0.004327077453194241	-0.0032605430946510304	0.003972521509619179	0.009752214669454718	-0.009427425777055121	-0.0057072592474812075	-0.008496889387729162	0.003595997557060398	-0.0023959063630764506	0.002397957373568335	0.01023214793845334	0.01056708521010575	-0.010542743400160731	0.0005252202816513202	0.00398179252862073	0.004734058740292778	0.004633408140312781	-0.004323570742162129	-0.001921492800824754	-0.0059614386107579645	0.009054899780864307	0.004827738185619121	-0.0077301791707730695	0.0110400266601927	0.009478088245274734	-0.009885967163506976	0.0028900674674753337	0.0008719920589356578	0.0030253230956547947	-0.008167593590284721	0.003567102778615735	-0.005710502681746457	0.002962267383179812	-0.0027571041650937614	0.000797541761802684	-0.0023542961264217885	0.001766415546234787	-0.010701372352519726	-0.0010865145667657006
MBD1.H14CORE.0.PSIB.A	0.003317006907444048	-0.030446084752030884	-0.016273762620538694	0.0015244566844143624	-0.027543582959854977	-0.004627408253158244	0.02362277993544246	-0.002994693052447296	-0.0028027085977809507	-0.00676643375599395	0.005128832221575907	-0.0483738242046621	0.006686624390560003	0.0001661357060586538	0.018483808778470345	0.005903100493779095	-0.022088785375870213	-0.007227346817868699	-0.0038644315995618045	0.027329288451689967	0.022392648941651286	0.0005115143270956676	-0.00899293350517931	0.025364758700712326	-0.005135576675161272	0.005047642532359009	-0.01593262581544158	0.006772046942467202	-0.024644674868563525	-0.044815974631227114	-0.018322695752378458	0.020925247768416855	0.031121774775410487	0.014978160054640756	0.02254955811255722	0.0004164342517541421	-0.030138932524268115	0.021508261152976438	0.0015189388822731548	0.016541664966962907	0.024724772225130975
MBD3.H14CORE.0.P.B	0.03097926847819088	-0.008627698121234519	-0.018440159566307998	-0.011840377031218383	0.0011177592287519092	-0.017914374727237566	-0.014066931227251323	-0.021057899092555586	0.036409971368171874	-0.011346981710078877	0.02508904939108228	-0.006327943031585279	0.02550447005568305	0.0234069391814999	-0.024229885004209164	-0.03175176477310343	-0.021882830113268824	-0.01414760095419626	-0.01194222245856881	0.006379082025788938	0.010638439205932826	0.02774989860274836	-0.03251078662078538	0.018692976413316603	0.033503886226093724	0.020495918894664615	0.002518921796600543	-0.029470031148791757	-0.002118278982026295	-0.012011919782830172	-0.019240314633634417	-0.0023902554105185536	0.028727758000589812	-0.003591390336979727	0.021662126846300554	0.025317990404239987	-0.002139298611885554	0.00843388177980521	-0.020813161099690447	-0.01525336900143721	0.008814534179440961
MCR.H14CORE.0.S.B	-0.011988678641537048	-0.004757998436006718	-0.00247096819567396	-0.0005665050662116734	-0.004424829081007645	0.006648721861206377	-0.0035230827918070595	0.0007713735676514056	-0.010149325511588939	0.013464911271666782	-0.009061231444340448	-0.0026058242629091143	0.013530202916738114	0.01288058597122884	-0.005215366873907656	-0.0009123387556081997	0.0019143855113801372	0.013118525020687985	0.013564553512777827	-0.0008209435569324301	0.005505317053922862	-0.00958468593868108	0.004389996654313687	0.0044424042905603575	-0.00962669365667301	0.012963545280035581	-0.004137145901528985	-0.0048843774070778355	-0.005689345680260137	0.0009139324297701215	-2.6476857242392626e-05	-0.006303851971602769	0.004786783285812699	-0.006427265506195528	0.004861477972386362	-0.008977090471527657	-0.0015505562490336702	0.006845190338255591	-0.0026807453887975827	-0.0042875304159399495	0.0071604934655575825
MEF2A.H14CORE.0.P.B	0.013033203148515811	-0.004344768298587694	-0.003270691108587624	0.004324954089391662	-0.005462684469308372	-0.002339978402161203	0.011949832345981322	0.006558112958205499	0.0032842821809370773	-0.006972269872424344	0.010118671099248923	-0.004348038542429846	-0.01028167685919204	-0.00798032522845426	0.009217010999806827	0.0015350803953694397	-0.0036620368714268634	-0.006340358991050083	-0.005251719792800619	0.004807721821039919	-0.003886465859519045	0.0024723442200065525	-0.0023058283491141814	-0.005344350697868589	0.0032126544434638374	-0.011124749189419032	-0.0019192456359483356	0.00612256315933272	-0.006195531780699422	-0.006720309494985591	-0.006271741376594069	0.010375065099561445	-0.003088281815280647	0.01120470908350683	-0.005283018258169479	0.009396992015745943	-0.006759718919452755	-0.0038849566670831545	0.00019617177271882835	0.008963979294923234	-0.004529571178407639
MEF2D.H14CORE.1.M.C	-0.007018143804609845	0.0014005670901055503	-0.007851207385199026	-0.014360122929743367	0.002236776419298009	-0.0047027811868010526	-0.003514070593457248	-0.011433856786809953	-0.001811913655302727	0.014701203886283307	-0.008881571358932203	0.006790294263418147	0.011509568797909823	0.012511149977232298	-0.003924102805396699	-0.007781563395586992	-0.011305671804262528	0.015480740520142994	0.01574128215188635	-0.012120869305632557	0.011143467464100009	-0.0013935620019163934	-0.005496867875572978	0.005535244698937718	-0.0019389070310025487	0.013276605474377947	-0.014677723222384559	-0.004923898606162975	0.0014695494756417583	0.004567867514336938	-0.005808576993611012	-0.0005479162855917413	0.007972309560939113	0.001103661109127435	0.005360399182484243	-0.006908610705522664	0.005599973281341897	0.013568444702208252	-0.012658246160659727	-0.005460590428279237	0.012461430695408667
MEIS2.H14CORE.0.P.C	0.002605643477883314	-0.005526871199664112	0.0032024850299233673	0.003258048996605129	-0.0037738203049965877	0.0009187720112505725	0.003986674462809734	0.0058955240601358955	0.0022940422404632375	-0.002627930869571712	0.0014724334014456358	-0.0026272318982838777	0.00043465867582747134	0.0006483900576482972	0.006107554360422254	0.007031539184698288	0.0018528150565522402	-0.0008635190741676201	-0.0013207798732565376	0.002884205882622594	-0.008301632254057443	0.0014640533753273437	0.0011172481482913856	-0.009426432604659677	0.0010938413269959062	-0.0005161955033914775	0.007447928288669577	0.003146471832800887	-0.007110742375480089	-0.004142646059397729	0.004122844912478637	0.005200860714536644	-0.009181448745668312	0.0020133243000893287	-0.007692922100250104	0.003982961882881624	-0.0043600259482890645	-0.010239143828000445	0.0037190424061291742	0.005199461333931229	-0.00842205320751322
MSD4.H14CORE.0.SGIB.A	-0.006132765664809775	0.0002827416161887983	-0.0009155194136556723	-0.006016940653865675	-0.0025659214644376234	-0.0013840566566185094	0.002333196553644613	-0.0045096488229823236	-0.009858498700079297	0.000776592370884982	-0.005967302355424203	0.005614527772967466	-0.0034412282910453625	-0.001309508548790252	0.0010806243068047327	-0.00833031672698005	-0.00447826885914702	0.003705624057135655	0.0029328249888777337	0.0012725093351154942	0.017192066528741293	-0.00703357586827634	-0.0020419253329256974	0.00703882514534894	-0.007740022423745094	-0.0034557961230080782	-0.006937301200077094	0.0023676601026926918	0.0017582101286154476	0.0033263770024193184	-0.004096708779599263	-0.0015139223003681809	0.0061321038070813304	-0.005043144909776759	0.007221769661434592	-0.002103583744724691	0.004999115506817502	0.017071548677354872	-0.003057519767565433	0.000386695420315648	0.015856509490891416
MYB.H14CORE.0.P.B	0.002954762678301159	0.00036694993756196165	0.0002497908522327134	-0.0015189920518867462	0.0007467303812300902	0.00028955384034611226	-0.0012812239910889873	-0.0008594420646939473	0.003244794691604166	-0.0033700755820717885	0.0026907303501124452	5.119769239142653e-05	0.0002805262837130434	-0.00022033163421825998	-0.002648750049611576	-0.0042349327723281505	0.0009101637697343911	-0.0029711714979119607	-0.002426683225788976	-0.0032695068428168546	-0.0032176803011847634	0.0033766871156000328	0.0009614631934384155	0.0009974242967490626	0.003834821687133706	-9.138626708442418e-05	0.00539048523693381	-0.001847133663737435	6.251692014805615e-05	-0.0007114903140165954	0.0010379699997292032	0.0010971597792508068	0.0020724641768805827	0.0036108424931775595	0.0002922834767492932	0.002247383122590577	-0.0009079190100194705	-0.0025812452430537336	8.395632340662228e-05	-0.0022670224243863217	-0.002509714999246678
MYBB.H14CORE.1.S.B	0.0003009476076819683	-0.0006822629415442437	0.0009972764551739975	0.005759390691783875	-0.0019053137615625587	-0.008876164271672045	-0.004190697603425094	0.007694864314496722	-0.0014122296201249766	0.001799315244284028	-0.0032147029351855803	0.0024378382971278426	6.499756898655732e-05	0.0007289673205630436	-0.00457476361499524	-0.00868630075443649	-0.0023373292932822413	0.002631656019976591	0.0031740579567382347	-0.004954601955217855	0.0064026488055282296	0.0008025930899025046	-0.003942728025078675	0.005937875224131907	-0.0016133100905185351	3.651907275069137e-05	-0.0027859378910243884	-0.005472604756787113	0.00027774171242544456	-0.001437135059386683	0.004227535829409172	-0.0014185226664835211	0.005415831128652302	0.0008844540507566315	0.004865143328309567	-0.0032529483938894196	0.0005222943510259127	0.007630162802824324	-0.00010245858279366374	-0.005890523764943159	0.006035362935701246
MYCN.H14CORE.1.M.C	0.01555353322079124	-0.007984427957460719	-0.01861953312596466	0.0013638699059985758	-0.011051870156674873	-0.01821153846386181	0.013572003842372806	0.0052537960332888186	0.013653542666211877	0.014415259639288067	0.01763993663814815	-0.0060649520312190675	0.015920775838119364	0.01520461407039522	0.014655091404388174	-0.016207082739404147	-0.018151713601926224	0.011027306844127331	0.015632177122226115	-0.011082063157925752	-0.00808135485169619	0.013163012184583198	-0.0158060681737084	-0.015433955430044902	0.013836059906714916	0.01311948368547107	-0.03347593756380311	0.016231793840354163	-0.008358177579694372	-0.009539237519760971	-0.017426907913164758	0.00784339403585517	-0.01416293393468585	0.01754568759145551	-0.014114591423485989	0.019768053954825504	-0.008676546061517847	-0.008129091478305402	-0.015703163479784683	0.013105031391959435	-0.006700014760191036
MYNN.H14CORE.0.P.B	-0.0240230814682897	0.01562802670207094	0.017602599215162374	-0.008648896785619463	0.01927697756673904	0.030765898018494935	-0.006410127931423967	-0.004467153042371301	-0.027221827911478584	0.0013427559706518863	-0.018370763444231795	0.01334765350637894	-0.0016783002598322883	0.006752667229015012	-0.01305150586198702	0.004422389530178122	0.021526729817874096	0.003520999496343692	0.005250311468140291	-0.005217392943088484	0.006649161799321936	-0.03514390039291079	0.027931795397394186	-0.0050354088507026246	-0.02636948345789685	-0.003576528523450466	0.011090181612983169	-0.014234804873286915	0.0168046658863717	0.015258601392233818	0.017712105757971	-0.010062851431790294	-0.005708509729655684	-0.010006072999025725	-0.005351062578833277	-0.020771540640613748	0.013843972148406158	0.005256305539729139	0.016277162799138878	-0.007996921856518577	0.0012351321525031142
MYSM1.H14CORE.0.P.B	0.0005346744895221092	-0.007298606601564768	-0.0007880590227526858	0.003147391857867131	-0.006592952304964936	-0.0011478001966042928	0.008110903761057036	0.0028740756149468185	-0.0018675248021750787	0.0011889672896391451	-0.0011522127223859554	-0.006162047540151313	-0.0025687500832545056	-0.00046343036073889093	0.010855981148995724	0.004332373654930721	-0.0033981373434307065	0.001613722399444198	0.002028319573304467	0.0020828190243814236	0.0009803391978981807	-0.001583942570403056	0.0005350231096078947	-0.0014373785348039576	-0.002489511822655317	-0.00022429159301097165	-0.0019330709485229358	0.010022487373026998	-0.007714143793576296	-0.006362811145358886	-0.004883940595504104	0.00027152402947898017	-0.0006541041013822038	-0.00025290816017861997	-0.0005218560906733241	0.0018263660592051575	-0.006399133129774285	0.001651959093717216	-0.0025097511442804046	0.009594900472369237	0.0017603330951416474
MYT1.H14CORE.0.SG.A	-0.009700387086875387	-0.007302091932415439	0.007487865156647806	0.016733549684671153	-0.00525910895689528	0.02183325309773225	0.01640468181779674	0.024389312713745386	-0.0003063273729599844	-0.011752055792626781	-0.008852471248493986	-0.011570638251290784	-0.010265565062732403	-0.01013683758584074	0.002785232826475789	0.004092864961295142	0.013646658112001121	-0.011667883723356691	-0.009772787807702101	0.016281917299089926	-0.012544643336165548	0.0003754862547471066	0.023381019392227864	-0.009332114729191812	0.0013976683168235998	-0.0111730960467682	-0.0008201998804828747	-0.0019105639969786434	-0.007640352542501357	-0.011633261507372079	0.00969710123645063	0.00796800087572677	-0.005221668997302972	0.008029651934133504	-0.009639178129958377	-0.007726377009823045	-0.008438600948608238	-0.010088153587569579	0.017767681049398534	0.0018027161322435948	-0.010284212289667319
NACC2.H14CORE.0.PSGIB.A	-0.0037012199758439668	0.001956719887937901	0.0034697302703714447	-0.002765533480285696	-0.0011664147556083495	0.003350119783176778	0.0037320547417539138	-0.0028492743776715084	-0.0017718231684946788	-0.01075473281607997	-0.004679994096072497	0.0033193979873186183	-0.01594622945666502	-0.018313087811710007	0.011875507091412215	0.015961733291130258	0.01090948981310005	-0.012380182182054186	-0.014837474360948257	0.0008135417125628205	0.0005659624275289009	-0.0003864574135015661	0.0023199686655411625	0.0014863969902365725	-0.0005567766918748796	-0.018143686940217667	0.015840444866402313	0.01487612681711489	0.004535378616999975	0.0039441003203662455	0.002255582163851029	-0.005504021133317629	-0.0027841176214569822	-0.008587848267149008	0.0004414373109284178	-0.0011367695062634506	0.006318630118327762	0.00040377229500351136	0.0023904890454190843	0.01144611212143901	0.0021827327037056594
NANOG.H14CORE.0.P.B	-0.001034967147307022	0.0004651354679322308	0.0008187032868200779	-0.0012566778245283001	0.0008698381383550557	0.0010216946000734747	0.0002263516940513167	-0.0014742764978366034	0.0008092762083620744	-0.0008099578032444541	-0.0010857579797544925	8.201647804378085e-05	0.0003395949311802663	0.000611369442711099	-0.0004610627514416716	0.00010050684751109623	0.0013718674052311123	-0.001126663915091533	-0.001077100135836867	-0.0004850130929342517	-0.00031416853949578884	0.0006402693868966065	0.0009318520866457508	1.2000732828164112e-05	0.0005841203584752969	5.8768586615601205e-05	0.0005857259741321097	-0.0009226771406904938	0.0004769598523699934	3.13396602268437e-05	0.0010265656437837608	0.00012888341388725123	0.0005706184204913398	0.00019025907028537547	0.0002333247386454287	-0.0012704552912315235	0.00021081977823301503	-0.00047190204887528116	0.0009978941565699198	-0.0004658827733787855	-0.0005471235685016972
NANOG.H14CORE.1.P.B	0.005190797451953957	-0.001873017113057492	0.0014875997911986578	-0.004638663753827986	-0.003372209166177661	0.0015940222599526554	-0.002317054379147489	-0.005583649880257895	0.005273620974108859	-0.004494137922613082	0.004464360145086641	-0.002929653628020437	0.00561964841489764	0.0058988386006130315	-0.002734353890492301	0.006597226478780464	3.1945516894534357e-05	-0.005081027426708885	-0.004734786493590892	-0.008369038601048933	-0.009330681440255156	0.0050794435290304404	0.0026902895646182014	0.0010847774858334259	0.0071922534575980706	0.006211163575073465	0.022049518387616474	0.001704200216684138	-0.0025562274860787782	-0.002213641188735409	0.00018076074891409423	-0.00510800391627435	0.0020842851962690426	-0.0033694346224790177	0.0016402056835917635	0.007500225568659036	-0.0038277231581424834	-0.009925455034422197	-0.0012167518943181042	-0.0004634741335244807	-0.008025699106076992
NF2L2.H14CORE.1.P.B	-0.009444021615750572	0.0037868777636053536	0.011344010503702033	0.003155852308468172	0.00267595070611883	0.014412785057333531	0.002673962870970631	0.0011927072895204227	-0.009267018158781157	-0.0002693073652560857	-0.00919773196591209	0.0007772955442161798	-0.0012365217963091236	-0.0017773567255820397	-0.0018531016453266248	0.007240106318958467	0.010722198515607882	-0.001564699440532058	0.00028872362649272343	0.005353954434508371	-0.0038757359442510297	-0.009265788889578394	0.012552658278046705	-0.009735408072460143	-0.0071278071214402675	-0.0023007276301793	0.010256176037632597	-0.001046406625827322	0.002897179913054105	0.000676140132804464	0.008552835543117823	0.0013675496915005162	-0.007516800919118393	0.0011379801553456949	-0.0097882426346911	-0.008777733959606425	-0.0027961679639765084	-0.00430294322712628	0.010012278125883498	-0.0014129524937185611	-0.006535316201618263
NFIC.H14CORE.0.PSM.A	0.007060206569375796	-0.0192979949628944	-0.007251799273040538	0.006945405597444469	-0.01499090053239487	-0.005859240251414634	0.02212709459798186	0.0022588660723371623	0.012409469425569392	0.000401895828237811	0.009585587590545862	-0.0209099874931907	-0.0019159228522273239	0.00017387017206672156	0.01541912665244409	-0.01785868121873435	-0.005179860286096613	-0.0031840559811546765	-0.001004540540312182	0.02328992465453324	-0.0012054391244335078	0.012736951544277147	-0.011161473312058703	-0.009791419403832526	0.00910999649489262	-0.005184865566553135	-0.022203014724494458	0.01640743856650268	-0.01972607145688688	-0.017904109993834	-0.0056809905332152535	0.028481640791794046	-0.008014176985527949	0.02830783093205258	-0.005657076188597704	0.008932001843525827	-0.02848901318307972	-0.0020945161596357814	-0.004488065827444862	0.01744851636159591	-0.0037836577202961658
NFIC.H14CORE.1.PSM.A	0.040204540167531194	-0.005616545600009362	-0.03735153678133006	-0.02273086886182482	-0.0068162099810703605	-0.01927007971315063	0.00037862098138356434	-0.033356180282037	0.029799340395230564	0.01989097998513842	0.04434450625858198	-0.016299294246657332	0.02852752743091822	0.026734409514118117	0.013740510778017077	-0.008561263790753337	-0.0434944038093687	0.01840323434644181	0.014714851430072368	-0.0037165216238833065	-0.02593249255936031	0.028810513729014248	-0.016861129823418655	-0.004097374291901434	0.03223503610546794	0.03064211328029097	-0.012795524665139058	0.017283189017442975	-0.004423189287842598	-0.01877558116595193	-0.04032787063191473	0.010726435155416495	-0.005225397444480896	0.015751145927667718	-0.009171988186160392	0.04415705243563364	-0.02654966299866318	-0.02913031215974342	-0.024368628176062834	0.013732328514563616	-0.029690700644593393
NFKB1.H14CORE.0.PS.A	-0.008876171300512221	0.005206024508338981	0.002559566487557924	-0.001992664960151422	0.004278882451268277	0.009449197069604634	-0.006166662711072426	-0.005111089169051846	-0.0071439810213225485	-0.003954810901212524	-0.008685818960738289	0.0034919035659841356	-0.0061061609228200454	-0.005579495801057745	-0.0019428638993320274	0.003326605027413304	0.003069732520506522	-0.003614413515754769	-0.004205558638945034	0.010567327084147492	0.009330999801941742	-0.007708760506735232	0.0035074204399026462	0.0068310499171978095	-0.007923279887554624	-0.006666115249761895	-0.0004138870581665427	-0.0033823464508909995	0.005118781037365004	0.005846386997305799	0.00211709779674895	-0.004051271616256668	0.006868628428862541	-0.007664392641202078	0.007186906642450405	-0.008143474418119752	0.0037637124884805327	0.009053751591352924	0.008026486888395148	-0.0036203169896226618	0.008897385678088468
NFYC.H14CORE.0.P.B	-0.021424617827739315	-0.0016218509423513768	0.011951470856416693	0.0049455732519255394	-0.0054748600612190175	-0.004535016331282829	0.0034774340235465342	0.006405102126432501	-0.018683912781298287	0.006924217895729279	-0.020748078622973867	-0.005630078325047494	-0.006380374760531808	-0.004575012666636354	0.004768560066893525	-0.013375972345810352	0.012327258559945454	0.005624636829097716	0.005863416319241518	-0.012608723309850795	0.01933405603932998	-0.017854718456047046	0.003653836659070389	0.007335319487065034	-0.020055445302519122	-0.006144697681458674	0.004952456550665611	0.011233269108660055	-0.0012514620792262818	-0.008783966883578838	0.021105675033035405	0.0013035876379594083	0.006684311962281602	0.007948541794412392	0.00656136832660378	-0.02431187858613932	-0.008406878263103481	0.02299203681019074	0.0026338210824143338	0.006247263354969424	0.02115703879517105
NKX23.H14CORE.0.SM.B	0.0010395825705541532	-0.003250375420757744	-0.0013610095051062839	0.002621048422083081	-0.003070204901203102	-0.003897432768965412	0.004575094137925267	0.002978641517465317	0.0008032695124839369	0.0025841929940267194	0.00024475406065455627	-0.0006572022605758569	-0.0010198660335880977	0.00016641593620861806	0.002559324046631366	-0.0001278220908446405	-0.004209416292758231	0.00235583686405157	0.0027167646770681446	0.0019585870091854748	-0.0005011802611798889	0.001689430552998433	-0.0030540388364242088	-0.0011690643470377124	0.001666032015819603	-0.0006184519502291312	-0.006427658725010589	0.002521200326755196	-0.0034613404096866347	-0.0016244927237559948	-0.0003590403877379751	0.0018485027915045393	-0.0018341129386069258	0.0024143453610326617	-0.0010601771984573732	0.0006588019854354699	-0.0024598781039349275	-0.00025970549226982456	-0.0010379135199944265	0.002927243837616817	8.255424654825608e-06
NKX61.H14CORE.0.PS.A	0.009780625385674063	0.01695164657933882	-0.008729796416966498	0.0002643619747815431	0.014374143207004603	-0.0038669859892258747	-0.009755336471730637	0.00015390403680017213	0.019797948026702573	-0.008542966482611193	0.010005992868913606	0.008877489291750203	0.001886073580830521	0.002337566314432859	-0.010182316497741498	-0.009104652426670065	-0.004157445362548555	-0.009096357414226888	-0.007603318120361538	-0.005641824304212603	-0.00832081130457496	0.017584833084981804	-0.0008266160186358971	-0.0055646846162787245	0.018798596311550033	0.00023042550770457915	0.004865735201016352	-0.014345511760585267	0.015931468212110205	0.008258839471108654	-0.009326408620302613	-0.005962085814286771	-0.004894932741653774	-0.006667174677826143	-0.005255120512794285	0.010982108392060111	0.008304625955249917	-0.007070614714310884	-0.0043479147452556675	-0.010701619091113019	-0.0075302556838657275
NKX61.H14CORE.1.P.B	0.029466102776240614	-0.008629451077799177	-0.001638890581199537	0.00032837342770874155	-0.010213016896952495	0.00206973221972475	-0.0062316635196566885	0.005269659643206335	0.033130496964233515	-0.019371241800358867	0.031746055094527825	-0.0016976805739736724	0.0009109235011804228	0.0006490799430140057	0.008439550932443614	0.009315642007938836	0.002202368606697447	-0.02231296315146123	-0.019461338170515284	0.003488891172448121	-0.04059364391194596	0.032261529319899215	-0.0024565704780553574	-0.013133920238336615	0.03024431656928278	0.0031506622894358193	0.044997242812550346	0.0070695820729748966	-0.005857363307486797	-0.006485284404960576	-0.0039937863048698004	-0.010497948601311546	-0.01662671471781138	-0.013519710872215669	-0.010687186751082926	0.03632146378143065	-0.0009427276274268674	-0.04050216613247852	0.0011247376647670233	0.005743980774233154	-0.04465913058063682
NPAS4.H14CORE.0.P.B	-2.767838433368222e-09	-3.6081771397122234e-09	1.2511262379233935e-09	1.4532943218121251e-09	-2.612559152507528e-09	9.86298287318038e-10	3.4901010466841904e-10	2.21876764694211e-09	-2.510087143172884e-09	1.038047688865437e-09	-3.16131545358093e-09	-1.6084082582544247e-09	-1.071660813792335e-09	-1.5185947310966084e-09	2.217273963907006e-09	2.1037240958043992e-09	3.665754423973172e-10	3.519695570573179e-10	2.1334087544431415e-11	4.339920849047192e-10	1.5625830732872716e-09	-1.7511488965399157e-09	7.149229106467694e-10	7.686325804330001e-10	-1.4309077077399564e-09	-5.202552603564706e-10	-9.025835560162553e-10	2.1842092856672658e-09	-4.480477444792178e-09	-1.1482103323818425e-09	7.547633359724419e-10	2.1864890841552897e-09	8.850539382288807e-10	2.820182044068609e-09	7.61470868314001e-10	-2.3313871367627888e-09	-1.876166210840676e-09	1.9381913141435e-09	1.736918591522349e-09	1.3642930750602159e-09	1.9458494043706946e-09
NR1D1.H14CORE.1.SM.B	-0.011130882884607243	0.011523784949496551	0.0073304124440256024	0.0001800221674514678	0.010031497309629107	0.0004800789193214264	0.0138954301595264	0.002999980426763995	-0.0011588481936924827	-0.003549434952875241	-0.00872446902378982	0.011342492779324066	-0.024233372421231393	-0.023664380220533614	0.012427997066116954	-0.003400172780881061	0.003762426862461879	-0.005525770430413579	-0.004646891717909191	0.0015299932363990153	0.0029554162639792297	0.0012763479578361686	0.0003559173141875621	-0.015666436948945234	-0.0007198570507834234	-0.02367318884155232	-0.01435820268641616	0.017161224805303816	0.012086084467351621	0.009519429789613666	0.006342385949438797	0.011140372557542551	-0.013968362639852155	0.008323037856458316	-0.014475935652173574	-0.007150291385742399	0.005613183440811215	0.002798685061964623	-0.0005900152911311185	0.011497321010239758	0.004772666944125092
NR2C1.H14CORE.0.S.C	-0.004775570300261267	-0.005109736280319732	0.0034734388429919216	-0.00216742286360692	-0.006350304498401255	-0.0016928717290575213	-0.006437612166808595	-0.005388959218221681	-0.01132655191393013	0.0075386016751321505	-0.004984453948311842	-0.0025747343246487232	0.00185462658254067	-0.0007934331895169712	0.004227261882839339	0.017295831170386897	0.0005964412314408314	0.005991669602619605	0.003096788802197631	-0.0033998534633032885	0.005794787880244415	-0.010597263919825996	-0.0013038603445053379	0.0070750422111594755	-0.01178222272022488	0.0025499913449340966	0.007691489207777555	0.006495087234082106	-0.005700384751858573	0.0007222898343560557	0.00263902706566492	-0.001959377543567269	0.0022561700459309865	0.0007885005003163037	0.005551610396884003	-0.008610526389017433	-1.450513869939371e-05	0.0034256075732940414	0.002184283503917396	0.0027929404198591802	0.004618343098389335
NR2E1.H14CORE.0.SM.B	0.007278932710320023	-0.0001439374035761042	0.007332084438239789	0.0032313212094976264	-0.0009607785374736899	0.005637989535256938	0.0012672193578293777	0.0026636615253428845	0.004058853427893441	-0.014487486768055948	0.005595900535391217	-0.0016876095740046624	-0.006953916967330227	-0.00791371563919617	0.002308493379461326	0.005456169443072721	0.00470194170640959	-0.013986486175704964	-0.013059574755598616	0.0028255797734721643	-0.00797544137206227	0.003959821850354785	0.008347162170521935	-0.0027838446208388943	0.0018727844326947912	-0.007631076003828556	0.013283493999932887	-0.0013701181347947219	-0.00010439934420782037	-0.002131938041041304	0.008475314706448741	0.0023649399749795727	-0.0017799483681742597	0.006772943491840848	-0.004276877115725402	0.0003727183869919881	-0.0033597717245493893	-0.0062547435928469305	0.004194512854542441	0.0010653701006638615	-0.00997919601644638
NR6A1.H14CORE.2.SM.B	-0.002409833884119972	0.0017736351520522614	0.010329507882443467	0.0016490423326347113	0.0027835019782544625	0.00970202978542615	-0.003861084681607686	1.5279831192390944e-05	-8.47794387793463e-05	-0.004534894392929652	-0.00028702434006657417	0.00028713834889151565	0.00350415031071534	0.004928545817954027	-0.005646763715452536	0.005266068897654408	0.01101396265115698	-0.006583930184443448	-0.005745722370841901	0.005139113856381081	-0.010813108800415451	-0.0005460506184763181	0.010668211781341176	-0.008248703499342883	-0.0015970152502361567	0.00042714999385346994	0.018685271344486512	-0.008074236896427715	0.00042637542910089164	0.0015057429480288802	0.006061862650364878	-0.0004546220269080933	-0.004824998382693506	0.0016931126517514823	-0.007440206920556313	-0.0009896560311397906	-0.002419444663519718	-0.010425240929171152	0.011169496254618425	-0.008468748352035638	-0.0111839197525299
NRF1.H14CORE.0.PS.A	-0.018513735504086262	0.003380893172001947	0.007568996757612774	0.001409064301179533	0.004879411451775671	-0.019033305740770126	0.019493729702423048	0.005765044901872194	-0.015772997477346423	0.010800568741813454	-0.0188212605050708	0.013199984884402199	-0.025934822730937494	-0.025750004400373862	0.018531322093080446	-0.005777683869938446	0.005657971609771778	0.011980056216894828	0.009845745595963972	-0.0327050105837866	0.027679926148550714	-0.0176356899544862	-0.004693889009272645	-0.006375642328394349	-0.020603470572225148	-0.02039624114817653	-0.010458675805056626	0.02708427018041343	0.010984688671920293	0.005981567341927211	0.004791757061178752	0.013787213338514825	-0.012418577047276776	0.01689065498051118	-0.014231747297047005	-0.036457627621715914	0.01443574156137301	0.033447934091989484	-0.005991344787971914	0.01699802444688022	0.02477393812497118
OLIG1.H14CORE.0.S.B	0.0019085991809898034	-0.0030439472611738603	-0.0015282728937161608	0.0008293799300074043	-0.001829990585958943	0.001911327841598743	0.004823874114065978	0.003008874629248119	0.002903000023040246	-0.005437636632528539	0.0024266649764861604	-0.0037296980726480335	-0.005913682260373117	-0.003336601993692642	0.0011112194975392224	-0.0004565160362312026	0.0003493941707086584	-0.004512053815375262	-0.004632599639662539	0.0014851165783445162	-0.0002486165420931413	0.002124399391020687	0.003442386439740479	-0.0006046786402712327	0.0028893952887744517	-0.005367529985487668	0.0018538606813722908	0.001288919118838265	-0.0036280974336279316	-0.004903581545570756	-0.002875749635602963	0.007364198196554924	-4.153483730798269e-06	0.009324141247502575	0.00031094354804026003	0.0014554912909635828	-0.003965893917382401	0.000360037363312804	-0.0005980167992475083	0.0017074458073857842	-0.000578922307959806
PAX7.H14CORE.0.P.B	0.0014853339874668497	-0.011840588196133308	0.009181491074735485	0.0065399666357946725	-0.013665500139983923	0.0027817891590232718	0.007740275716689782	0.006657857310497361	-0.005205614845400868	-0.015264193509553582	0.0013826732572532578	-0.010650535468134716	-0.013580599984349349	-0.016229379890198653	0.008126027695888743	0.013594417950103965	0.00870318472844337	-0.013612379354085796	-0.014451840949347903	0.005625092253790865	-0.0025832134042671068	-0.004874821108723712	0.006710888292376357	0.005286276100206107	-0.006463552011657971	-0.013589532227226591	0.019041779312895968	0.009541031579777138	-0.016075307694194955	-0.0114251460248865	0.011183616913733225	0.014721746166107438	0.0020118711454664012	0.015130133057949368	0.003272457703514888	0.0020553573565687665	-0.01516467839375547	-0.0020257929425993235	0.011367940869952659	0.008465632932879535	-0.002535527598362154
PAX7.H14CORE.2.PM.A	-0.0011028063624154176	0.00018687451813895932	8.242992980936337e-05	-0.0007866764980993812	0.00020676188163439707	0.0012170301435387098	0.00016379276291609234	-0.00040809055266873625	-0.00030920121090759894	-0.00029050218619171113	-0.0010966048778351866	7.556252952771003e-05	0.00020770856675068872	0.0004492320700864752	-0.0005578799132390127	-0.0006897011788063994	0.00025306540125006336	-0.00028486019174991765	5.5487812150013804e-05	-0.00011744857563439673	0.0011481879651504589	-0.0006609071902147472	0.000797884227034279	0.0006703344476905767	-0.000595683310987076	-0.00012417099895770198	-0.0006614257543756472	-0.0008731138032415437	1.106106638849348e-05	-0.0002238163808446253	0.000417444078230854	0.0002295699789559495	0.0009617223029441636	0.00045275033684607135	0.0007580490566073787	-0.00072335614877131	-4.336728341701175e-05	0.0007357101006182356	0.0004857068139286838	-0.0004206167957617084	0.000934638448907372
PAX8.H14CORE.0.PSM.A	0.00033052389759864655	0.0001353191447975399	-0.0005178918593079446	0.0004082391775243765	4.853205078976671e-05	-6.500317932154514e-05	0.0006951907430788359	0.0006742076389696218	0.0007438815551283032	-0.00017468271107380726	0.0006027957784571313	-0.0002313112392123549	-0.0005895859578660388	-0.0005566771692230984	0.0006991769161697314	-0.0016058325696646607	-0.00011828793375307954	-0.0005284555791795721	-0.0004993659486779729	0.000238540523362232	0.00028784589818965124	0.000606159961433617	-0.0003889709551114749	-0.0003977841277625761	0.0007063668965400416	-0.0007131136503789567	-0.0014057427682066803	0.0004266021750233041	9.737785844220897e-05	-0.00029554079619213735	-0.0008194959527958769	0.0008481328897422871	-0.00022042296954670514	0.0009146817545285576	-0.0004921564312678436	0.0005493378447494375	-0.0005461012730754986	0.00019037721615225173	-0.0005341677543457112	0.00045151779137308666	0.00022854265751374482
PF21A.H14CORE.0.B.B	0.023230082986362692	0.010586005946877123	-0.007329287562308946	-0.023473641546362608	0.006651144250181493	-0.013279431516038127	-0.0037884835672437707	-0.022178671147367823	0.02087877731410375	-0.017478939436786196	0.022846213150064153	0.005220912183195476	-0.00450100047031814	-0.00434852247204766	0.0035813874941651403	-0.0022002986213464013	-0.0013419751244933067	-0.015630714381756713	-0.017775916672210616	-0.018313145978323123	-0.01666184921347135	0.01935678174352721	-0.011049436427718657	0.004932473569662433	0.023618388492270145	-0.0005368468409345849	0.01841992799804708	-0.002551741373634141	0.007905409300786486	0.008819802838453334	0.004985964748190888	-0.004980714484131009	0.0034801788460241947	0.00242190794825925	0.004168102322767919	0.030721931049161037	0.0075666025423292305	-0.018541592022950134	-0.010442567375588088	0.0019443428181764636	-0.0157483169138442
PIT1.H14CORE.0.SM.B	-0.002978653074924606	-0.008830226998300515	-0.009841107684538976	0.0052520928709183946	-0.009317503413563431	-0.007846628310448932	0.00475023453285129	0.005730247098929598	0.0026407080767541363	0.00028847712104831946	-0.0008961053745211479	-0.007001243764962972	-0.0005445533784607035	9.268659044905925e-05	0.0012743705307635294	-0.015287023756452744	-0.008214433998438707	0.00010269224603351446	0.0005153779374631046	0.006121626748839256	0.016722584038414798	0.0028135723096860757	-0.00796423386988191	0.014003247345249804	0.0050130435188509865	-0.0011908799799717137	-0.015501194798196269	-0.002560558091935979	-0.006885344751771435	-0.006216393902720049	-0.00961453753142135	0.001023544575017547	0.012551684621463478	0.0012542427646887663	0.01401958650242504	0.002162360438819254	-0.006091031517560894	0.018008208554950167	-0.007393718652946787	0.0005035739144966609	0.016168386357090003
PITX2.H14CORE.0.SM.B	0.0035836148227062457	-0.00042162610415870275	-0.0031416155529454155	-0.0016301503449343497	0.00036867497897187735	-0.004532039276828754	0.0026362714084833625	-0.0013274354751874567	0.00358322600738766	0.0018821196721421594	0.0022194845728323205	0.001982496729741991	-0.0010173655935561505	-0.0014852244627705314	0.004339804646282091	0.00840571648792484	-0.004711635400097533	0.0012329738493589565	0.001138966977579859	-0.0026270511002410056	-0.002873228984793922	0.004790251663431364	-0.004139908136440138	-0.004862361630923218	0.003879702143763422	-0.0005342542468677368	0.002695836001353688	0.004346875779316082	-0.0004497834962125149	0.001339547153976941	-0.004800933592461308	0.0007081959948117851	-0.004716311251028527	-1.830992551066419e-05	-0.004717596495040468	0.0020173932130287276	0.0027139718386010045	-0.0042658885645543605	-0.00469610552980243	0.0033287319322871933	-0.0025300201702115194
PO2F2.H14CORE.0.PSM.A	0.0020767997930024873	-0.0020330088657425256	0.0010701560747326325	-0.000977877268672362	-0.0013509086475261643	-0.0020633306594886013	0.0027891208987306532	-0.0012818273699065422	0.007696363689390626	-0.015720461686530886	0.00419450978816825	-0.006176436829731315	-0.010143740960493532	-0.008678597718397884	0.007095912895160419	-0.00801063150060985	0.004267347985582972	-0.01635765203804142	-0.015713167461392518	-0.002335558931383009	0.004964128335410385	0.004368998107291737	0.0008022655129026404	0.010579487053440566	0.0059097137629618044	-0.011524189156803425	0.002453625166155632	0.004959671043710396	-0.005118025347269662	-0.004841354268026831	-0.0007701032792596062	0.00251414761195235	0.010362580779598866	0.0033253468968525964	0.011257426226062529	0.0048071923565874905	-0.0032369155603984533	0.005860804086533118	0.00029673178686307616	0.005349000095184983	0.005169635270071762
PO3F2.H14CORE.2.SM.B	-0.0020234431905663056	0.00032226912697226433	0.0019096339896622974	0.0008711445099327132	-0.0021371818105055448	0.005309989462439725	0.0032771302661448454	0.0014928552452448222	0.00031254802913121757	-0.009255358867221786	-0.0015695246146319739	-5.040401257323107e-05	-0.005612281346894184	-0.006047823009627572	0.0010164981028903015	-0.0002804626611148664	0.0033914947864189526	-0.00811341159439135	-0.0076885945407717884	0.0017493116285682078	0.00233973981344502	0.0002536621692505493	0.004535723425252339	-0.0014391600180884076	0.0015421256633668858	-0.007831584584995081	0.002238166974433131	0.0013929860513538245	-0.0007433247234491678	-0.002058861556625614	0.0009395245364416036	0.007178627733065029	-0.00019068942008113043	0.005139226358098505	-0.00010212810664671917	-0.00030051142768428366	-0.0017297655800167198	0.002171140195906557	0.0036336553218720494	0.0022098373278191296	0.0013052576296559565
PO4F1.H14CORE.1.SM.B	-0.0053504684206694825	-0.007968010952247468	0.010069543439630346	0.00996562310147551	-0.00917975967810242	0.00716156016018364	0.015119441382105539	0.015488944960708463	-0.0028095806093723225	-0.014684218768523466	-0.003024230052481024	-0.006175700848583196	-0.015514490254509634	-0.013218556857874906	0.012295737941096365	-0.016357897704585872	0.01403731669481658	-0.011151148649080539	-0.009389327793219548	0.005968220906000661	0.000978332192019954	-0.0036021892926252352	0.0066930305989809855	-0.010088073495160717	-0.005602525517533062	-0.01789870492879414	0.0012912441077173181	0.009019458376598788	-0.005539898404876244	-0.009725137384542993	0.01623967406816406	0.015323881316961267	-0.006489779959499283	0.013071045730211287	-0.009434586229793287	0.0015768809248330948	-0.0061743070498839585	0.003456574520894873	0.006406610230043901	0.013597411275821421	0.0003325095574880227
POGK.H14CORE.0.SI.A	-0.0007799760528728467	0.0022598075067782586	-0.004469268684155538	-0.003111238157504712	0.002519415371830374	-0.002394378534439485	0.00023300588019207168	-0.0021177684422277222	-0.0004032710827087671	0.003943700135030818	1.9712211078334353e-05	0.0028151619605518144	0.00248742239478032	0.002070996801854813	-0.0019208469889658627	-0.00730349060451306	-0.002563537292217411	0.00400339139140668	0.004099543296867552	-0.004765153576988603	0.0037069331177455207	0.0006793501778225505	-0.0029459011517498426	0.0009355661541085268	-0.0006932029120344865	0.003351850225805607	-0.00651117533521435	-0.001578893147296824	0.0027334487066593724	0.0022556580966073127	-0.0030389652752740998	0.0007207213627865469	0.00041898038524862576	0.0010794353711974227	0.0014596728871959595	0.0013069433147788814	0.00015088963996606752	0.004148006993583937	-0.003380181811340848	-0.0018321350870433148	0.0039040389257375026
PRD10.H14CORE.0.PSGI.A	0.001336562381024406	-0.011326493177442528	-0.006109133505642933	0.012519795722842373	-0.01545803317726232	0.0031855715928685996	0.016009397927781055	0.014801900287911549	-0.0025481533620818272	-0.009003834058682277	0.00390712678482848	-0.012521801791530358	-0.017064394361007866	-0.016477436982966755	0.016006831134973094	-0.0020172549111419774	-0.00029343289025918554	-0.011375399985310002	-0.012140092257245834	-0.0012311374918480547	0.010573815514080258	0.0003302044190444109	2.63528234033944e-06	0.0029282375586535715	-0.0021770586306618135	-0.017107794556475778	-0.012075484980098514	0.014924604967410876	-0.010760815942620062	-0.012322896479171586	-0.0017091372366198308	0.021032389755679195	-0.0008913270198578176	0.021723409623031337	-0.00012078474792947408	0.0037846362049604454	-0.010334092377909578	0.009369633357228936	-0.00766885363138721	0.01544566166471724	0.009746206594619139
PRD14.H14CORE.0.P.B	0.000929234463185092	-0.001790037231636954	-0.0042004366705435114	0.0009558301330159658	-0.0017674984632562295	-0.00356977444153498	0.0027700717537237378	-0.00043395122630585786	0.0010584705487342236	0.0037359996064109634	0.0003855790004585946	0.001459784233909885	-0.0007734100328216399	0.00011859276192366722	0.0023034402773447187	-0.0029882134969511503	-0.005074300110982392	0.0037059449115742008	0.0032608980454960114	0.0016685453649483888	0.0025203315912355716	0.0016557748773545974	-0.0021619450738387183	-0.0016371353339718082	0.00105672408256648	-0.0009593959916818339	-0.010217589754740401	0.0023739427009602685	-0.0013452672419572184	0.0016071781627258735	-0.005352761347015879	0.002642075144650463	-0.0016792664092711435	0.004284061289676533	-0.0016020829279829625	0.0008347096320189262	0.0006249873430232977	0.0028847119496582425	-0.004065882375079356	0.0018312317349921644	0.0025175918197661643
PRD15.H14CORE.0.P.B	-3.830507032726374e-05	-0.001025021032379148	-0.004361474723415543	6.626566760992072e-05	-0.000658272304361193	-0.001940271660312201	-0.001880792344082892	0.0008023326832790967	0.0010421525283560319	0.0021935557694245066	-0.0004399166357716669	-0.0021084595042254774	0.0027614704250891343	0.003076011437880692	-0.0021925261016837276	-0.005235096455547816	-0.0038146036855531557	0.0021642296233897046	0.0021684310120151165	-0.0005540126577908413	0.0033990992232615126	0.0021162453532136832	-0.0012650111944745093	0.0036018623518702247	0.0013159964843197439	0.0038249395155924883	-0.0060148971183370675	-0.002559834949710462	-0.0007272702650927927	-0.0019559568762629286	-0.0038175449827057284	0.0006645325300452471	0.0044566745188244754	0.00021273770992202476	0.0042821811643383376	0.0005389475596836273	-0.0002638186798932605	0.004392519388251696	-0.003710672549752589	-0.002484967694217577	0.004592496169311885
PRDM1.H14CORE.0.S.B	-0.00039794708345547783	-0.0006477804801928961	0.0007450191112543278	0.0007663431319961682	-0.0005664608795854387	0.0009231092891842738	0.00032274039927004787	0.0006203707165712865	7.228548959972063e-06	-0.00036396059480261805	-0.0005175460959583962	-0.0006380715802199744	4.230796028795533e-05	0.00034793289142842165	-0.00010233258321474078	0.0001734372005026438	0.0006919801520199001	3.949045870971636e-05	-0.00013168611178060972	0.0009265583430463287	-0.0004832824409444416	-0.00023132795641108068	0.0006357520815092515	-0.0004906372007104749	0.00018245040714696037	-9.747297880326498e-05	0.0007985635273164502	-0.00036599454907731624	-0.0004319259165035654	-0.0007101119013275973	0.0008697909828117955	0.00027258581402751704	-0.0002935080783869256	0.00048109281851899246	-0.0005176313032569191	-0.0007204763396385155	-0.0007245758556611599	-0.0006012433793175659	0.0005110908342023453	-2.1199366300083864e-06	-0.0005511146674424463
PRDM6.H14CORE.0.P.B	0.0020770547787798826	-0.0036667704820819522	0.01241359771145363	0.012155884187763222	-0.0034087064303816236	0.02239330320717385	0.014209606470731495	0.011370384575792588	0.006569391706631213	-0.03619086132421094	-0.004764444708606732	-0.009744818248525564	-0.02660478349936843	-0.022499942522762655	0.011953784919155722	0.012701034796341326	0.014907330259429728	-0.032605366471112535	-0.035535661596853986	0.015079429362456365	-0.010057669476424239	0.005464550524784076	0.01997309689964323	-0.0021521931992801585	0.009450490386147235	-0.025162452266262344	0.020577479749989802	0.012591993170011601	-0.00600118664334469	-0.010175221453140842	0.01217223183910441	-0.00039981905919734986	0.0027021686969793957	0.00026782926932111036	-0.002803233129126531	-0.004561347611236319	-0.008048594250126329	-0.008170795179045093	0.017893491844992712	0.01144355050385571	-0.0066861719773422534
PRDM9.H14CORE.0.P.B	-0.0011542088664172334	-0.003090039843564176	0.0009618411663976055	0.0033051690329491566	-0.004815072309621153	0.005891151085995571	0.003627676718876439	0.0038086435307487223	0.0022859223436604206	-0.002256619318380497	0.00025314655406427687	-0.007072926816465701	-0.0008664942758927919	0.0006927357107539642	0.0007441577721341246	0.0007936757223286767	0.0010714765055482942	-0.0016737973062495894	-0.0029231656332834484	0.003572350217027391	-0.004512525341910562	0.0023073532713358824	0.003916836357783088	-0.004551896705622952	0.0010167808905747052	0.0011122102113215963	0.0013175172121866197	0.002902929062113196	-0.003755248028631611	-0.006499013334121055	0.0008420515217942987	0.006975708588008226	-0.004792899297808803	0.00973668549796362	-0.004172786234257698	0.0003626544136736687	-0.005341057424853815	-0.003395973673428747	0.00022953185028767517	0.0012534526702590578	-0.002471296657812823
PROX1.H14CORE.0.SM.B	-0.0018434989591807963	0.002251391927851328	0.0005705954862398536	-0.0005917405723182647	0.0025468249484723576	0.002596936716651797	-3.860578037659184e-05	-9.804064641342146e-05	-0.0012693705710953105	0.0017026788262693021	-0.002620433230502259	0.002692646290446448	0.0003130512372332842	0.0004301323612660216	-0.00022247910383475905	0.0021486228195559537	0.0007722279003239626	0.0018367004005847747	0.0020774488175586015	-7.35607940224864e-05	-0.0022206017820355626	-0.0004017346299694264	0.0024663773288497357	-0.002826360266421091	-0.001302387487196233	0.0008983336797867396	-0.0007038856949010096	6.466247279694379e-05	0.0016564896149525708	0.0032174597683259656	0.0007287683326521898	-0.0023057953439314955	-0.0030057604843635732	-0.0028116467787373902	-0.003102572149072105	-0.001825608133754075	0.0024726281608302017	-0.0019374286930335565	0.0013292768216288421	-0.0005035334249938063	-0.0017697204581698803
PURB.H14CORE.0.B.B	0.0010676218005223233	-0.0005765138545661369	-0.0009732616869863545	-0.0015111190278482968	-0.0008855804090791091	-0.0019342505376078655	-0.001705015371343474	-0.0018963919990469915	0.0002739931791890752	-7.393906423764154e-05	0.0009999092714508594	0.0009187334574331683	-0.00023573907812675984	-0.0004934719602235028	0.0006466282528943725	0.0028067219868462973	-0.0004988891537223107	-0.00038334858099738425	-0.0003121963892653533	-0.0016495815649543925	0.0003961205913969937	0.0009795386847883582	-0.0016964496809436808	0.0019046911861787703	-0.00016389937332561902	8.872276189082068e-05	0.0022580589516202725	0.0018906507585984018	-0.0009938425622472622	0.0010303876299164196	-0.0010174013411581688	-0.0008977956926394517	0.00028211591425210576	-0.0005209605958484938	0.002052030157316355	0.0013668800278996245	0.0007743042167317584	-0.0006398678472679751	-0.0006407069944908434	0.00035609488940973526	-6.653133676284839e-05
RARA.H14CORE.1.P.B	-0.004791803667391556	-0.00982532224030876	-0.005302406806624839	0.004872285855338256	-0.007967528009954858	-0.000899617102687017	0.0010770272692770134	0.0015413518711470588	-0.005341589492689251	0.009468751749365623	-0.003366374050819739	-0.007630268284032411	-0.0007757510786299271	-0.0012459531960251659	0.004059302983996876	0.002100909908116788	-0.006463135181924533	0.008890952735511673	0.008102475608869467	0.014582137562859058	0.006735881890850823	-0.0026133932425943807	-0.0036434965882459758	0.005633505305903841	-0.004118084261662346	0.0013433873017349683	-0.009460959495235774	0.005511095104570525	-0.010797160679487149	-0.00412478875112713	-0.004606077303815251	0.002150575555696321	0.0005782113135626848	0.003242210606525053	0.0049383775069816865	-0.003077501842019964	-0.005786095772427769	0.004618636959078146	-0.0019953702117010835	0.00482033681286568	0.0062320046993507155
RARG.H14CORE.0.P.B	-0.0009238575837662716	0.005588910493816785	0.006796421869472165	-0.009423391329777583	0.0020225793754903906	0.0021461699914255283	0.00046004720745675305	-0.015861912025051404	-0.005031915516855993	0.013567284863404153	0.0003843528163778654	0.002569324926137026	0.008216016495631109	0.00496331772037081	-0.0011047928176633093	0.00034688674939725717	0.005037603959164357	0.011025120051807849	0.010840358603162986	-0.0007500876260460136	-0.014606555740345264	-0.0031086245685372285	-0.0016568649224578264	-0.008736848187378916	-0.00495808983696645	0.007158368299358321	0.007554128650696615	0.0016719140320544251	0.005530340130731493	0.0052761109016734725	0.006501337587057517	0.0009871569928915505	-0.010523393568313912	-0.0019215696136382597	-0.008820198324925813	0.004571443470228198	0.00605414723897597	-0.013732046375555584	0.0013246913304055252	-0.003416004802243854	-0.012157363255905398
RBAK.H14CORE.0.P.C	-0.0028032510176746253	-0.0008647713069519832	0.0023607781421974908	-0.002609148949508849	1.2694537249301197e-05	0.0022950855425235613	-7.459722762481356e-05	-0.0027493928827333103	-0.0018583623139375883	-0.0003398999178394167	-0.0024704615009165896	0.001184272073909338	0.0002127511507404225	-0.00012330780528428762	9.228652093826314e-05	0.0032679657182211816	0.003111377663922431	-0.00026528978077962687	-0.00044696754766864605	-0.0009327462439635069	-0.0012228898505123459	-0.0017092845669264105	0.0023370422130789825	9.40903320256932e-06	-0.00141304280958893	0.0002655755199939096	0.0030621164539566433	2.753245411623185e-06	-0.0011238384946753283	0.0020256551436981245	0.002922680106589296	0.00048261728363615543	-1.3407637968644928e-05	-0.0004867299220681631	-0.000384615426573651	-0.0020481800573990197	0.0008465124454430026	-0.0016296947174360733	0.0029248873740406363	0.00022117036803827772	-0.0006467218312543876
REL.H14CORE.0.P.B	-0.0024431397715658117	-0.0005224657250577549	0.0021328457702113057	0.00027941769135625665	0.0011908326400805105	0.004148298845955812	-0.004336362807756393	-0.0034374771071899657	-0.004992448232683383	0.0035387046218475007	-0.002207599997060235	-0.0009817166654946322	0.004698820094745485	0.004698764348476896	-0.0032221702888943606	0.007794113085931739	0.00047601943666188487	0.002198428230372404	0.00240968595487151	0.007999831241335697	-0.002501803919029988	-0.00524723544911123	0.002906829453711089	-0.002503735877610616	-0.0036514613537550773	0.003880504475088144	0.007843412957005406	-0.0038399711935460695	-0.0018279523631068249	-0.000612817162494745	0.004170066664853422	-0.003705865843189813	-0.0001570580475936563	-0.003282029016534723	-0.0015600418279039137	-0.0027207246617324474	0.000359566540969929	-0.0023751667380743774	0.005399188444864041	-0.003487148069804676	-0.003310704827634965
REST.H14CORE.0.P.B	0.03680436299013638	-0.026327701583190023	-0.03957154415511155	0.043556566712671926	-0.020842078988298283	-0.04336799564501001	0.0023335164580994376	0.03471353962321917	0.020444824220489863	0.03698763033342162	0.04046112823257481	-0.028634600731470332	0.020048064201546784	0.01972491636605786	0.00010189571521141859	-0.07415097964729622	-0.037436732168831685	0.03380129608380272	0.03600078252688696	0.00020968168202627896	0.008919867045730973	0.023275102534364753	-0.05855804322985109	0.008506443046342238	0.020453283651243305	0.02440650279208334	-0.07191728863954505	0.011869998992326942	-0.027663201492315343	-0.020948863757885662	-0.032550386643434806	0.009697601783288866	0.0022445875079803723	0.009585640695556183	0.006723713848516152	0.05012334854026204	-0.018555306508443815	0.00810916814790788	-0.05044967929827868	0.004888791078846981	0.012291120094908264
RFX1.H14CORE.2.S.C	-0.02677804611294614	-0.0072005628412477405	0.021193907747602568	-0.0028024400475057474	-0.010329436226796477	0.01969821568869596	0.009106357590833124	-0.0030533565011821176	-0.022110928209140603	0.004429118875532594	-0.028295067983899306	-0.0035962775124812277	-0.0010695325041445696	0.0008251780563944544	0.0067784369018086136	0.027425312910294278	0.029003083901107007	0.0035364667234796116	0.003207086117632936	0.003183920173142893	-0.00024447547896148947	-0.02271252286251016	0.02157750966923987	-0.008539639311441662	-0.022418830138694043	-0.0014158293213428676	0.026880098638748032	0.000819119054353141	-0.0060581477791352735	-0.009435916766807126	0.01881138855961224	0.008302782888181762	-0.010411274620237217	0.009439589461669196	-0.006741598694498325	-0.03458956170801564	-0.0043476106332438445	0.0005319911832390653	0.018610654377334116	0.006367105526974825	-0.002486752908857394
RFX3.H14CORE.2.S.B	0.00023274702254703905	0.00020146620927973728	-0.00014054232321034088	0.0003322509801182744	0.00013040884480913719	4.709014063677356e-05	-0.0006822672740808722	0.00029001695137073884	-7.323454742547055e-06	0.0001353336636699112	0.0002745988604702027	0.0003970095933893624	-3.17115921775594e-05	-1.254216201944814e-06	-0.0006036313468282986	-0.00033989715903397395	-0.00019564497010883877	0.00022252809640986321	0.00017188971945396574	0.00046693279894258785	1.4244742621445303e-05	-0.000114585585222861	-0.00013536854021732516	4.13230984079695e-05	-8.177145762778431e-05	7.201194970512517e-05	-0.00019685707357448498	-0.0006245169474143226	0.00020206776815013638	0.0003275600419842693	-0.00023230720297029743	-8.630565453185497e-05	-0.00011272590480258023	-7.653950057696191e-05	9.96987905501844e-05	0.00026582021676425406	0.00035933841192429877	5.742888740823543e-06	5.691306947078461e-05	-0.0005670606904960593	2.44712581002806e-05
RFX4.H14CORE.0.SM.B	-0.03246423410687091	0.003276498525401274	-0.007744551373646727	-0.015658923843688864	-0.0005168276539211231	-0.04697892074292878	-0.019593796359157367	-0.01031273410557124	0.0013280782140954461	0.020963629946504136	-0.03359740688133649	-0.005065294444644271	0.0261144010184622	0.023763250083576423	-0.018116423205026204	-0.04898150199071516	-0.015682855794590923	0.02531395394032912	0.022577511875466	-0.05439423633894418	0.07711199303444743	-0.0001287776108176708	-0.05136558455381482	0.0746202464968127	-0.0074473561638067655	0.032723000574030436	-0.006262650848962242	-0.0026070725743309008	0.003091995489181921	-0.003661523936157228	-0.004333433486891594	-0.04936453481844873	0.07188524106047725	-0.052500218735203746	0.06844766798166169	-0.03449411071492797	0.0024648880134627363	0.0787404321309379	-0.03547215778687959	-0.017408833611674404	0.07524313959812587
RXRG.H14CORE.1.SM.B	-0.010835459894792121	0.00036697916340697797	-0.0028023655838192787	0.0005105757684607994	-0.0009075677307500661	0.0021041906172151216	0.006575140896044539	0.0011386535741673576	-0.012628474390711478	0.021070407509612123	-0.008273226723280284	-0.0019773283374355174	0.004229311674358881	0.0052670139662802755	0.00918546307399966	-0.0022342985621686684	0.0018071629598219278	0.020504205857444113	0.018365346363483914	-0.003159227821918472	0.004744175881354465	-0.01291866574533481	-0.0012720837021349685	-0.011073255895377979	-0.012061780904020861	0.004575267438746547	-0.01613637879607241	0.011134247175545595	-0.0003482562682529623	0.0007011497970347835	-0.002616232678137386	0.0064830951514307416	-0.015117579298833537	0.007011798303640513	-0.0125829321929029	-0.00833685204013876	-0.0015460077234679542	0.002875400074508261	-0.005530560083837635	0.008711803532823043	0.003516592368738275
S2A4R.H14CORE.0.PSG.A	-0.00011729577261723051	0.0030126102439146287	-0.00013619248484063144	-0.0014033153278279063	0.0030607329816898132	-0.0005703108002250764	0.0007914193349244686	-0.0010423272364009045	0.0022532590533392727	-0.0025299048861815825	-5.133114925579541e-05	0.005000582601682118	4.5138888162947824e-05	-0.0015036158696413592	-0.002809629339326424	-0.00628736433848804	0.0010785144801950782	-0.0026029115147558016	-0.0023323363888239027	-0.00272379454201594	0.0026603206531931115	0.0010225952038991123	-0.0007188016917008353	-0.0006456885058358265	0.0019007025300173924	-0.001328212693925324	-0.003935011349138654	-0.0018915673424275649	0.003797308441898124	0.002792371262552276	0.0006964524868292507	0.0009882758910940315	0.0007547857072728974	0.0007456067941059658	-0.0005923356167817145	0.00035423570018809636	0.002459146647201901	0.003670300727702625	-0.0027398728011813027	-0.002678246575697879	0.0023671035154440422
SCRT1.H14CORE.0.PSM.A	-0.015978475549013688	0.003976408797508183	0.004473772522490427	-0.0005768285722861739	0.0042737839292238105	0.010458584279974727	-0.004161903930321387	-2.947899692485635e-05	-0.007225015000506381	0.0035327286691184193	-0.010449375252893914	0.0019798656841863715	0.004476434826334964	0.0046157399075559095	-0.007333149397185544	-0.004354316545728709	0.00832775961833058	0.0038859660122044157	0.005289093697755952	0.01234999292890393	0.007163354155926602	-0.010275440871405535	0.01017055495950505	0.003309283714372807	-0.00897074894809154	0.003994074876043398	-0.0061511444165826545	-0.009431155224715592	0.0019292978911918772	0.0011213452779135092	0.0018300393098385978	-0.005580507254297577	0.002697566406353113	-0.006188058134828043	0.003960647416884074	-0.01334221556339956	0.0011931830212298135	0.0069607739594205326	0.005648095223695561	-0.008278792456431688	0.007979244450025486
SIX1.H14CORE.0.P.B	-0.05448597973226324	-0.007751820128314485	0.03311274925672621	0.013990375478684987	-0.005005192699616228	0.0416230034036599	0.0032204187360612008	0.004425446142744396	-0.04515289439277949	-0.004704799111282881	-0.0505002412688946	-0.006287283376240942	-0.008943606480292441	-0.003876154541034099	0.0029978486358137953	0.03603478117513134	0.04146402524773031	-0.004717506444117142	-0.002133612894361772	0.03540035659834653	0.01888541489463509	-0.04549310049992752	0.04394486475188176	0.0024727296995518816	-0.040428705633034814	-0.00856219957364851	0.011634804483620892	-0.006342943776036253	-0.008019090976002204	-0.006628759933195203	0.025732160511271165	0.0016466381241826205	0.009468953570738743	-0.004727437557942493	0.0009837127487316993	-0.052688395368258874	-0.010988363715379888	0.01917887494588695	0.031180772929580727	-0.003408659748001818	0.015412613081647375
SMAD3.H14CORE.1.P.B	0.0005810073774405872	-0.0009743936718047894	-0.0009511424880875551	0.002867266890088053	-0.0007240770907171743	0.0025249244619865666	0.0009999970579037312	0.0013216274289810223	-0.002117286381240622	-0.0027522185320258304	0.0015501987063093086	-0.0006763395573978776	-0.005226141821716606	-0.005972113665919832	0.0010273453246911874	0.0009471805214542051	0.0017133225070714748	-0.00359253771490696	-0.004453464731491118	0.0054704383893831796	0.0009887924321306668	-0.0028094784129147985	0.0018395258986201452	0.0001836719438899903	-0.00100320034737017	-0.0054979347106788295	0.0003437349970120615	0.0007777902691466316	-0.0006881945940353006	7.405714361854825e-05	0.00032868496515048654	0.0036542754951765606	-0.0010660036108785728	0.003034794854235389	-0.00035553993778604347	0.0021034426720181534	-0.0010912862421115412	0.0015637851591045124	0.0010549558022049377	0.0011339285949261658	0.0016757782343947286
SMAD4.H14CORE.1.P.B	-0.00971484316582652	0.018133441120912374	0.002006285988530254	-0.007090150857280604	0.01660367230410224	-0.0059536919060330235	-0.018480783769121628	-0.007108315155493754	-0.009244282656271509	0.019996921458819067	-0.007515670901895893	0.013386611567116694	0.014872657216309176	0.01648184835767124	-0.014033694616961655	-0.0015196944865003004	-0.0029017310308877553	0.021012700443599958	0.020903560561067902	-0.0067830910109113116	0.0003216952911495041	-0.007143085672869781	-0.00752466348132258	0.00012029197176273432	-0.008655027014133433	0.014408815716359574	-0.003903312762682243	-0.01315296856059614	0.015163509632898553	0.014983878995195817	0.0031960444533282034	-0.018228507936650977	0.0005249035404357588	-0.021802204941189885	-0.0003298275842716636	-0.003720335693217877	0.012417272260228762	0.00014489552281735096	0.0033305765566238876	-0.016387370802152506	-0.00015515009841063354
SNAI1.H14CORE.0.PSM.A	-0.0352012917560198	0.008118636996182078	0.018543786008826023	-0.02396240216684334	0.008432531954058964	0.004993361266130182	-0.028271261405368446	-0.03238950313337348	-0.031347679450495824	0.017789556321981495	-0.031133161349479646	-0.0026916710210413454	0.030030756567947375	0.027460621699285852	-0.02333714150638917	0.0071724034855566166	0.012403146883369031	0.01724534978104096	0.013632071508818441	-0.01733750672220466	0.030010047808309792	-0.03151757015190322	-0.0004338013891601461	0.03757703201040172	-0.033634490698166514	0.027963949668252643	0.02868473019183279	-0.02084364026792152	0.01095299194348389	0.0031199129383398874	0.011567642368212921	-0.029904163573814223	0.03475354722732656	-0.031007660594890726	0.033146184621786506	-0.023337617823972978	0.005452433229539009	0.02545544212627375	0.014732235569846056	-0.020573514471005264	0.024558948361472974
SOX10.H14CORE.1.PSM.A	0.026445728440770616	-0.004971516040114144	-0.008712809378651227	0.00023193931705002818	-0.0036332603776317723	-0.022987151403638426	0.0002736853760064561	0.0028736334825570763	0.025726156473947735	-0.0048829939873409126	0.021067234598095726	-0.0010628648319078293	0.00856657964245845	0.01230186846846294	0.00357406442083744	-0.023817062023066632	-0.01323652908417803	-6.467443187146982e-05	0.0008654240761722595	-0.014590303842256385	-0.016067822435726003	0.024498938970409383	-0.013170881178235283	-0.0043700151559381145	0.027450214049305918	0.009313860799307192	0.013146476266236204	0.0070149703460590275	-0.006282801944926375	-0.002688138315762872	-0.008638112876101339	-0.00886003176836844	-0.0023868439900627727	-0.01035785842541655	-0.003736021161653858	0.021002988261837694	-0.006121074324338168	-0.015001013725642394	-0.011994244297887698	0.005574674055345726	-0.009440031819989647
SOX30.H14CORE.0.P.C	0.0007651237398390784	-0.001768786247981352	-0.0015064517158973195	0.0037045894345158472	-0.005156885518218621	-0.003391248586311388	-0.0072571077348211645	0.006022141136571589	-0.0038647700846084	0.01089717762084913	0.0013707980637724872	-0.00021902357361611863	0.009583870894336138	0.010609242375232458	-0.004497292850395268	-0.020205896063363343	0.0024962904998051608	0.01200270735009943	0.011380062023848309	0.0025054639926272108	-0.0017308188888388032	-0.0022443622194565638	-0.004589961691153409	0.0009200473985015931	-0.0030149976113783145	0.009549800978844256	-0.01026977200918111	-0.005290280227245398	3.6212202632822724e-05	0.0013138121879169122	-0.000153508888256923	-0.004782490212411059	-0.0005858640073373583	-0.007961477178263489	0.0022745212668538774	0.00512706605080486	0.0024453868562259555	0.00028341074056442705	0.0023712393604962065	-0.003587349015639272	-0.001079983444502261
SOX9.H14CORE.2.S.B	-0.0024030318544026666	0.00915158988908428	-0.0044619612275934445	-0.009971677969488498	0.007692364533968861	-0.0012815818145443993	-0.0072727137396758216	-0.008468748295886864	0.002695354279242418	0.010366733116358502	-0.0022748956047136774	0.008099792650094643	0.018404666370104128	0.019050617900725916	-0.012567007013009194	-0.018167623372361733	-0.0002708331362152958	0.011892089538760295	0.0125310897963259	-0.005416561244776459	-0.0009210367078978099	0.003496031976917967	-0.0009348557334277544	-0.002680128668346741	0.0019963182750917068	0.017232155124244464	-0.002090671920022033	-0.012705687375432737	0.009302736731389347	0.00403929304105506	0.0011372492363760645	-0.009472030352691101	8.07154172395002e-05	-0.010093681815719522	-0.0026418332870973647	7.621629395723056e-05	0.006337277324414969	-0.0032648998848330557	-0.001192266206079505	-0.012659664742513923	-0.002569215085948255
SP1.H14CORE.2.P.B	-0.015555845356181666	0.01925971791894243	0.007162214649821695	-0.005454697931543463	0.02176219526896429	-0.012047996149479386	0.004531062418087701	0.0027001038478465843	-0.015243767267327665	0.013510581843466481	-0.014612352984207246	0.016136757871025493	-0.007975948870725075	-0.005262608590625446	0.008103385129569932	-0.009115137937385928	0.021197980085674945	0.015012408583209838	0.013806889586597608	-0.029311303385800933	0.011317893055418573	-0.01929705806576386	-0.0010141540490888612	-0.009731422298754126	-0.01601179543836228	-0.008539831722853273	-0.01664027682534282	0.013911537622456107	0.016712894154674068	0.02030206802047913	0.014775222681934989	-0.008982204759325806	-0.009327669481944483	-0.007409126757416434	-0.013955316181864645	-0.026974881861555194	0.013432587116479955	0.013558371247080772	-0.001252183613164969	0.0076016323864754294	0.006988453020876251
SP100.H14CORE.0.PSGI.A	-0.006249388564256889	0.01566712005002428	0.002170413983539572	-0.009885686846681292	0.015289968991748358	-0.0005382429222897424	-0.007581874225511499	-0.00606548395385768	-0.012897172480726011	0.004577472484520589	-0.009357434559933712	0.02372763224890964	-0.0038832138289016903	-0.005145029870690413	-0.010175984668568809	0.0026185738198737513	-0.001017276954316644	0.005959163051084123	0.0055491961618416435	-0.017119940523095623	0.014925206323901864	-0.009595174134603006	0.002482237785320387	0.004297157070572469	-0.014448068295385707	-0.0034157159714576	-0.002136334168262574	-0.010822203117630068	0.016348859475038845	0.019907045898793004	0.003992688938796691	-0.010571917445580715	0.0012522913292835926	-0.008572896620483663	0.004561882229072438	-0.010606843582600623	0.023228508285305535	0.014489886252644739	-0.00773044668850946	-0.011853390442630587	0.012876554976360338
SP140.H14CORE.0.PSGIB.A	-0.007075124285330414	-0.001891330179601034	0.01656610053755137	0.0038996827531534886	-0.0024851416915905628	0.0010165843258153348	0.013585565597409002	0.005518541394754188	-0.013881897627582946	-0.006671121438159183	-0.010119573855069366	0.0010702799649974556	-0.01736463286573285	-0.017101374685269257	0.011959261690598428	0.0019459130204008274	0.012875745670430903	-0.008967305451009426	-0.007708839845687765	-0.013264654578886224	0.004742357477285464	-0.01234257703725139	0.004682970742049283	-0.007809703522634236	-0.013938414230377491	-0.01453458430251639	0.005592277762735177	0.014759850766337965	-0.0006293594627826658	-0.0032319683534930417	0.01950573615056259	0.014086601109655492	-0.010157425529057209	0.022036882680615173	-0.009371864170806652	-0.006629078550079003	-0.0028301595246684207	0.004719375772585842	0.00952873356056167	0.010157737658407818	0.004239871853965212
SP5.H14CORE.1.P.B	-0.012226469945808754	0.005311916455845338	0.002533017422429347	-0.004333448586643224	0.0046655366347438994	0.006394800753572297	-0.003921094096962522	-0.0014101077476213544	-0.006879889894768627	0.004725399679063935	-0.012845745218837573	0.0064197231006314324	-0.00022210480546459854	0.0026869367544043246	-0.004699161480655202	0.0032742546204687084	0.0010801101289917465	0.0035868926579680493	0.003613638792647908	-0.004852258593818675	0.005266236073872083	-0.006482000816043568	0.005684358627447456	0.003485035599613606	-0.007759278285478625	0.0021660004245916235	0.0006604297905083573	-0.00506407084579346	0.004424653110207838	0.0031943757542269805	0.0015848415657801831	-0.005085500486125411	0.0026129420758166724	-0.006113955421934783	0.0035418039270851895	-0.00697420757208668	0.005422618122491649	0.005640404360380408	0.004139802791119224	-0.004648024523030375	0.009120792793548285
SPI1.H14CORE.0.P.B	0.002013091433414299	0.005644925001203996	0.0033498206941158792	-0.005150531181834225	0.006382202743321356	0.004523475860250616	0.004074533842175751	-0.00592442405449881	0.0012858529603766225	-0.008613762736156605	0.00439325125964074	0.004385495682007582	-0.0071370180432978915	-0.005630094567022195	-0.0018753447538826114	-0.005692524805542026	0.00391464557312334	-0.008959606930466685	-0.008723685677806785	-0.003549494477338752	-0.0027511073124726546	0.001102577316658672	0.00473513648972871	-0.007521026367543069	0.0030449066799948486	-0.007808439730882419	0.007827587310162587	-0.0026682764594218485	0.004205457985951878	0.004079227370843682	0.0034751284625473104	0.008400148727850693	-0.003414966453165944	0.013072321189829436	-0.007729083016951379	0.00409380399244607	0.0021775217763285084	-0.001552167357943994	-0.0006945983822334162	-0.0009752948905982677	-0.0013747376228790062
SRBP2.H14CORE.0.S.B	-0.009602120222055019	0.007086157469638095	0.000651525586287699	-0.005090880044541507	0.005642416160077216	-0.003037344592683587	-0.0013604629106939384	-0.002786299570999927	-0.005332059573285225	0.010958731704418065	-0.008027594771676302	0.0071554549159273464	0.0008775408835186242	0.0008462278745558233	0.0008162925808798344	-0.011021309448345895	0.002704646405874738	0.010010181575711916	0.010603543825276243	-0.009873068674581473	0.0061483348533801566	-0.0037660462947900694	-0.007890898109413985	0.0016439623834823558	-0.006435545153499853	0.0016456141268126768	-0.00011446750770285896	0.003744439499452055	0.006809097356113231	0.006577079361829137	-0.0013727620835315563	-0.007962824174144527	-0.0003149588456780525	-0.009853111304567074	0.0005527737722061214	-0.0013781445678655302	0.00521742193251507	0.0064460354455929125	-0.0002440185098326192	-0.001199422293262916	0.006387771954097295
SRF.H14CORE.0.PSM.A	0.003638585933799468	-0.0009777496548201304	0.0036020132099660526	0.0018659873459116044	0.00020810818633105327	0.0006110178264176584	0.009149795919356076	-4.034633226141643e-07	0.006719589292600536	-0.012461919396223736	0.00112763873325994	0.0018791952977693163	-0.01009678549397325	-0.009909889658763557	0.0037154424412653934	0.0012648980966515622	0.00551258064843849	-0.013881846923307135	-0.0137762112345277	0.00873118311980398	-0.003038541942164498	0.002906387055802727	0.0036724977842801515	-0.006487732586107409	0.006107796846846326	-0.011793642564440517	0.0007374985237242337	0.00177733084351403	-0.0007098481467301071	-0.0004865541836610414	0.004541454314213912	0.01116524387672446	-0.007971503057951374	0.009359975312129495	-0.006963658270400814	-0.0003705587084722739	-0.00023772804299720257	-0.0030509335753340083	0.006526121671887389	0.003051775113723768	-0.002378460156466991
SUH.H14CORE.0.P.B	0.004107310089914579	-0.004711565026765542	-0.004784566456469505	0.00207193571236048	-0.00342229894526248	-0.008131204384961156	0.004456816910081148	-0.0017298667438848808	0.0029014743738818363	0.01184309651576336	0.003984113512422927	-0.007950795407802368	0.007312388440938136	0.008438494847606632	0.007394540867559426	-0.013061834953515844	-0.007658845253534628	0.010863760581025714	0.012092405982907783	0.004446133836179495	-0.0011356331160218003	0.0019283360807745425	-0.009447545604687649	-0.00022267712548845048	0.002190121920529694	0.008127103264567729	-0.01688270652642737	0.007118336687077802	-0.0037861908138118027	-0.0024064911262583755	-0.008196020555358514	-0.0015315287635603429	-0.003867867615494236	-0.004999055040953309	0.0003071729013899571	0.00464489262080621	-0.004992352255613411	0.0007151065846243976	-0.007068649863172585	0.0069014833845524315	0.00023274630197292479
TAL1.H14CORE.1.P.B	0.021213642076668454	-0.002835180938476723	-0.014612877299659224	-0.00884872716283289	-0.00885099423081414	-0.012478637280558591	-0.00020126531982152598	-0.00958101041129055	0.004965297682044331	0.014527007911015397	0.021377901338257288	-0.007548198564451061	0.008025660413626297	0.004981191971048876	0.0034387359429444257	-0.02256610160452477	-0.011679511071261008	0.015529432072623209	0.013774910215452602	0.0036869762338998316	-0.011923953804710757	0.013772659138625867	-0.010758540488917043	-0.002987792172392645	0.010445497427974718	0.009005801440427327	-0.0013356630148985416	0.00881437568142928	-0.007097499753225954	-0.004254901781884084	-0.019903678684537948	0.012681251497049014	-0.005705854946068553	0.010430284212105059	-0.0006428944956077751	0.02933355735716997	-0.012956429769754751	-0.01703076950854404	-0.00802732098923084	0.001703975854845571	-0.014437187029033544
TBX1.H14CORE.0.S.B	0.0007734415768249226	0.0013555076375405856	-0.0008994550511495537	0.0003473391765467537	0.0013714136955555304	-0.0014607388285851203	-0.00043021146462856675	-8.484160625521009e-05	-0.000647228615730619	0.0018261259043602374	0.0007691216781540186	0.0017468255498994207	8.999706347438425e-05	-0.00018359663219183475	0.0005826208616356941	0.0010745996485402795	-0.0012100940409761046	0.0020113428561042423	0.0019266655847060034	-0.0002484942047330501	-0.0006388778934390341	-0.000430300440574051	-0.0009456578705638267	-0.0016715315371368805	-0.0007448305146647064	0.00020106109257338883	-0.002711514329570855	0.0004310427158710564	0.0013565568727371947	0.0015809279819065285	-0.0009192189143840748	-0.0003674427438089032	-0.0021865190590474037	8.089376793779437e-05	-0.001853337687001729	0.0006129077401830461	0.0009872277889587727	-0.0007450530412539645	-0.0003379892657323028	0.0001665724596986711	-0.0006491655689623253
TBX19.H14CORE.0.PS.A	-0.012689086238465305	0.003971923097195944	-0.006511545448388202	-0.011319268447143387	0.0046125838039081934	0.007190564640094089	-0.015794622937107563	-0.01028605001692471	-0.0005097572086900926	0.009570921227553764	-0.010254768059459522	0.000396999146404127	0.0186832359503414	0.020324012559398422	-0.010822482239665174	-0.0040029997897504666	-0.007949647695279106	0.012105265501676135	0.011947805808855835	-0.0013152152291164981	0.007812844456293017	0.00012039623585513581	0.0063190331043802075	0.013916792140512585	-0.003651040871327598	0.018537333648038102	-0.012052666533145961	-0.011375564638183854	0.004919522521409845	0.006393280475365491	-0.0074284668401446916	-0.017682794528871705	0.01619694296597319	-0.019071246108564983	0.014971671017501902	-0.007403008801707356	0.00639802930324701	0.00745449877924817	-0.004801563274950904	-0.010804459947885647	0.008199319982156048
TDIF1.H14CORE.0.PSG.A	0.005605799565821842	0.0009999328565175325	0.0004156936028319319	-0.005596355402686393	-0.0002496909448344402	-0.003180396967787741	-0.01115993506639524	-0.007991084587139069	-0.0002815259344434509	0.00508711891164268	0.005226806511988403	-4.288721553430408e-05	0.017165464127787515	0.013989438851165992	-0.00897360574798457	0.002910306060466994	-0.0007532316549431275	0.003752191024835816	0.0034437619865938934	-0.0009509948819254009	-0.0034934979230297203	-0.0031724631270066556	-0.0032858307807543813	0.003878308920764219	-0.00014490480431655732	0.016504708970592738	0.006363718208560437	-0.011615345572855412	-0.0012109599103867722	0.0033972387210340696	-0.0008069920230108149	-0.009338551963346145	0.0056042824270974775	-0.009302709963441218	0.006492196396558257	0.005481672037520868	0.0017535662210799996	-0.00366918181493181	-0.002673373062652487	-0.010687643700048821	-0.0017084904338695028
TEAD1.H14CORE.0.PSM.A	0.0011614529458878406	-0.0031191761463759274	0.0038018132267801062	0.0029861418143356695	-0.003211559836986372	0.0019470656415027411	0.0024414035547511755	0.002087977096678518	0.0007403083994275209	-0.006413469400814893	0.0017095778608703883	-0.0033634046257306136	-0.0036407293580972815	-0.004041041824063651	0.0017374330166149254	-0.0029807848556577254	0.003802847617526691	-0.006340321850298564	-0.006005164957955486	0.008387632802643312	0.00035526840611820737	-0.0006840344153758657	0.001848323257019946	9.333606064035327e-05	0.0004742614174469296	-0.004739575167000035	0.0049581802772788175	0.00040813358334729037	-0.004048152632587683	-0.004322592252630972	0.0018711980620823888	0.0025304860203070553	0.0013959540635278787	0.0016601617473364077	-3.208988121919387e-05	0.0008117968427799327	-0.002947779221940096	0.0005255024626092328	0.0018825062556721214	0.002170257721205049	0.0010902890476168908
TEAD1.H14CORE.2.S.C	-0.0010271209160900331	-0.0012203302181447362	-0.0019148725243527693	-0.001438668794894371	-0.0009890796408140476	0.0022417765544320263	0.0008529387694325556	-0.0001280497033066398	-1.7836147824003279e-06	-3.601933222441983e-05	-0.0013204732267364538	-0.00314969891696723	0.0030982415433195203	0.003557788099276844	9.463727129120425e-05	-0.001847280366370073	-0.0002029882847713006	0.0005110225275162354	0.0008091576122083721	0.00019234192553139714	0.0015440133195898792	-9.505755191339255e-05	0.0023684047829715463	0.0021022547641594055	-0.0002613845792971388	0.002796398419658763	-0.0021143168708933867	-0.0002134519157787852	-0.001216165731544191	-0.0030929587367481077	-0.002019991648277644	-0.0008879083407952904	0.003248861092823527	-0.0013938208761281549	0.002805601741160152	-0.0010203253958821993	-0.0030198792273879067	0.0019374592675631616	-0.0013437080486832197	0.0005456819546316063	0.0017404779963814468
TEF.H14CORE.0.SM.B	0.00011701557748729913	0.0009503251516045817	0.0025037009797430113	-0.002728868828121682	0.0006473102363603795	0.004511270941432183	0.001248453597239279	-0.0027621713318612953	1.533194223281298e-05	-0.0016302639671310522	0.00023597747776084137	0.0014770979833589972	0.0016767222897584515	0.003199506827608815	-0.00017573868062892983	-0.001631956326269484	0.0029628019009904265	-0.0017488933617092785	-0.0012013169867340062	-0.0016494876127665535	-0.0030276799384394487	-0.0005230774663023711	0.0036378882309283577	-0.001845291036899227	-0.0007129318680316619	0.0013441542613629677	0.004733390937557988	-0.0018050672162273807	0.0013223872533665226	0.0013772525249034827	0.0036700162321382916	-0.0020937831847988703	-0.001233021711505374	-0.003506949180928932	-0.0007427217908324902	0.002301997737779525	0.0011237101390432153	-0.0046983639373284775	0.0027872603252530534	-0.0013982130122291315	-0.005133253974770545
TERF1.H14CORE.0.PSGB.A	0.00023042562877180484	-0.005824717995240658	-0.0028969089757144503	-2.7919089086269992e-05	-0.0047474602952833405	-0.0007292908209861303	-0.003117732782552394	-0.001705511479180665	-0.00790712107543709	0.00670505176144881	0.0002765860028089408	0.001983594439999325	-0.0007555723828674074	8.43473698907797e-05	0.002281212019084571	0.01544125268434423	-0.005853493928216843	0.005734442110370441	0.005413306229710854	0.000620658933552249	0.004931271489167971	-0.004977487574739772	-0.003540712031896553	0.003463550729795619	-0.007267853809887894	9.60137448819745e-05	0.0012226372757411577	0.0034456861986361066	-0.004545046872594713	0.002913831030794526	-0.007015536074130978	-0.00033013687071184645	-0.002282119279302778	-0.002954619428683314	0.0036863934374168246	0.001048020724297244	0.003636624916822045	-0.00015101200841977774	0.0009168540882058783	0.0026308159433648215	0.0008865534136848763
TF2LY.H14CORE.0.SM.B	-0.012702992544391757	0.003797632693184876	0.015562072362108558	0.0017468018232915045	0.0026671530071984122	0.015436569651964837	-0.004433540719731413	0.00044009882346836456	-0.006744183097951863	-0.010986325176297246	-0.013346393741053574	-0.0028894740782685023	-0.014266060272982722	-0.014823770902840752	-0.0010210424569503807	0.0004457166240010024	0.012816882462193837	-0.011479834847493604	-0.011976183930350916	-0.0016184257877342656	0.0007515409587549801	-0.00906656901958807	0.014926640192384263	0.004375762347258505	-0.008636223893243727	-0.013519434746299372	0.011572859797622265	0.003864711745670003	0.006727175230862962	-0.0034102130220665175	0.019741209663200636	0.005383499697090893	0.004372093764492373	0.005227286992744749	0.0036380164161397242	-0.006443375193440008	0.0005948428390961172	0.0023024547366845144	0.01137645869095081	0.00319179786647666	-0.0016284974835549387
TF7L1.H14CORE.2.S.C	0.004372339740085829	-0.0071806288368284656	-0.022552737147220593	0.004106267208853438	-0.00836994571172616	-0.02531294373760471	0.0019408891939725857	0.006857033465562443	0.00679805468749007	0.019156719433680885	0.005669955242437637	-0.013193966562157194	0.010293113326091455	0.008291949201291622	0.003347175266674799	-0.04060084466463146	-0.023554140345322373	0.01790986263113635	0.01781664683953897	0.009929520621023466	0.019210135760969402	0.006615707992502218	-0.02510775905922437	0.017872804381272214	0.008259005376987007	0.011428764500929719	-0.029376335835541403	0.00640804237583276	-0.013473496649966943	-0.01394481638567759	-0.017239234247421117	-0.00666624170379515	0.016683115746562567	-0.004585918277934281	0.01674456371748862	0.009663124114347443	-0.013191298041391616	0.021914196559628812	-0.020779697682934653	0.0030448863951806644	0.025562383000647754
TFE2.H14CORE.0.PS.A	-0.03568550012613708	0.01981392120035392	0.017484631073984333	-0.03740037059371007	0.00847467309499633	0.018572736568288332	-0.021217864021440498	-0.04376328243459723	-0.04494321495542172	0.012384309492358858	-0.021668778514375465	0.024525803925295648	0.009208847129194661	-0.002929300551511218	-0.011437760753317545	0.01749194909673013	0.039012940429246204	0.013004493178819784	0.005176690724910227	-0.037126388781865166	0.013345782366807793	-0.04227104558037739	0.020463632687336683	0.024042882059544593	-0.03983975527923982	0.013680561575295153	0.017855180688250732	-0.0007220136881487399	0.01771082013583516	0.03176579507251142	0.02476278764252168	-0.012318217056055826	0.004348024692757031	-0.017510388721024863	0.02282714832444166	-0.02333602539911743	0.025565944495743856	0.011895133278282177	0.013027645636282725	-0.01116577849229117	0.011108042453811445
THB.H14CORE.0.P.B	0.0015737033763166333	-0.002719540632391132	-0.0016753203227220514	0.0030757779263639387	-0.003400483197544605	-0.007207205043455664	0.003976821958030015	0.002891271578958363	0.001559582741642803	0.004719801787660585	0.0021353307140080007	-0.004068615300609438	-0.0001216448618779585	-0.0016273810895420914	0.005770466965740292	-0.0004867574425408555	-0.0005171095589925935	0.004001573072926881	0.003837504130287335	0.0014026759939137585	-0.0015589159413615383	0.0020213672598925203	-0.0062908967489975695	-0.0016020219542311927	0.001479216568869287	5.0296304718339124e-05	-0.005747169507331437	0.006732147595244474	-0.0037055107870717016	-0.0028345259587556904	-0.0010289380904960899	0.0026949023466924554	-0.0032302147370380143	0.001912639836743692	-0.0020520982459897932	0.001642158365661256	-0.0043211246407968175	-0.0014583197165582984	-0.004248586561433579	0.005783604816940145	-0.0018511369223541546
TSH2.H14CORE.0.SG.A	0.0010660918767465347	-0.001593104699431181	-0.0027343441556327702	-0.0013740771229325726	-0.0015580998999009544	-0.001819971312735081	-7.980899229825117e-05	-1.021018525736335e-05	-0.0016934017873238873	0.0005094192230537462	0.0014596990781680693	-0.0017799800603264908	0.00390818441813548	0.0033681533944940195	-0.003698937665799831	-0.009804127436885801	-0.0036038622765317135	0.00011711604750001131	1.2991494317118879e-05	-0.0028978881978825605	0.01029818758160285	-0.002607005211794508	-0.004129848771528798	0.007681379917273749	-0.0022179278857013696	0.0018739553534023665	-0.0045951319183445	-0.0041417595055872804	-0.0010902093176587725	-0.0004034877263101883	-0.0025051651374940406	-0.0035245647249354745	0.010734647593465936	-0.001945072498204613	0.00913066680603087	0.0013632618245404404	-0.0001740530705452159	0.010696935874746731	-0.004326750503936147	-0.0038401372763387665	0.0085165443697931
TWST1.H14CORE.0.P.B	0.013987607518023491	-0.009134170147693682	0.0031703455277644482	0.009195287403006127	-0.008832427010813397	0.009973912435237275	0.0005742856669276458	0.010475506791547576	0.00783196272467861	-0.010284168878650572	0.013575320998583959	-0.010663762102886463	0.0042373251611638706	0.005068502609872714	-0.005525285910018591	-0.009323341888398146	0.0023552968883099774	-0.008616821752312945	-0.007087740152890314	0.020202629453942498	-0.017676399227844836	0.006952115786320441	0.00786687939865724	-0.006633761226919339	0.010913173811930832	0.0026260590456983757	0.010090983510553056	-0.007940181157585567	-0.010880299427913609	-0.010582381315132786	0.005039259151742789	0.0063024272320360755	-0.003274291710934709	0.007626631864760508	-0.005867851737538413	0.01449893373982121	-0.010773604592402643	-0.01729380540159127	0.0013402064237317823	-0.005360265544122444	-0.016230264440438014
TYY1.H14CORE.0.PSM.A	-0.008176729454091126	0.013945518818405696	-0.0006506826760875901	0.00431846063961938	0.0019439381036207089	-0.0150080737134289	0.00861423163264435	0.009485821435746694	-0.012526597079396636	0.017080705246566158	-0.010176988227408723	0.01374011797449961	-0.009185317103454122	-0.0054388402418424926	0.011895892362356456	-0.012098669296092858	-0.001056812596486871	0.016969037715142233	0.016419650962333006	-0.019936041386988568	0.0065904192414692996	-0.00568070126723956	-0.004088040403645542	-0.011923051670702626	-0.009688196456521345	-0.004771174884938283	-0.00931024433046913	0.01975695249867647	0.013586118600278597	0.003608377378244247	0.00388534054923949	-0.004121514350520187	-0.017524178500975728	-0.002432839463667821	-0.015447964931776328	-0.007841765125075478	0.007400133314516475	0.011016307064867333	-0.010235399213930931	0.006243737558061537	0.010237331798635431
USF2.H14CORE.0.PSM.A	-0.01176665856711661	0.00031252144081219194	0.0035033860711907797	0.003281034302041251	-0.00010418587828980169	0.0059430819283112155	-0.003972761821079939	0.0036622511557830497	-0.01540127633928625	0.010344143063653714	-0.011991365940893454	0.0034010719678892708	0.003431215006056164	0.002860158297368987	-0.010028022282479822	0.0007427362531854387	0.002768325354475888	0.01036712774449318	0.0095560146266679	-0.004245000914289235	0.007828283654865903	-0.01157119379054371	0.0037690002752728893	0.0044977099482183015	-0.013681699212273538	0.0036946334898773723	0.004402391352978902	-0.007763147958834886	-0.0026021930133287184	0.002771316935193807	0.0050521043254046875	-0.0020390189794860314	0.003491811635665292	0.002770996565742969	0.002962353207771492	-0.006476154316386651	0.00037506370293832747	0.006996183256412436	0.00427913170080723	-0.010587175583528062	0.006680254271526194
Z280A.H14CORE.0.P.B	0.0010630016822099457	-0.002010296973182636	0.001543349518058219	0.002508397912223031	-0.0020579620634379805	0.0003557033910035123	0.00039059067963608755	0.0015695826418376043	0.000648497593121071	-0.0008740487879834759	0.001098311398664481	-0.0018380611016270178	0.0007265315200547613	0.000926702549166802	0.0002258673585499634	-0.0007340549407103894	0.0011180192337864143	-0.0012081637585615815	-0.0007805260935216975	0.003392740814696309	-0.001636072251494286	0.0004641848875802518	0.0008681668436075051	-0.002053948770149973	0.0009117107321887337	0.0003505620230355262	0.001395441091290063	-0.0005214280807850132	-0.0024433369987901243	-0.0017128287930976644	0.0012397610703190204	0.0007855656614977579	-0.0013950233392998803	0.0013057575565844945	-0.00154054576990375	0.00022634946845622415	-0.0012300421255898543	-0.001935245285125474	0.0014956326668835018	0.0003269932093882982	-0.0023582890147332385
Z354A.H14CORE.0.P.B	-0.0036141437511057195	-0.023490863833099163	0.00796684555358873	0.016325532872608874	-0.019293718208211224	0.00970776565912261	0.027424118069885598	0.022680775428402845	0.00686670684434397	-0.01448931506101897	-0.003058647552111382	-0.025760785955027676	-0.00828766969430388	-0.011016782553208374	0.02005388288339611	0.0022258540075353883	0.010407027365188712	-0.012443513650692226	-0.01106146771606241	0.00715957888151586	-0.009224985345121325	0.0035234955841316473	0.008422971745210825	-0.01725275058738005	0.007947438141958377	-0.01374180760968012	0.01072908166208622	0.02139914011891672	-0.016748983305136512	-0.024585860901291844	-0.0008212289877863252	0.023215105851588026	-0.009406159542821778	0.026597967078948064	-0.016228882131339314	-0.0004822427235650628	-0.025386965782626142	-0.005118303737046831	0.005845480576503151	0.019227954682621385	-0.007682124802157797
Z585B.H14CORE.0.P.C	-0.0028868008378670276	2.1503507031351773e-05	0.000878891812097108	0.0025864288803685233	-0.0010284129965945476	6.001305361359732e-05	0.000935587796936292	0.003027406315845832	-0.002011575488401564	0.002336145155942354	-0.002218346077315603	-0.00038584331054744396	-0.0009806243610279378	-0.001539009184547118	0.001841203932327277	-0.0019003993965180932	0.0003277341467279888	0.00183916429771179	0.0021426333414333518	0.0021903720623824164	0.00123121546512657	-0.0016878626914524353	-0.00016989995922663675	-0.001470229999477152	-0.001941805269356901	-0.0005690231816076509	-0.0021506013351607414	0.0019587844337782693	-0.000798388494022279	-0.00019064344200905164	0.0018435828412341725	-0.0005755174181327099	-0.0017001694960709808	-0.0005598519080068107	-0.0012631444777702876	-0.001339799080549084	-0.0012735793478184897	0.0012445596118915575	0.00027930783467127254	0.0016282801634538695	0.0015201004613727837
Z705G.H14CORE.0.P.C	-0.0005130463587947123	0.0018178867465936058	0.0023728144475290997	0.0005124493159687177	0.0022473395523546083	0.0018406223438932065	2.3830593739402987e-05	0.0014843173850581518	-0.001115891851459187	-0.004395359898624808	-0.0008198509670895452	0.0010857376893301657	-0.0042422283069696014	-0.0038075299750361174	-0.0008149040854775139	0.0007397429298435856	0.002861130134671692	-0.003871212051419215	-0.0034769468972001318	-0.0007136017660100149	0.00027443316106883636	-0.0017456914185745524	0.002358829802191823	0.00031641998687571664	-0.0008458196601424271	-0.004882536952187383	0.002358334244890209	-0.00142391190566393	0.0018894384894118503	0.0012767232117001075	0.002576032658901939	0.0004223489729999336	0.0016168831286307063	0.0003603962364630012	0.000528157840479682	0.00044718942808559883	0.0008316107881249915	0.001537383149800925	0.0010316507764374684	-0.0003461207021901074	0.0005340526744975344
Z780A.H14CORE.0.P.C	-0.00069665852025887	-0.0005183209515182757	0.0022274973697138673	0.0004761756485397949	-0.000887666275740346	0.0023383026762449294	0.0005982278461904721	6.279059825710885e-05	-0.002614191575197093	-0.00036814961304697247	-0.00026918700640217723	-0.0007297525782488578	-0.0012999767664904462	-0.0019421183222247977	0.001512425034462789	0.0005420272867557863	0.0014769746730806084	-0.0005799463869738015	-0.0003699107792479797	-6.269235109331766e-05	-0.0003248866203540146	-0.002543469420958313	0.001400256446306064	-3.0155322568600762e-05	-0.0025323571133028053	-0.0018258763608176585	0.0012292557516154455	0.0017158284459261202	-0.001083263415169127	-0.0006003858812495396	0.002302745541315	0.0013644400071001024	-2.08055019858943e-05	0.001268538443369087	0.0003984729170838381	-0.0003917019996070095	-0.0019380286008531039	-0.0001517030215155979	0.0016474293848725077	0.0012129120568415905	-0.0003718623173220338
Z780B.H14CORE.0.PSGI.A	-0.0004130566662176177	0.0028822641228282344	0.006692211626723727	-0.00760270079735792	0.0042734110264687295	0.011257431217937387	0.0022760801495901642	-0.006577044980133544	-0.0009580923278541837	-0.010044595157961834	8.646266930963705e-05	-0.0006786120930367314	-0.0067937383968588744	-0.00648753312064391	0.002296578972793689	0.004392948192557734	0.006139257961750852	-0.011267046977451258	-0.009584750449541298	0.0009204987746040064	-0.0020229225074125633	-0.00248952056430541	0.008079129223652334	-0.0004649313005208773	-0.0025673796796438237	-0.006435718650354486	0.005774905054663833	0.0014964041737125207	0.0026841391495270104	0.00019641481340380677	0.0011167083776688225	0.0052622609442589795	-0.0013206243052563526	0.009202776519625009	-0.0019395164404987439	-0.00019060542513283513	-0.000983647105022828	-0.0015818190968450718	0.0026292976884683406	0.0029170975647546137	-0.0009327545229770584
ZBED4.H14CORE.0.SGIB.A	-0.0023585384650563236	0.0028890711862397	0.002613886708076364	-0.007013151238040184	0.0035467729568553815	0.0008698821761755557	-0.007025067454958147	-0.008344688678174261	-0.001411133669181986	0.004503959366171463	-0.0024637719905746744	0.0015055331783025323	0.011604569335688254	0.0095177130421835	-0.0084024148832313	0.0026884316237975464	0.0036584302019594533	0.00235768997303535	0.0022912819002949905	-0.0019856863324302877	-0.0024905297295892	-0.0009287647382229883	0.0003497744515481224	0.0023375743715470763	-0.0015518601586425066	0.010125754703216118	0.009638508815900004	-0.006904657255488314	0.003465397894251152	0.0024760689325359943	0.002574517355117781	-0.0056729584847312565	0.0021650788076298527	-0.007724679730954729	0.00202398402487396	-0.0026937316156154037	0.0003315663306673218	-0.0017182739119363868	0.00214823672577448	-0.0071973315460178	-0.0023027802004189496
ZBED5.H14CORE.0.PSGIB.A	-0.00039261950706358413	-7.302007778760476e-05	-0.0001880112454533589	1.841749187208968e-05	0.0002074952251330194	-0.0001572002076166986	-0.0001459903297156861	2.2951948853199897e-05	-0.0004555646580097358	0.000852739195289307	-0.00034273833362842706	0.00027414697097344695	0.0005005617726808084	0.00037957383888634474	-0.00015276501244202331	-0.00015950174078071264	-0.0001140504226589729	0.0007269223873510636	0.0006951613103767045	-0.0004359971352982272	0.0005492060277303391	-0.0005097299807340862	-0.00029376202911139877	0.0002792192618903868	-0.0005582808509416061	0.0004903976167649517	-0.0010456100966116273	0.0002146226826151096	0.00037012112935449104	0.0001976778569445142	-0.00014191377428295386	-0.0004554650775901441	-0.00017495322431704914	-0.0005275048014871279	0.00011846367611950237	-0.0005002558241416618	0.0004253197585048184	0.0006156578476967862	-0.00027561042840256356	-0.00010205817335296456	0.000605935275023727
ZBT12.H14CORE.0.P.B	-0.002375125884022229	-0.0033822524606508184	-0.007694329706669348	-0.0029241500736488634	-0.0032314077772656533	-0.007931946622667677	-0.00896080077067384	-0.004196900912695631	-0.005608185135680229	0.01593536239026625	-0.0017936985635909277	-0.004248661169152066	0.01048004977018686	0.009733137916080936	-0.0016754272491154455	-0.010092430096895338	-0.00605163897824728	0.015377496670086685	0.014309313739829313	0.0008015182847908933	0.011241797911791078	-0.007206796195146123	-0.009577682047516238	0.010460055153703164	-0.004676581341020062	0.013735516013663636	-0.01568033125251031	-0.003435609594894767	-0.004492454812783063	-0.00242027995958277	-0.005992105966021243	0.00035705249111770126	0.007100655468307272	0.001245037429033043	0.011242763213344168	-0.0012173326903222176	-0.002183788071621947	0.009837850533376324	-0.008216240408684496	-0.004593241360591207	0.012014381164891168
ZBT14.H14CORE.0.P.C	0.007539292757170087	0.003524197580954737	-0.01652500057696385	0.0004322863100496722	0.0028141805326519203	-0.014380508683135639	-0.0025621964193643532	0.005375703941144894	0.019341485597954445	-0.009832255120810832	0.010705721383105979	-0.0034246312414172864	0.008536829167164889	0.012284803455558456	-0.011788524579921566	-0.039430577759768715	-0.022287776445390317	-0.004117082946598974	-0.002367447031212097	-0.012736273937226768	0.023005400151093605	0.014366644455178927	-0.014869960065005072	0.016368122783588235	0.01732125752162239	0.005497153698891505	-0.026387980347199053	-0.009348011956455647	0.006424383674721046	-0.008997534808323049	-0.010960672089180029	-0.004283843638979431	0.02238511501352175	-0.0031748562406609835	0.01807476617625082	0.009937132713240038	-0.0009029364997918329	0.022767573515391368	-0.023684930056490555	-0.00681764846395615	0.022507327035422936
ZBT16.H14CORE.0.P.B	-0.003212443007292412	0.006545495905203757	0.003894485868924856	0.0015206621339519282	0.0067991662051053135	0.004514016996371791	0.0022614699182701868	0.004627676890392403	-0.004420609874286791	-0.008950073327222021	-0.0021745244406834036	0.0030097575213958697	-0.009515297936736828	-0.012636147444902511	0.0008115218653467731	-0.0010389038638454473	0.004630958856322613	-0.007170782437692389	-0.00753481951677513	-0.00014021225104674754	0.005404398825984827	-0.004914392627865461	0.00507824974713289	0.0017020841962588403	-0.0033562101999601865	-0.010994289610334343	-0.001921334009846648	0.00012111031619771841	0.005880159205311295	0.002952859544959701	0.005168123260052384	-0.0006253416157761622	0.0010766831017794722	-0.0004415143540646923	0.000932967951398524	-0.005640911450951202	0.0025598599045204137	0.006061985149811877	0.003097942860007188	0.0005849990808512188	0.005886694846161828
ZBT22.H14CORE.0.SM.B	0.003926886304084172	-0.004026001013583618	-0.004997654293117302	-0.0033610879102354187	-0.005880183660518816	-0.006910529484575701	0.0019952735023223474	-0.0027393056171663077	0.0040663647479179214	0.003967738887071748	0.005889470262207926	-0.002745378994871279	0.006338883121094941	0.007179932944685408	-0.0008973646704823538	-0.011544183548270415	-0.005201825405825191	0.004898548382573482	0.003425986857700951	-0.0035719262186410966	0.0024171405445530675	0.0040235983629459335	-0.006052534385604207	0.0038278618801449206	0.0027377380125617537	0.006962647957136537	-0.003435461155515518	-0.00032801554118523386	-0.003260382052785278	-0.002595766956998879	-0.004168811237199123	-0.00011326008788414398	0.0037927361340429587	0.0004269969249106392	0.004421531656763504	0.0033885213726296617	-0.0026226656637338697	0.0014067377715246063	-0.003196038196733947	0.0006634364286864005	0.0013461980281310945
ZBT24.H14CORE.0.SG.A	0.0037735581754332545	-0.0018763241052341074	-0.0022074311817665247	0.005123254137861568	-0.0013703277090941239	-0.0003331803873486798	0.004438714025564888	0.00465240996646486	0.002740544993753133	-0.002282352596534056	0.004556691600524861	-0.0005354597107313994	-0.005291583508223254	-0.007284272669571472	0.0034367245381533617	-0.000342152449067476	-0.002928162669640926	-0.002193280813482402	-0.00265461980152807	0.0050043242213972244	-0.0019617595687971418	0.0023281459216820607	-0.002751127522045923	-0.0035527569434633706	0.002354964970261177	-0.006273158129977075	-0.0036627834007170873	0.0029205876726779963	-0.0027767013865750536	0.0011866839462673917	-0.0001931805439728089	0.004817028971852976	-0.00461429099982414	0.0029815807599876494	-0.004326265488337576	0.0040757385057459475	0.0011014149714070384	-0.0014653790494325789	-0.000540218335963117	0.003162903212368712	-0.002554947949990609
ZBT41.H14CORE.0.PSG.A	0.002589642140854616	-0.0056255543339921174	0.0024221354121482415	0.004861006708348131	-0.005635460067928588	0.0028699627747919704	-0.0006273191380774621	0.006656333310978794	-0.002325021854101973	-0.0037909016180908833	0.00388300288927371	-0.006524777283859114	-0.00021575762141438914	0.001970549069713126	-0.0026464519798186283	-0.005053115357232893	0.0015567764453148537	-0.003983078631236502	-0.0042791153685834415	0.0027366635781722794	0.002076802808883303	-0.0027720607421827734	-0.0004405054614930459	0.006821319666659793	-0.00035465457974226747	0.0017378570838196064	0.009409736075530806	-0.0010550070652382386	-0.007269357410943839	-0.004906314950186367	-0.0034701472511088904	-0.002919106569249126	0.00689092308937209	-0.005095100717041112	0.006186239908783638	0.005995220593622411	-0.005178567555969637	0.001393965978169126	0.0012594476508504746	-0.0025097753706844112	0.005006924417085189
ZBT47.H14CORE.0.PSG.A	0.01704346642659489	0.0006924622682516653	-0.005487816326478753	0.006641459651127007	-0.002598191218939748	-0.002420700244794717	0.013902563665116153	0.008078739051326722	0.005737793955577004	-0.012021619324545929	0.018843122511575477	-0.0010236681313876145	-0.019389002160847196	-0.014625871164104211	0.0075532745569355545	-0.01491787650245363	-0.005471961537663432	-0.013278644173911253	-0.011780575460051915	0.015442920819024913	-0.004831015438046982	0.008187508553783543	-0.0004448981183384215	-0.011229966117106173	0.008106272815284182	-0.02085259704305442	-0.018524191858485778	0.007150707179534529	-0.00028048809284808747	-0.0004471502779103617	-0.0059335416248000525	0.017253406784177243	-0.008137312957319821	0.015449737424319281	-0.010312551907189403	0.020974354564131423	-0.001895387157217543	-0.0036320193539870066	-0.00712618395330443	0.012031744348375631	-0.0028478291300164105
ZBT49.H14CORE.0.P.C	-0.005010183598422979	0.011506995411054237	0.004946206334830804	0.0018605452789166154	0.01008511126746045	-0.004389783094290556	-0.0038699725908692625	0.004291134350412517	-0.007328203911889597	0.006748654086084965	-0.0037517671720322422	0.007105138321288007	-0.0035122500779005243	-0.004751551241124273	-0.0029776118491858547	-0.007027322122805657	0.004862891925669854	0.004066532559493616	0.004632748688983043	-0.003009629792923619	0.004958186686510005	-0.006387317636178641	-0.005366807471607282	0.0011826340614022116	-0.005715356428082019	-0.00310024387315537	-0.001986197857913763	-0.0030105734554946133	0.01009575006102252	0.005480213478341326	0.0044994717016992175	-0.008205585850063193	-0.001225364039384426	-0.008423838889396355	-0.000537179593495446	-0.005302971476523824	0.004719228960222047	0.00544289769612076	0.0017200327163653523	-0.0031092610133727685	0.00479041132501673
ZBT7A.H14CORE.0.P.B	0.02394831014487947	-0.03527554349057178	-0.014142323566573245	0.024221554525763876	-0.01944458927934472	-0.0042619819777965084	0.012927544144332014	0.012808441174087729	0.01044111407961694	0.00274694074753537	0.026543809767390195	-0.033683793542079975	0.007327520013308254	-0.0019423010224545179	0.017156078672498104	0.002267617821767598	-0.0011776235218321357	-0.0035625556658692437	-0.0038337017714528687	0.02549488364443508	-0.014956110778852227	0.007256942648945469	-0.01916933519347895	-0.0020172538616841096	0.014090287011128244	0.009499042106430038	-0.007879109436380954	0.02361419203014322	-0.034747135635498416	-0.02062372424798011	-0.015561405065639924	0.007879734916348373	-0.0041623273748332	-9.498970133567375e-06	-0.005174950198395284	0.0321024403546043	-0.023832879867865975	-0.020443274139514772	-0.005480389777309455	0.024415243563936546	-0.016992636263517213
ZBT7B.H14CORE.0.SM.B	-0.006594898881219082	0.0012659487374339546	0.004125486651335782	0.001814298950438633	0.00011643872581581713	0.004021363271398826	0.0029175197719495897	0.003122241806833107	-0.006057215441480333	0.0008964655670018473	-0.007037707616827028	-0.0015656278943627583	-0.0017060713104239964	-0.00196966762117475	-0.0002125509528371299	-0.0021494647892270624	0.0040105344382255805	0.00047949041805924256	0.000604435492680265	-0.0025524903031285333	0.0058306209386433175	-0.006164169438071167	0.002541680868615722	0.0016652091327286154	-0.006772314435626886	-0.0026024349251019844	0.001474422375298167	-0.000122154091331005	1.7291406308378443e-05	-0.002535240384310759	0.003038002432974092	-0.0008499147762543552	0.0027960524710108608	-0.0010815360351514398	0.0025683464987199794	-0.004722924433867615	-0.0013063305691787975	0.004941484706983579	0.0037014924953327165	0.00023385832506969792	0.00568800514616518
ZBT8A.H14CORE.0.PSGI.A	0.009669607799901864	3.6275291379679175e-05	-0.022596350482503143	-0.004340968321820475	-0.0029151552011054908	-0.02230192970911269	0.000862684747517091	-0.004700678311929066	0.006729965749613511	0.007414750701991511	0.009414859999858513	0.0005539679978455976	0.002019913006494671	0.0022162813014915614	0.001635658708406611	-0.006680518767141014	-0.01923702985358816	0.006431267911457407	0.00832108611815827	-0.007675538667898555	0.018474535400067046	0.003610058903999607	-0.017006798203669876	0.014813115163681325	0.005485744226370343	0.001179780280463106	-0.02018706412506544	0.005727834654691271	0.00020172413122733664	-0.005720068413918561	-0.020525959134994012	0.0012191907807234529	0.01118416582339942	-0.004595476853360876	0.014289931009820686	0.00682755390837763	0.0012666351288373725	0.01660289404964269	-0.018097346983506558	0.0040500633963712505	0.014724362179324942
ZBTB2.H14CORE.0.SM.B	-0.002953538655024065	0.002479252524895998	0.0016530675193614094	0.001197644758145278	0.0027590656261901256	-0.002212902681525935	-0.002886790786090304	0.0012000821095952774	-0.003637279472028827	0.0013463319635385622	-0.003303006026968768	0.0029041397336034276	-0.0017702687379736507	-0.0015980556381341362	-0.001752364897836996	0.002912661330889188	-0.0004109382922729207	0.001986680334657657	0.001427222516235467	0.002143923133257112	0.003133893159093759	-0.003213964697773115	-0.001246991257754649	0.0008646743917306023	-0.0035318594598337367	-0.0015755293348848158	-0.0014911229238019023	-0.002466203590129866	0.0026040604092991645	0.003411646770062772	0.001788478532986272	-0.0029743141267885246	0.0004043386936244785	-0.0023898824869746627	0.0011645225631404356	-0.00393446753176192	0.002633738203299298	0.003766134673383536	0.003029234471499217	-0.0026808218492730867	0.0036507259405244913
ZBTB6.H14CORE.0.P.B	0.0045385959475949395	-0.00464379628346652	-0.008184996927017893	0.006220934156312339	-0.007086492962613204	-0.004594965862304734	0.01046769930280599	0.0027916803745496894	0.0006478892956996024	-0.0011265227738707362	0.0041850516125395976	-0.004593234726145975	-0.010120725844045723	-0.013175360157075117	0.007811943458393686	-0.012808643474030906	-0.007322233372604424	3.411712272953504e-05	-9.987607387869357e-05	0.013570790586658082	0.01081045291034484	-0.0005004208220130701	-0.00637296989481724	0.0013473135733896857	-0.0009274984954624615	-0.011075498886305754	-0.01602972212867665	0.010782426409585332	-0.004018906341085562	-0.005523333395349019	-0.009903838881978898	0.009377639154073457	0.0008362583190611381	0.006628143697093203	0.00046370193097682727	0.0033005573393406346	-0.002989427520454984	0.012215614620903037	-0.00702179987807279	0.01091307417182254	0.011625421163111271
ZF64B.H14CORE.0.P.B	-0.001130988304555658	-0.0029502910878599006	-0.015802760487814427	-0.0022494980193504335	-0.001157511667606255	-0.019599467113604607	-0.014960733907198868	-0.0084752808267233	0.0063410862207762195	0.028989908089226607	0.0006216990280730507	0.0012475470717472903	0.02365884635104129	0.01981172447349524	-0.0109868441655428	-0.013912324131038045	-0.019920066731359043	0.02296835283445428	0.02349109491461515	0.0019815961654335405	0.011224334773440203	0.008343887040394043	-0.02301769075486168	0.012644202414486744	0.006483620514175635	0.02338488631834309	-0.02867117929704885	-0.011239919506360604	-0.00022093413988547722	0.00837363009240286	-0.010460417825815582	-0.007933026938870753	0.01097448469815275	-0.01331993060259385	0.0121479071857154	0.00875051074298544	0.004628191442192682	0.006580150392209438	-0.023654697802550695	-0.013356489137718225	0.007711247854323144
ZF69B.H14CORE.0.P.C	-0.002373478035974444	-0.015114296606542291	0.01158176807358536	0.015204701462939263	-0.010798751670238894	0.012373922829662633	2.5995526600212232e-05	0.00975171601967867	-0.002877755051025485	0.0016189341236573368	0.0014723728635201378	-0.01631254996734205	0.007547831506271148	0.005194280689569515	0.005481434473964152	-0.0011386145936669312	0.0066119315210931215	0.0016311819410263495	0.00010831375838170343	0.02826516450511726	-0.01635313283161953	-0.004633971351900676	0.007809127012757322	-0.006390326775587624	-0.003413322824542743	0.008272631171090616	0.005127746627131696	0.004560372177032888	-0.01563903136042387	-0.01072298765820616	0.01552129317719185	-0.0003820456440523682	-0.007910369054088776	-0.007074999470903575	-0.005543993126779799	-0.0009805669771215941	-0.013704310818288962	-0.01686727935626499	0.01542508161005307	0.003447975397041541	-0.014733196067602303
ZFP3.H14CORE.0.P.C	-0.0011178988442120466	0.0038232586614964726	-0.0011722221859764292	0.000946215524743505	0.003981144761917404	0.00015745573089534157	-0.003810057390752369	0.0005637868309279689	-0.0010559911521967197	-0.001069824506145338	-0.0003074654212719707	0.0029802203205636386	-0.0012143247941025156	-0.0006962900738685957	-0.003337737317789953	-0.004567073419893181	-0.000645049719044135	-0.00038769460630424385	-0.0011479594571409263	0.0013474749110582475	0.004429053238003702	-0.001143654132772072	-0.0016062552806337602	0.0027140474072559345	-0.0012472706033179286	-0.0012345426399200943	-0.0026602918424010608	-0.0030950578279133863	0.003499130324118896	0.00402723492762703	-0.0011910018088387639	-0.004392384423714869	0.0020053274527959235	-0.004189033024658378	0.003142636395590783	0.0013023681762160469	0.00322892241886571	0.005480328734913539	-0.0019199011445641193	-0.0032289379906939265	0.005192190737637284
ZFP37.H14CORE.0.P.C	0.0012539061589633416	-0.00012293320265444573	-0.010459949414128838	0.005156950663451362	0.002079874947045472	-0.008260083823348661	-0.0024690677564797228	0.004682875299173916	-0.0017792875769009828	0.013459024687727625	0.0018457766141936303	-0.0010422161627408714	0.007608544360192638	0.010162337867032637	-0.0007533641642107933	-0.007876088671853493	-0.009082454798965578	0.011445174361300173	0.011994965138327734	0.002037602594852193	0.008710603837030387	-0.0017848124914251612	-0.007439868963960046	-0.0010969465254774616	-0.002526138599329663	0.007905674924982228	-0.012711940746792744	-0.0017064446789610468	0.0019792074177365955	0.0013857992658844118	-0.012178593424559181	-0.0062101712754530775	0.00020420921843605083	-0.008080375993462428	-0.0026064064502840933	-0.0008779371297457234	-0.000964516254574832	0.007758368717961206	-0.005272667707370893	-0.00030852337043305554	0.00703610432719623
ZFP57.H14CORE.0.P.B	0.013080520470011365	-0.0030992048417032647	-0.02486549689650683	0.01835258965138714	-0.002979521834387922	-0.013630785431271306	0.015005563983372364	0.014755650707109772	0.018742140267029344	0.0020948406924992643	0.012351822317771148	-0.010694262016078308	-0.003420598079023545	-0.004356402210197743	0.011476006872701642	-0.01948416653378391	-0.021720510901652213	0.003204426495281824	0.0016805627866156797	0.003851866125150449	0.006601968108085399	0.01613498005814769	-0.017256021329606977	-0.004344889008768891	0.016989387694612144	-0.005082010893434892	-0.031996095071901924	0.014166281266283812	-0.0026412019121500527	-0.014422840466163874	-0.020215788026484185	0.005700564748273378	-0.0025486367309974045	0.0030951189480225255	-0.0038515707240648683	0.009944546386201507	-0.00800009778641675	0.008802609076745875	-0.021782958784017946	0.013906208854221763	0.009894609371510345
ZFP69.H14CORE.0.P.C	-0.022458071380311334	0.007742696827093019	0.016854952308463202	0.0012607876081772267	0.009061264227916116	0.01728106214669767	-0.0012366564683094026	0.008734703680104011	-0.01446688666046593	0.0074345200965303185	-0.02015290318096867	0.010409486639701837	-0.0030141824754967017	-0.0011444658620702805	-0.005078448027380296	0.001845998620257	0.018890051580689037	0.007891954421337437	0.007946065847056823	-0.0003759388653122725	-0.002495889202812074	-0.016036802932666197	0.016204163064085	-0.012879118009689754	-0.015456855243854373	-0.003302793599078613	0.005981041194731987	-0.006452695595495026	0.011250535469325994	0.011342467774174345	0.01475560661569842	-0.007695515138745957	-0.010295584456285999	-0.005456360266453384	-0.013056940063929122	-0.02268277047751409	0.013202674882339034	0.001646592182238421	0.011944160717071668	-0.006728599888948604	-0.00194653884492689
ZFP82.H14CORE.0.P.C	0.003494712432827188	-0.006890247883825971	-0.005190501317451232	0.01107571104456994	-0.0038874736018559564	-0.004643435867144843	0.0005416780331117393	0.009298047681603167	0.004185005171024207	0.0006760319964236455	0.001683037053794214	-0.009690351402770334	-0.002559411860949847	-0.00258859190508183	0.002400156169540913	-0.005287806526791283	-0.008071198773267327	0.0005186055420563634	0.0009154259790937896	0.010986254031222019	0.006471558632212049	0.0032847605577302555	-0.0067838137948359745	0.0062892414972599425	0.004829497308265177	-0.001794597428987233	-0.00831944594227299	0.002729763802075293	-0.006993089134478797	-0.009659012111162157	-0.007105145758780455	-0.0006847817194991356	0.009213331821566313	-0.002918304708075261	0.00720450113384296	-0.0012470880171587886	-0.007485950449315354	0.006201602026284739	-0.003675489654957273	0.002469396042861227	0.005978885575355752
ZFP91.H14CORE.0.SGI.A	-0.010505046012797656	-0.005004018841892043	0.01208750763711193	0.01716784681389319	-0.0018685749828402723	0.007430329302443563	0.019439731393068285	0.02309263998444882	-0.005285876184733668	-0.019251746220369903	-0.010865792338334412	-0.017268494045110862	-0.018255475851967084	-0.014858274165669826	0.0035168449434210872	-0.016039328033370298	0.016089842610803748	-0.019499542880973414	-0.014265448364780858	0.016574941333032955	0.010660583116431963	-0.006973533744124849	0.012613524953474502	-0.012372320769633169	-0.0023094786262057958	-0.02294881747828529	-0.01776383105266849	0.004479155118069702	-0.006839672090933217	-0.017055287308129056	0.01612298409771698	0.029426243382298656	-0.005572463086062893	0.039461775675787826	-0.011785824999638036	-0.014332766423840404	-0.015249038651927803	0.013443768945966453	0.007292181137594916	0.009843601843475906	0.012020189174889187
ZFX.H14CORE.0.P.B	-0.0035278222579451235	0.012197546271168137	0.003639809090443589	-0.003936569647285687	0.0072312211584736235	-0.005005914288923125	-0.0006464862493593737	-0.004002867379466438	-0.0061722311209143205	0.004668432756082107	-0.0011083042525113812	0.010242960230865298	-0.004741654905158657	-0.005426985177690517	0.00029066102226812127	0.0023039065489741106	0.0067081452815441756	0.0058915661522970265	0.0036521660171331093	-0.008153114541330083	-0.008169661772650815	-0.001243078383916671	6.619326516346322e-05	-0.009772371634788174	-0.002038187298673347	-0.0012867898736205197	0.0021937076224848168	0.0044710904459816965	0.012601391106779783	0.008296412747642092	0.010561727687623125	0.0032004613890006346	-0.017848199996506085	0.004816258804505103	-0.013460998896755203	-0.00041260097462451906	0.007001371078521803	-0.008059135589711768	0.005188026979410482	-0.0006912812852353707	-0.008124415214593748
ZIK1.H14CORE.0.P.C	-0.001683615663744538	-0.0010111887588026523	-2.6896307428858623e-05	-0.00021532202585554903	-0.00051362111987338	-0.0011266886635474642	-0.0005166055363980335	0.0005213336866670467	-0.0008109151068562779	0.0028683843180480027	-0.0014028522447546796	-0.0014814102639934667	0.002434748501199603	0.0025192317791631613	-0.0004151723516949555	8.713659956623154e-05	-0.00012093139330730113	0.003003723430587843	0.0026687297753056408	0.0006940816635014569	0.0014391905161025113	-0.0012884025290998136	-0.0015254945721170018	-0.0001621809302017399	-0.0009256222416984955	0.0024140406993636955	-0.0003437512434466272	-0.0005004377739248945	-0.001616687135143445	-0.0005863304537384239	-0.00046838129682907036	-3.386500335832188e-05	0.0005119900418161308	0.0001673309323640779	-0.00021412154909636848	-0.0016891204977973941	-0.0015265264592194475	0.0011975973786048505	-0.0005322829477588525	-0.0005283844054697036	0.0013000277458505294
ZKSC4.H14CORE.0.SG.A	0.0029292298249517373	-0.006888366332487933	-0.013880931494807826	0.007717735351164512	-0.0034080394580730394	-0.01396449534396724	0.0028711352963338606	0.008468726336621862	0.00655588367066413	0.010926102763153867	0.002625086448201393	-0.0047603474058160525	0.0015418631635940108	0.003664568684686717	0.0028826043075018053	-0.016054534074606747	-0.012519117897246426	0.008693127039502188	0.00980377266385117	0.00430046776256501	0.00848322576067885	0.008367282679622494	-0.012111522022047322	-0.0008188277356480853	0.007318968592801184	0.0006411977207190674	-0.02699648772398157	0.0011039001629961302	-0.0031736585997683645	-0.0028237757294088776	-0.014030112283714223	0.007635176540097542	-0.0005885189039229535	0.006778645029754486	0.0017687530737957174	0.0008641738521261363	-0.00392093138653541	0.009781879520042905	-0.01091264715192819	0.004811180180822328	0.009338593449298993
ZKSC8.H14CORE.0.P.B	-0.008960761514627442	-0.010355167734185093	-0.004031473510102995	0.018304320089422378	-0.01508631401700214	-0.007844670808977577	0.01285539600298699	0.019340984265460638	-0.009204370999114649	0.005141750884123081	-0.008659511647183503	-0.018037004768678623	-0.009297322217122282	-0.009905322714524448	0.01467276030960095	-0.007080884561196432	-0.00817719014636202	0.005089889930608438	0.006234689053526893	0.004311390416428543	0.022901896925908494	-0.01087660510811412	-0.007864868095452587	0.007025045234277175	-0.00714398539678868	-0.009965683080922487	-0.02749322615308325	0.012384474245380618	-0.01507850949206761	-0.01486621276147116	-0.003820687309358972	0.014280978015713361	0.010283771814221063	0.015939706137435238	0.0073227310822277375	-0.004198675883412023	-0.01583178072905305	0.024833576493275056	-0.010921757139010363	0.01240106591576547	0.020248633564399515
ZN100.H14CORE.1.P.B	0.0004598923607259664	0.0016883970167183065	-0.0014927127639853856	0.005018839454011433	-7.186819136976346e-05	0.0021513353596746007	0.003363112820559708	0.004084635517534643	0.0011217225468966273	-0.004678661425777426	0.001998590601670869	-0.001127611462161721	-0.006897284415301066	-0.0067978544288295915	-0.0020236326369824334	-0.00499624075197886	0.0005101009555409861	-0.005001588623852372	-0.004871213477839285	-0.00036973019649829374	0.0026954184919100073	0.0018015100748821414	0.0006337431115658737	-0.0038199459309346826	0.0021097555436164267	-0.006083643888045231	-0.0006218914504505998	-0.00041137183681136825	0.0016343378183542655	-0.002985159307793553	-0.0008012778933997999	0.009114933594181609	-0.0016375133882097796	0.012705457429017561	-0.0033920091763822	0.0014648727298041675	-0.002616503442355888	0.0033580654335868473	-0.0017576210069487445	-5.710368448229308e-05	0.002510306791386214
ZN112.H14CORE.0.P.C	-0.013292659780597946	0.00842774925195284	0.0036357357126493572	-0.004610923679226362	0.006746765100766921	0.004014416337019662	-0.012551690151260701	-0.0035682803352398047	-0.007768284279162527	0.00955203383000254	-0.01216482597232358	0.0020251125472773718	0.012762334603375135	0.015309651214864481	-0.017648637497716446	-0.00033516277235706715	0.0047791387130822136	0.006561212300641467	0.009363434256462022	-0.0017624944953166105	0.0075382871865312395	-0.007935483962961343	0.0003422097241041616	0.00972600774625075	-0.00631862385690226	0.014496798123932439	0.008796424146357062	-0.018715572719887403	0.006891106677210507	0.0036473500247530856	0.0031389810262320017	-0.017167439513551926	0.010304044423631219	-0.014174530392608867	0.00999024206933867	-0.004779804105354835	0.0020555914145736695	0.005001503024572307	0.001294386581369933	-0.015581265153472268	0.007058467980582156
ZN132.H14CORE.0.P.C	0.004784589763605376	-0.012973113871485795	-0.008445563975204073	0.0032412270353213216	-0.011469288539461997	-0.00021015594892039025	0.0031044610115908526	-0.0013612706882137164	0.002976509813206125	0.00571540698531442	0.0061493846122932135	-0.014505840142477827	0.01250283189614318	0.01093575457476946	0.0030698158979134446	-0.009908994500370472	-0.004924373217606262	0.008424005396485412	0.008819844046494968	0.01736759594792979	-0.00883079208704085	0.00804472073164397	-0.008940408044464138	-0.0007887719188127418	0.007863687255738407	0.011273832833895617	0.00022231797419014487	0.0003995598962117375	-0.015879627043013714	-0.010410878496214387	-0.007649158046732982	0.002450399552505861	-0.0012637059244338666	0.0025458057187598866	0.0007998106672723465	0.016454818774556408	-0.013530690174839884	-0.007672760234184478	-0.00169524747841035	0.002109721182469335	-0.0052880910434383865
ZN134.H14CORE.0.P.C	0.003246595594337917	-0.013859465417787625	-0.0003546014329711619	0.004667181354900119	-0.012176570905584418	0.0056243958258310155	0.010107294907151518	0.00718886505221486	0.008571977549896921	0.0014420985865284258	0.006707238454785265	-0.00717532722246338	-0.0023645768451539574	-0.0038430223227431635	0.009579582416688983	-0.0038122577502884836	0.0005189494538811977	-0.0012113151104505004	-0.0015894403715812078	0.00475605659092688	-0.013058281648435643	0.011039916192264854	-0.0013080983601762158	-0.0034813121639267926	0.0056562786440935795	-0.003392055002798728	0.00939382905500298	0.010924327213449896	-0.012655615372411071	-0.009089907813134802	-0.002234941482640203	0.005639786739206008	-0.005380309010738982	0.00455704727304996	-0.003658025912656633	0.008353425787430625	-0.011581384254145208	-0.01307342956923429	0.00039176363682423554	0.009620011010325951	-0.012872256575522295
ZN135.H14CORE.0.P.C	-0.014207497375919947	0.023578569199188187	0.006428808896834393	0.0019402761305138197	0.018506001372596705	-0.007640421488291443	-0.017380592756004894	0.01550788711767919	-0.016103175599601713	0.03523326501370902	-0.00929862867627173	0.017225996060938803	0.015675198380238453	0.01407646488642332	-0.00917997817247961	-0.011738599066830058	-0.0006567628424092586	0.032122105141243085	0.03576904119728255	-0.006974875782515613	-0.005370357581979984	-0.011180445793859434	-0.00883164076954479	-0.022652638706914432	-0.013028684800131585	0.016694223422697607	-0.014705482891023025	-0.00525629296842469	0.02000786773048706	0.01734751401169879	0.006581796582600427	-0.01747607141705976	-0.022885146482060963	-0.01430724815219406	-0.024095248749031253	-0.012110015415604677	0.01606905205082792	-0.0025543290459762447	0.0031576181697283434	-0.010881101939967837	-0.005625401727754525
ZN136.H14CORE.0.P.B	0.007697841862844973	-0.009877890676932762	-0.004938584157908439	0.008481962119821917	-0.010701093543607864	0.0008627340271592544	0.005056066465369748	0.009758994990445833	0.009000009636995633	-0.006629160546442699	0.008899802942388773	-0.009180750930398413	-0.002983077563998713	-0.0037002646064543225	0.004321861905620283	-0.014175625804401765	-0.001297788859216071	-0.005622337551060744	-0.004666516135592158	0.009007386468873457	-0.002407294573061103	0.00810532906776796	-0.002283001380243517	0.0048927057373577346	0.008099094244219868	-0.0026716037951743515	-0.0026470706758693063	0.002204289576692057	-0.007615622377546294	-0.00937386058679415	-0.002835227649707929	-0.001045176816010352	0.005916148457775015	0.0012423571922644833	0.0059004649993589856	0.008175552099794266	-0.007392741828437389	-0.0020624629731262334	-0.001902567261696901	0.003894212509847828	-0.0033509503326414614
ZN140.H14CORE.0.P.B	0.003713686646959244	-0.005537658026630986	-0.0036512514271844487	0.002974255492505627	-0.004169725770049575	-0.003941114048985013	0.0035160545464097553	0.0025382430378072165	0.004628924456205441	0.002040501248715215	0.004102046831056121	-0.007110634568773692	0.00033350690184628246	2.3845510548486937e-06	0.005730235344907298	-0.0051309641535992045	-0.003532460023674626	0.001944028724257342	0.0021878003160256676	0.00434830201623123	-0.002758719373975302	0.0042596939181014926	-0.0037211619882305466	-0.0005981369690305598	0.0034057689856115724	0.00032333386075180173	-0.0064985734797038675	0.0054447707845426754	-0.00401350565997142	-0.003959635587155896	-0.005360501296324611	0.002344121575627402	-0.0010218304276791573	0.002320976182127635	-0.001874346489910049	0.002868096861931284	-0.003456403729606247	-0.0011114141338687267	-0.0027909278361309686	0.006506245015289233	-0.0007070579393455845
ZN141.H14CORE.0.P.C	-0.00625071751891116	0.0031183416042773705	-0.0008524897429051832	-0.002959138690653955	0.002293030817022237	-0.0005069892007494824	-0.002874264214327807	-0.003562745495391601	-0.0026880761644376416	0.006556198526382985	-0.004522774818612555	0.0034098380028994638	0.005175065477965486	0.006272619585885972	-0.0017330279723722212	-0.005393568587573089	0.0018964272119573761	0.0063386762857520415	0.006764720740760184	-0.0020370272713351838	0.004184933044089741	-0.003654107441573566	-0.0020886072356014647	0.00112105886830028	-0.0019702511347655044	0.004865116169329213	-0.003858094223019401	-0.0021867598122610925	0.003365416007145409	0.0021690818036800676	-0.00018779869276321776	-0.005248780208211357	0.001263700537694066	-0.007517080786572917	0.002144262110047552	-0.003324444232963672	0.0023778265786647424	0.003474671566986054	-0.00044083872561320736	-0.001598744895711524	0.0033657640509337505
ZN142.H14CORE.0.PSGI.A	0.007665281890848294	0.015390341997811936	-0.016443561964629774	-0.016616136224186076	0.01292478173761157	-0.017864402926211248	-0.008857198603649467	-0.011446864741270924	0.013461934558560706	0.014419066339931369	0.009330907388565195	0.015008815903568902	0.019805292823653373	0.017581017846069705	-0.020176040100496704	-0.0371651336981863	-0.02171288757016964	0.014877379915222463	0.017152430773424446	-0.012071505848538801	0.0133147177616421	0.008785900685222947	-0.016282426401948213	0.0059013622787128794	0.011826127475778036	0.017363834245325296	-0.023988304230501162	-0.01834406954443946	0.017060365775623886	0.01231482427634622	-0.013533978196581038	-0.007571706703547156	0.008030525178678635	-0.008385539387364124	0.0026302708702254096	0.008109024057229353	0.011175921087562274	0.01410230133217609	-0.027699121950608988	-0.014933032988582912	0.014693236987159061
ZN143.H14CORE.0.P.B	0.000724515779672516	0.01834000235992218	0.00017819590775294825	0.0006019628885189417	0.016913885422639018	-0.02115933110255097	0.00781834098851603	0.0070581111664086045	0.0026984584639547643	0.009042033897662935	0.0018244902573154413	0.01999471522825949	-0.012166574191711313	-0.009880994445063407	-0.0013125964550028879	-0.0345725525834516	0.002172216959992354	0.016640287924900687	0.013351431061268293	-0.019333403000137823	0.008022229453794202	-0.0017335531741456203	-0.017476669723925004	-0.012034751247370676	-0.00043333893839771556	-0.011240821056837678	-0.027446247760302828	0.005859819642908489	0.019468768070017867	0.01191519778424031	-0.0009589444199743433	0.006386397838062297	-0.013870242961647884	0.007951290558805984	-0.015409991882576489	-0.010015211760587589	0.015285686829924153	0.013855212295563024	-0.010834662757090788	0.0004629477102518747	0.01197848720449346
ZN148.H14CORE.0.P.B	-6.88330685295847e-05	7.465095819368694e-05	0.00015102667875822916	8.09214850377493e-05	0.00015901307960678682	-5.142652487013068e-05	0.00010503316217680555	0.00020147954775494737	-0.00018488179162991052	9.907960045593255e-05	-0.00010080830071535953	0.00033227008653733477	-0.000528783472587687	-0.00031741497013453913	-0.00012436592578540069	-0.0004999357294042141	6.659522201839219e-05	5.6494503551844134e-05	6.204093706959832e-06	0.00026695656403297706	0.00022845086905558688	-0.00013820458472083626	5.465298820049244e-05	-0.0005027887189483077	-0.0002654294589890608	-0.00041800119878798703	-0.00048556226964625165	-0.00011209340578331142	5.1875870167761144e-05	0.00037955850848659105	1.9853674841792922e-05	0.0005972321118322354	-0.00031711363318892203	0.0007323686808008604	-0.00041419269451110127	7.452000454020091e-05	0.00018538075166658766	0.00028616221014061104	-0.00021006310507787297	-1.939325092786305e-06	0.0003757671000159026
ZN154.H14CORE.0.P.C	0.0014659664925780747	-0.00021400102917767602	0.001685341955652106	-0.0011276409920129662	-0.0010653453978081012	-0.0002320457541682107	-0.0008628208321842783	-0.0026434292565984067	0.0022623607844140838	-0.0030767656454319774	0.002690926540640001	-0.004882298364263172	0.0017045952193101097	0.0016038776218644645	-0.003283379466551264	-0.00831551527662805	0.0003008967323915798	-0.0031277398942844113	-0.002183010831253617	0.002405854015348115	0.00012633789425090663	0.001738346313208839	-0.0011326011641084842	0.003169877129473194	0.0026684604060417476	0.0015709691870660694	0.004373812701236095	-0.0023996329911824144	-0.0015148008326306165	-0.0042252894599684124	0.0023915844808918285	0.002591263300107828	0.00417680705078681	0.0033351155616491222	0.003061660738125263	0.0034612429766192714	-0.003186981620448148	0.00024110450141175827	-0.0004045273390178225	-0.003571577537901033	0.00019495642144738007
ZN157.H14CORE.0.P.B	-0.000903692099737969	0.004030321241240881	-0.0005377238766810302	-0.00482521925801694	0.003941733522145229	-0.0018369075299974492	-0.0023282149906275647	-0.0064746860133302496	-0.0010248711235534905	0.004170444031942909	-0.001001917324891023	0.002850202321900199	0.0035881024604548003	0.0017869889258116702	-0.0015373129392293003	-0.002631279327101277	-0.0013535349477196857	0.005180932366846087	0.004912950499861388	-0.004860657182728337	0.0026639556967898784	-0.0005735452860496891	-0.0034471706690490447	-5.59906022386536e-05	-0.0016912836103909513	0.0028217216489973794	0.0009043597943746498	-0.001499953910485955	0.003912038617374992	0.003897709738034525	-0.0026955956944944744	-0.0021121146321672326	-0.0003079485459205004	-0.0023702585479305365	0.0007088106889918053	-0.00168957085382921	0.003949121961722318	0.000904674926606723	0.0006592089959445123	-0.0020774251650362676	0.0005395941453787204
ZN160.H14CORE.0.SG.A	-0.0005238406318422758	0.0019911632354316267	-0.00010632240977468971	-0.0011618620923970625	0.0019144194758489818	-0.0002436195928046535	-6.454016468621267e-05	-0.0006308959596947434	-0.00016313016502884307	0.000544660741370882	-0.0005339763318331831	0.0008849354119023199	8.406785095379631e-06	0.0003060005888926138	-0.0008834581688529864	-0.001652012175625689	-4.877131841590906e-05	0.0006490315482030017	0.0006695255629898984	-0.0012611510896298312	0.000985594780937198	-0.0002862739237485335	-0.0006714089381863958	0.0004005455762958214	-0.0003860574845376203	-0.0002563258999976623	-0.0009395211776625553	-0.0010029853615025099	0.0020278780911465494	0.0005549711474385744	-9.679308547568986e-05	-0.00038322507981568927	0.0006721942755825616	-0.000518630565304518	0.00016914635370015533	-0.0005898658433575142	0.00037275621988126263	0.0014192106264899907	-0.0006217382237097445	-0.0005610775656830285	0.0008966269323238737
ZN165.H14CORE.0.P.C	0.007894921226609918	-0.004452950758221866	-0.013248334904527453	0.007015514481043624	-0.006081784285677627	-0.006817722672323667	0.012677138419191217	0.003968713957038813	0.008029390893977091	0.0049033716264774985	0.009291686397024048	-0.00785270947933742	-0.002859897049398076	-0.0017844458621952691	0.012591480438546947	-0.010435072142764124	-0.00986021489802022	0.0021597702227083293	0.0025555166466041807	0.003692041418850274	0.0013352232189530883	0.008982512980898059	-0.010429941544971358	-0.002263683645399278	0.008669666373451564	-0.001298331864241123	-0.015623450001987477	0.014081786394760768	-0.006741857174602453	-0.008363411958915986	-0.00929860699352722	0.007529051448881464	-0.007120655050802123	0.004608620098709896	-0.003617948633622005	0.007047047508975307	-0.010381312971976166	-0.00019037823436712786	-0.012479922485768055	0.010740308403706312	0.0017488746691759205
ZN174.H14CORE.0.M.C	-0.0020636604252139007	0.002468886740730894	-0.0009192137967768063	-0.0012501551300297701	0.0011943984858001433	-0.0014648722627285012	-0.0001255265332384425	-0.001247063333099477	-0.001255418707299033	0.0009470530179193221	-0.0014109191819345387	0.0015566595671142333	-0.0016242629251529894	-0.0015419956672042007	-0.0010133863448649732	-0.003146555337965165	-3.82881836417312e-05	0.00092897096053517	0.0007709125922801228	-0.002022901172042715	0.003794776053526759	-0.0012287894211442663	-0.0008231036242674558	0.001570092617173757	-0.001517059835718244	-0.0012154311221289757	-0.0028920490880456756	0.000457862427834254	0.002223559859867866	0.002100028938821349	-0.0012512622702450602	0.000316751163128331	0.0007510053779280004	8.661836990555725e-05	0.0013174386301068423	-0.0010124918053020793	0.0019698781808345353	0.004245810585757456	-0.0006862651129640497	-3.165067941652633e-05	0.004135812652444788
ZN180.H14CORE.0.P.C	0.01153754115659085	-0.011434186647763103	-0.01311255095648202	0.014817881477734591	-0.009432201550904074	0.0015463157006336548	0.016338574113397022	0.02110458217030127	0.012205550414337348	-0.01375939686901001	0.008526617635209798	-0.011800338717282602	-0.016204614372441483	-0.017511195999911938	0.01218832193441779	-0.003113123744831303	-0.0060169583909678095	-0.01399755520826887	-0.011885145007873882	0.008553650438940675	0.0022646473233972064	0.009105309378879899	0.000880149608271083	-0.0005139028863797371	0.01137772191697013	-0.01846262564726571	-0.012985412001026014	0.011890420817983836	-0.012527879832928412	-0.01182451632074008	-0.011865833880706167	0.014655947746848388	0.000996632916085989	0.011012339687330064	-0.0008430358757426093	0.010984222465888288	-0.00887452886627077	-0.0010844902932360123	-0.0033918220757479522	0.012062903454873085	0.0009178731420668301
ZN184.H14CORE.0.P.B	-0.01660974802838977	0.019424229537273015	0.018393585771964427	-0.010329931008932314	0.02078941102918254	0.01696373123132318	-0.01569232080702168	-0.00788428791570285	-0.02657514459627586	-0.010474485465829408	-0.017480861876776117	0.016405906067755438	-0.01137288368794391	-0.013200925583578271	-0.01443577229809691	0.004398527900357996	0.027005792777233376	-0.011819580141061548	-0.01202618801374894	-0.012804172251334026	0.018384778235030208	-0.027012349827056026	0.015972255006206637	0.010134848062101715	-0.025483753641821823	-0.012144083377374826	0.02002649145216373	-0.015149616390662111	0.018151036950090512	0.014614497440220683	0.019860012129698096	-0.0052095569843728755	0.011353534205347293	-0.005031547965673771	0.006285882535382786	-0.024448404636716957	0.01643241736860751	0.0180348871502668	0.016112815478829423	-0.010843362287916759	0.01653134035786652
ZN189.H14CORE.0.P.B	-0.0031725910680089828	-0.011233586073180035	-0.006943222667919087	0.011576657305756575	-0.009387054864879068	-0.0045153152425196665	0.004455582496324823	0.011828496687562862	0.0012318500656633806	0.011304393608290206	-0.003163727887434376	-0.010256300918502853	0.006686971172347622	0.005287964017315454	-0.0012615039607485508	-0.0013604293945325696	-0.0066232649597084865	0.012988974991166899	0.011423748903915329	0.009783786985141839	0.0011236275820000335	0.001559233895844673	-0.0028220675378153107	-0.0038567986951933975	0.0010735171802355508	0.008097540506074141	-0.011967345969392224	0.0009859028853972333	-0.010432514533652348	-0.010481331555264473	-0.008942954681067213	0.008907261619496867	-0.002611872181675346	0.007668406627033218	-0.001979382219560802	-0.0011315729008122347	-0.011772514059619217	0.0015406633764453864	-0.005676232285651249	0.0015527448491349741	0.004459186837681248
ZN205.H14CORE.0.P.C	-0.00360963677265648	0.008262943810155458	0.00016006245688984788	-0.0009272789532074042	0.0072442706769890956	-0.0003636985748301808	-0.004604915290529877	-0.0021367040230812324	-0.0025720323467764775	0.003300579956925516	-0.003164406870536419	0.00542164766234956	0.002732430944652439	0.0009041363729428934	-0.0038163860047745225	0.0012998211479083518	0.0011172123287210931	0.0036305850121666552	0.0038292478251176	-0.003884246406622147	0.0014132352885128131	-0.004287852920667114	-0.0006685461035228872	-0.0012094201425936566	-0.0011231566966041148	0.0020638570690879373	-0.004359352341691797	-0.003388396590694328	0.008347154880986892	0.004014696499549219	0.0014872257500398028	-0.004554052472780295	-0.001496650772678701	-0.0042350739894092175	-0.0020381364727268415	-0.004074342245653284	0.006347941754420529	0.002588117127963002	-0.0012198094590740484	-0.003114485250665194	0.0012761050192654153
ZN208.H14CORE.0.SGI.A	-0.006015574130327474	-0.005021605977781649	-0.0035930902231660136	-0.0009571196721002602	-0.004471512226340298	-0.0007364991295270087	0.005817640867894424	-0.0005494628441490793	-0.008934436866536624	0.012571977487810318	-0.006216432891725417	-0.004031869977766226	0.0021189611707191393	0.002330455204508315	0.005451847018493019	-0.0066008994880421	-0.004336226932484345	0.010998732742509565	0.011156177816695978	-3.769894397178536e-05	0.010787213639275775	-0.00862727149014407	-0.0032929686086869345	0.0002771105848003719	-0.006840207758681265	0.0012831955556267712	-0.01119736769966001	0.004413100171055062	-0.0030766136677031694	-0.0051785386200389645	-0.0034532024017707233	0.007204222805672837	-0.0007351756220705455	0.004843932450941724	0.0004679359639691155	-0.004433273424929364	-0.0028008096203894287	0.008499013534103622	-0.0016230236884737098	0.005658753097040774	0.007742370873327395
ZN211.H14CORE.0.P.B	-0.0018871073730220983	-0.007125706534987697	0.007014059000997594	0.009620720235661531	-0.005904602977684907	0.014906419302566701	0.022950797721494616	0.015959914212191235	0.003717137872591793	-0.013707096476316821	-0.00011942050405807508	-0.0016050105585823302	-0.024123727702262607	-0.0231122583778842	0.015971268838156246	-0.00010697295720224487	0.007435070935538374	-0.012344588372613874	-0.010902583708691765	0.015310622121600847	-0.009845500217363357	0.002932421319946754	0.011510806679713118	-0.024044857762123808	0.0011117951262771836	-0.02189383648254872	0.003074617850918865	0.019040361395944973	-0.002661789741123322	-0.006407343967053791	0.006211365882148913	0.02086282306481057	-0.023955689954625214	0.01992775619208234	-0.023288455049868064	-2.6250970289826148e-05	-0.008695503998873463	-0.011619590495118876	0.008005070895384325	0.019917528541486866	-0.010475527224868511
ZN214.H14CORE.0.P.B	0.007185134662327272	-0.005559243882419659	0.0023981127571855703	0.002846322215854578	-0.007459008463804507	0.0010725192336599517	0.0031264057854500267	0.004697776791060583	0.004053566905455566	-0.007039798913641204	0.007187524258230476	-0.006527409501183332	-0.004868115611131883	-0.004670996058187123	0.002471850080129341	-0.002140403154067036	0.0034890334001607083	-0.008771990797686357	-0.0075673224916871715	0.003113293278855013	-0.005621726537471009	0.0036877325019629287	0.0018259854052075624	0.0022016985449871147	0.005534033644057828	-0.0031510766507248937	0.016040836770997668	0.00425299707327726	-0.0060909583212540985	-0.008444637262197068	0.0016114357186015633	0.0001815605755473777	0.00283704575600624	0.0017431485034130258	0.003685733519609687	0.005139447160137839	-0.010122595946687428	-0.006571587138513246	-0.00011794606246182462	0.003908129587748934	-0.004507081704001131
ZN215.H14CORE.0.PSG.A	-0.0021891290206951103	-0.0060542583612572505	0.0035421358514875663	1.040686519095807e-06	-0.006254631273845786	0.005696902442668661	-0.006878461690166669	0.0002808351740427057	0.0011026976285323647	-0.002467907340627084	5.7235829181340875e-05	-0.007022681690792431	0.013392954754210077	0.012405839061829784	-0.011839212135877221	-0.004179929402555876	0.003896399810705246	-0.0010998910904117462	-0.0005474641886549572	0.008328660684195476	5.703048439728575e-05	-0.001299259708349966	0.0019143797797083542	0.01024285202213952	-0.00033423295043082807	0.013490927680277478	0.01174317216096047	-0.010807266690794366	-0.004098566723877034	-0.005767464378655784	0.006010642097660718	-0.011247519689279343	0.014486984337955124	-0.012084508647852495	0.010919098413327923	-0.0005406373096658451	-0.00783384773559242	-0.0008419854672009272	0.004963559771511406	-0.010218921044858168	-0.002579361752607534
ZN233.H14CORE.0.PG.A	-0.0002818085646510752	0.0003060806010394322	0.0001819879798146207	-0.0002098593738623101	0.00013829100615124685	-4.519147480799932e-05	-0.00027467018675593664	-0.00011938994449445218	-0.00021089097066902393	0.00029065501667650036	-0.00035494538897798183	-0.0002276855515469284	0.000533552884960212	0.000562370753382356	-0.00045154820217167374	-0.00018214015900848077	0.00015559961967824033	0.00027899952133534234	0.0003936102388445552	-0.00040329356936364444	0.00018879413321866694	-0.00014375706690879946	-0.00010552447413774736	0.0001417722223710973	-0.00018981581938542385	0.0004464980719516918	0.000537708454529098	-0.0003920418835092576	0.00013247044187661742	-0.0003061381941189519	5.8196313700812664e-05	-0.00012255960779640647	0.00038249144220464095	-1.6264677910425866e-05	0.00015021704705520241	-0.0004085200923620699	-0.00020048751070701363	0.00029869163793637323	-1.5508762023826e-05	-0.00044478622565676136	0.0002991495842443945
ZN239.H14CORE.0.P.C	-0.002451219134256395	-0.01207660790829699	0.003907438191465024	0.00917189845966452	-0.010432250249341204	0.00652491436869658	0.004777714084819525	0.007230649386681495	-0.006518842479976755	0.004566346829430468	-0.00022567380523842912	-0.010560544046394123	-0.0012457042827174539	0.00027382938903441206	0.005758769449742781	0.0018419670490381623	0.0005867871806518252	0.004279847904267442	0.0037789820784749906	0.006250602520235338	-0.0026359684613487255	-0.007263965677962184	0.0037799242559177354	-0.004178859339992125	-0.00634204562066302	-0.0001605270513027543	0.002173439360715318	0.005177659328839804	-0.010590727075261281	-0.008562552865647631	0.0026673023606899465	0.00816542761118847	-0.006468830652015332	0.007293196754335853	-0.0029586108202161662	0.0015513284376499348	-0.007152096612998482	-0.003809509506905173	0.00409483108474995	0.008334038760210886	-0.004303131606172017
ZN248.H14CORE.0.P.B	-0.0009369998737812912	0.010247725587889394	-0.00772352598000263	-0.004950780985199559	0.0097914607858955	0.006684668939937726	-0.011738002132590618	-0.0039469243870763095	0.004995496603898364	-0.0012827048789946088	-0.0005018167517694995	0.006802160999192137	0.008844488176905703	0.00934915746517041	-0.012239288071828688	-0.006155323673385393	-0.0019952700261997997	0.0001091866833795585	0.0011336735033332518	-0.006026331087548581	-2.7724914278479118e-05	0.0038057923907219293	0.005114602731301904	0.0077536543121852625	0.00431821788200595	0.007668291847106226	-0.004422232692788769	-0.01465734404735585	0.01217323284675419	0.004815609396031081	-0.003848359835322862	-0.010610487077509239	0.010126561266533107	-0.012555497260384275	0.008163181564513067	-0.0012291649459198611	0.003161149800070047	0.0010526228238037505	-0.0005993370700316941	-0.01154902440872555	0.0002336016319887113
ZN250.H14CORE.0.P.C	-9.75059783362292e-05	0.001663065726702128	0.00019814936297621322	-0.0020925367898608294	0.0013794809877046726	-0.0001690266369859493	-0.0007848616019963508	-0.001676239279741819	-0.00010719232032295554	0.0022076513478560544	-3.784255342316554e-05	0.0019391969515034201	0.0027018839878922606	0.0025740711591129657	-0.0006506677366539841	-0.0004893227854681145	0.001233737429624687	0.0019913878691648727	0.0020295250266216015	-0.0024887809351562193	-0.001598203894158403	-2.151744725938272e-05	0.00015797785474554876	-0.0017292865397329753	-0.0004828071096545897	0.0026492999810394102	-0.0006781795573060842	-0.0005802270874119466	0.0018277782813756786	0.001609434704710895	0.0005287783012347166	-0.0012429744964985222	-0.0016614491518208187	-0.0012312185930977962	-0.001610507293649587	-0.0009238784133164119	0.0013908216784993908	-0.001638122239017322	-0.000613323428944778	-0.0006632929176568557	-0.0014238265963728639
ZN250.H14CORE.1.M.C	-0.00267476542453704	-0.008508538527402782	-0.0009276101620274146	0.0017379535498242196	-0.01104371055991808	-0.00707805277166944	0.006563043622994638	0.003772158122880556	-0.0019169641989956049	0.0042488584622581045	-0.0038614224705188147	-0.0008518122073956679	-0.0059851205306713255	-0.004125952132070413	0.008102138966858932	0.009549518940512633	-0.005638977056904955	0.0039050417360815305	0.0017859697552588712	-0.002052277298767003	0.0050599329161901754	0.0009803233392652946	-0.004022973624463095	-0.000810393159657829	-0.002489541201508086	-0.00551131359316706	0.005556633022796704	0.012411034742801441	-0.00872366656594246	-0.004595422415480841	-0.0026771313130242967	0.00915435997326714	-0.006977922227685198	0.00990367065689461	-0.0026802364345894602	0.0027840112566843295	-0.006251061590243268	0.0009356178534100819	-0.003068382329783674	0.008036488534496136	0.0019047639827590446
ZN251.H14CORE.0.PSGI.A	-0.005768224572314157	-0.00886037661519878	0.003039904943345606	0.0040014989147815795	-0.008067898784861957	0.005223125558522723	0.009892145888839174	0.005571125531523152	-0.008602296489717907	-0.007987035417483454	-0.004656517524608746	-0.0054844283511171835	-0.016685435251989685	-0.016428851029366146	0.010233098794604219	0.004602673606941998	0.001097805206433558	-0.008022182716815415	-0.008692125219516234	0.001227918321769432	0.012401796589188621	-0.010615406386741397	0.0026656707589944872	0.005520559849265375	-0.009461345775327458	-0.016155490587780163	-0.0008604992941083911	0.00952386360547161	-0.006185732511516629	-0.004471102640014907	0.007706525955312113	0.011352179937963532	0.00294574857404601	0.011349306690910629	0.004809745814518512	-0.005806118746748974	-0.0019296160256189049	0.011207115100965517	0.0024965433299232592	0.010164428171747215	0.012113912450517225
ZN263.H14CORE.0.PM.A	-0.006994088375428739	0.013124808901872582	-0.000602626816069568	-0.004428013990618814	0.014494092956390408	0.0015778296402165493	-0.024462769047950562	-0.00851907937725186	-0.003036675009399706	0.002537553893137423	-0.0019455092073168423	0.011245935881032253	0.004703968036004383	0.00476954662270912	-0.02310414762541882	-0.019645098553383533	0.0063281009021314005	0.004452173899724521	0.006963099162324737	0.013381023122318404	0.0018076320803896428	-0.003655303598008898	-0.005152242947254609	0.01364892975649934	-0.0019601211958177826	0.004061795500623092	0.002535037958237729	-0.024926790157782135	0.013622611078933169	0.011170449555590004	0.002926493785423409	-0.01606614701081345	0.01591031015414207	-0.01936904132131832	0.01228777999013228	0.0070930333153810254	0.011459372845487217	0.004670928871797181	0.005766410975110964	-0.019529889941623226	0.007840725865397885
ZN266.H14CORE.0.P.B	-0.0007002514372317203	-0.000689911681390576	-0.0008561702503428938	-0.000993708299975556	-0.0007164641949415338	8.59163436482506e-06	0.00016896328512773723	-0.0006745028293517375	-0.00032860767954586735	0.0012689654701738343	-0.000472688549440125	0.0006770177898317116	0.0006905053140689793	0.0006612312847504255	0.00048348632617948954	-0.0011377433301352283	-0.0005152336587333807	0.0012537673565214628	0.0012030650347496213	-0.0010432672017806257	0.0012619225398697257	-0.00010721206344749181	-0.0007397931470076186	0.0010690486400280457	-0.0003886648809802648	0.0007660164420684587	-0.0016593898690455515	0.0003373687413155621	-0.0007047909020958651	0.0009878529438376391	-0.0004997910496471348	-0.00020742787192057103	0.00019274616880521258	-0.0010140493316935857	0.001182293868414134	0.00047603164690235896	0.0008047028731119586	0.000874739869997105	-0.0016670819438380762	0.00020336581624102448	0.0009457861395778134
ZN274.H14CORE.0.SM.B	-0.008986007781017755	-0.0029626615239797347	0.011536379247402404	0.004682659561595954	-0.0024837335907901374	0.010510993895591451	0.0032337808225281726	0.006274119248288367	-0.010100720011261645	-0.001575141894121418	-0.0081414650792335	-0.005005572025081777	-0.002554676801120849	-0.00027896135626253454	0.0025684899176415836	0.012742327558719652	0.009190440519812503	-0.0015977353765346536	-0.0023684954450291507	0.006597611098429167	-0.005303275016273062	-0.008403534522888556	0.011743225590960943	-0.008169377647719918	-0.00868259959156797	-0.0009655732225973615	0.0037614340518467293	0.003511032770751394	-0.005082397946782013	-0.0035819494223048205	0.010620399971531844	0.006214211132081583	-0.00742762914144561	0.0057453591501943025	-0.008819137257540882	-0.008712560843183365	-0.005790608922146702	-0.005289279328175411	0.015462626587480072	0.00299117940531614	-0.006651903561308528
ZN292.H14CORE.0.PSG.A	0.003281930077496366	0.0008020378747364242	0.0007615099158962482	-0.0037895027725930123	0.0018568111840251474	-0.0001317129913380767	-0.005286711825365194	-0.007184259881076429	-0.0020848939515094953	-0.0013073488520652932	0.003085560168614051	-0.0009181297504379377	0.004813113038615036	0.0038930381405938227	-0.004486348856114385	-0.0015488537721281281	-0.0007682645942812608	-0.001295504638089806	-0.0018392950829274335	0.0017069799543413342	0.001166561847930403	-0.00263256114916147	-0.00186403153911565	0.0063921581269565445	-0.0031356902435616613	0.004698060635127569	0.001545503736101711	-0.0047871919467070475	0.0012955981373924015	0.001193459150361044	0.00048806415106715517	-0.004408605601850525	0.005427773466222509	-0.005335724039571404	0.007173663155424163	0.004395479589346198	0.0018986888782254567	0.001020303263774433	0.0014453689386741686	-0.00389072045266998	0.002412407929999305
ZN302.H14CORE.0.P.B	0.011787518429224868	0.008200371363107008	-0.004432813715577383	-0.0026425430691207254	0.0057946154626480305	-0.011269003235697475	-0.0027546065656211434	-0.0019354709319616692	0.0038967242156034317	-0.0005735467902642649	0.013689915976631759	0.0008061824595518574	0.0048794262651042156	0.0033678480160722474	-0.006250733567185559	-0.02310731069067068	-0.003352918393587298	0.00044803424106179546	7.226115187169979e-05	-0.0025996425667894948	0.003956274756902647	0.003132173604419003	-0.011001485586755053	0.004144772668444194	0.004415028743336503	0.0022630445937190102	-0.005637253349760396	-0.005092225141910489	0.0069058638036499686	0.0008038709578173792	-0.0023844168571757612	-0.004816307182165952	0.004677152951502464	-0.0034892420462944917	0.004591026865681726	0.010103734883276688	0.0012245184239664253	0.004752716911224211	-0.010911058887768665	-0.00507230104745713	0.004508412618270272
ZN304.H14CORE.0.P.C	-0.019009776966403533	-0.007656855095765525	0.015651761585889143	-0.004741999753774234	-0.010112080734300435	0.01061354774185927	-0.010651981699543959	-0.005158024486142384	-0.01660379984046427	0.015688437980290904	-0.015752017801585846	-0.0016728427401582063	0.020147697739483786	0.017757951627748098	-0.00307379615319553	-0.010359574316410047	0.015322928838380906	0.016854695302837064	0.01656298538170553	0.006694707118043229	-0.002166464444608024	-0.016337402019685643	0.008156773521041272	0.012795870770826792	-0.014911602362694742	0.02041499759573301	0.019664359320630154	-0.004183867342604838	-0.007340312284666178	-0.0018143759713057372	0.021119081304569742	-0.02337068803327057	0.010035726145256552	-0.028386380950370778	0.01411790776827615	-0.014744766773027301	-0.006890176453259268	-0.0012661797563257027	0.006003501760539459	-0.00787891666560563	0.0014376784639335838
ZN316.H14CORE.0.P.C	-0.00014457657121132292	1.625557127107088e-06	-9.924251988375826e-06	1.183737393949981e-05	1.6101657867326072e-05	-7.213178377275505e-05	2.0761176684220477e-05	-1.8662530599285285e-05	-0.00010868878176232378	0.0001944685584739838	-0.0001081771174198507	-1.6974858345086418e-05	-2.436768782658168e-06	-4.06090631069211e-05	8.300179489289562e-05	-1.7779870371522136e-06	-7.3114969905074215e-06	0.00017241584109576962	0.00015228352595016668	-1.5908733823543947e-05	0.0001053061545628663	-9.566786689159612e-05	-7.806673714800703e-05	2.9838654536724647e-05	-9.732010642972221e-05	-2.8824121574841334e-05	-0.00021550642193677487	7.665920226479083e-05	1.7223518669394727e-05	-1.929831571654216e-06	1.0491999805507107e-06	1.1958900997820314e-05	2.1843843292392094e-05	2.2843136542181924e-05	3.3649613988124194e-05	-0.00012340990855171005	-1.5048100206682506e-05	0.00013822481292879345	-7.758125688941855e-05	5.8878537314339426e-05	0.00012276550636101903
ZN317.H14CORE.1.P.B	0.00013951623134630248	-0.00377712846477606	-0.0001538688731121604	0.0027461708421123963	-0.004106018345910423	0.0046262800602089125	0.0013567067197304376	0.0024582270927983032	-0.001884699873837839	-0.005911577154160512	-0.0001502119085048893	-0.004356355263147748	-0.004900009148543839	-0.005179440347153019	0.0015595875967130692	0.003912240951826018	-0.0006823096248147996	-0.005916642995403121	-0.00595031026817841	0.0023503191597809593	0.0016627351645943506	-0.0015107357953227651	0.006545541924088134	0.005228624389101912	-0.0006527007561147142	-0.004556781911569309	0.004005693281650978	0.0010333747011686146	-0.004675938076621282	-0.004340354597845871	-0.0013723029919284584	0.00109701454325511	0.00655316726236713	0.0009150486900367529	0.0056273281758614235	0.001327873300744773	-0.0038574511500333517	0.00218146354321299	0.002410752885412301	0.0028503546390634942	0.0016610449926948712
ZN329.H14CORE.0.P.C	-0.0015147269734946227	-0.0018615262545478343	0.0005672674695158496	0.00047030727690536896	-0.001979594699717974	0.0010810658775621436	-9.969132416143755e-05	-0.00048659292599295256	-0.0025080713440129646	0.0009514514867394255	-0.0014101738678809947	-0.0018679420875975464	0.0027074736632583234	0.0020566008656249073	8.875093310971023e-06	-0.0012264830341093477	0.0007752506027050594	0.0002931174291545824	0.0006155719392733662	0.0034696069306058962	0.0016748999768003148	-0.0024829279465409908	0.0013614106840114971	0.0027104519345947427	-0.0024742587997001577	0.0017314424792181215	-0.0013195934298954257	0.0010133500987816076	-0.0028443948347414167	-0.0025500608870669727	0.0016770399340255912	-0.00159696926789177	0.0025373847676207033	-0.0035770055964836614	0.0025870513554193952	-0.0012223966054995573	-0.0019065462337532913	0.0020999406090247454	-0.00010931226609224923	0.0005298027507121741	0.0028448684417160634
ZN329.H14CORE.1.P.C	0.00026583409033286223	-0.0021853869770205835	-0.00037482769889552424	0.0015707830995386285	-0.0025066377705771138	-0.00038152840533567465	1.4878843158797842e-05	0.000268877251838284	-0.00023537107543074656	0.0003239881394695946	0.0005676997410023654	-0.0018448727787985352	0.0010016178040567775	0.0008092714913047186	0.0005199939633540528	-0.0005089667848132244	4.422992514191773e-05	0.000430482657247171	0.00017405326312437339	0.00172906853125991	6.680898848090977e-05	-0.00019441570858878647	-0.00021064925126107817	0.001274758347977861	-0.0001700098604744218	0.0009713019925123613	-0.000249831329194837	0.0010589797060491079	-0.00219881039152651	-0.0016506484954500215	-0.00038632875686185966	-7.053492033254128e-05	0.0007634699629026093	-0.0002171984427520162	0.001073966497004016	0.00043667689422551177	-0.001721810862039415	0.00034274025841723836	-0.0002674550353430182	0.0005417941944163692	0.0004717941654372119
ZN333.H14CORE.0.P.C	0.004914465609263834	-0.014683277095624971	-0.01223980066915583	0.009460968472794701	-0.01539895952719577	-0.004633846603959477	0.0007702265118040615	0.00633512005984496	0.011714239807122974	0.005913394224394394	0.004660378574061102	-0.01670649144774039	0.008259709349543773	0.009997105919811965	0.000541964908116935	-0.01708231647442951	-0.007221599400352927	0.003118100640888688	0.006351335578643008	0.011202918417305535	-0.0008168569627950012	0.009112332884695776	-0.008050785056413212	0.009006416233426233	0.010845901923805981	0.00605824969660362	-0.016855795961196518	0.003601428448711797	-0.013480805835765426	-0.01428722271344681	-0.009052318029010478	0.003302804733168479	0.011097840722245692	0.0015943993949110178	0.010157564779546331	0.008762810173485902	-0.012954694754476737	0.0006164113386395997	-0.005094096811090007	0.004059734091559447	-0.0005108484281559911
ZN335.H14CORE.0.PSG.A	-0.00036971811557800355	-0.002620478627062434	0.0027555780913590296	0.00030447123883748555	-0.0022977302326197607	0.0012968685497382094	0.002252238745615389	-0.0005521293879799925	-0.0017496948762343346	-5.8160218924786095e-05	-0.00016771168214713356	-0.004357368861507044	-0.0010411215039002695	-0.0018750863971493704	0.002954137313621964	0.0007264697572121129	0.0019874789101304996	-0.0007986640506210778	-0.0007993834245182616	0.002609726329433391	-0.0017707807219693693	-0.001810218895718585	0.0011296713082979276	-0.0008935675351793709	-0.001655473602708118	-0.0007869753169546575	-4.1554575254766635e-05	0.0031629247591891015	-0.0037469763343496764	-0.0037507451466971178	0.003605544816932177	0.0052448286641514855	-0.0009177692463700465	0.004868408202621943	-0.0003188100401250848	0.00022702574791276867	-0.004723324857201966	-0.0028351464249412664	0.0035248362547969057	0.0032050317271406156	-0.0023031209315234127
ZN33B.H14CORE.0.P.C	2.7527236409536325e-05	-1.5895561500041703e-05	-3.6535514727864364e-06	0.00022904103583708653	-4.289790094176284e-05	9.315765535692429e-06	0.00011081062863786234	0.0002696337138592326	7.637066917286385e-05	-7.137264826162764e-05	4.007008451929094e-05	-4.347173207320913e-06	-0.00013279261612214686	-5.388911870399401e-05	-3.8086874271515115e-05	-0.0001683629515913678	3.1950094898923996e-05	1.1279633263501856e-06	1.67136121197902e-05	0.0001952959510573832	-7.560508609289114e-05	4.5705903764628616e-05	4.305734182464714e-05	-0.00015885785794813743	0.00010932913714752857	-0.00012617175686981352	-0.00015031118845550183	-0.00011438642120253228	-3.183681860626628e-05	-4.83930109598161e-05	-3.3163070997304723e-06	0.00012836889905876015	-0.00013335278724957813	0.00015025755802455272	-0.0001748338076171149	-1.5816805830879983e-05	6.818956189181668e-06	-2.5789124722710695e-05	1.1038313098766855e-05	-5.902926486130476e-06	-2.8048719841802404e-05
ZN341.H14CORE.0.P.B	-0.0015016807298796446	-0.002680057437503651	-0.0018381544502012667	-0.0011931048878521117	-0.0026390742141798413	-0.00027745232884452894	0.00044486218910958376	-0.00041910416275266465	-0.00036025476223296854	0.004212141091945877	-0.0008418944490512705	-0.0031159389289346136	0.004880126189146638	0.005265118520331688	0.00035857718222315747	-0.006123136298372064	-0.0011964739813384861	0.005781033446889676	0.004768580894048469	-0.0005822318952568928	0.0011205964596159856	-0.000303372018328911	-0.0019325434907943688	0.0013062845367026177	-0.0006420367315375358	0.004168476016314223	-0.003940438753041904	-0.0001848583836224684	-0.0017973007213787614	-0.003453154626113536	-0.0024830556586590002	0.00250927647645711	0.0008028611368825472	0.0019537844622699403	0.0008763618888466863	-0.0002335062123881848	-0.004418719642075682	0.001702646370700188	-0.0012528737292220732	0.0012101114688244726	0.0018191980851013506
ZN347.H14CORE.0.PSGI.A	0.0020612652304260373	-0.00284137005331366	-0.0027665766205750217	0.0014491461872661489	-0.003456815683146765	-0.001688222986260736	0.003315599617055332	0.0011521364282630238	0.004479090105009794	-0.0011882418773616205	0.003912834546258533	-0.0003889075493003803	-3.144232817407083e-05	0.000621405929959247	0.0011645522614654928	-0.007355560958127311	1.8386290403960004e-05	-0.00020208989409811057	-0.00039976346517769934	0.0027270038310744024	-0.0006785745807767335	0.005204025071123979	-0.002058453445663369	-0.0022402869554175725	0.0039430617038930076	0.00019618744665780494	-0.004949639599310496	0.0013315449436206595	-0.003612147302584039	-4.0825672909351046e-05	-0.00486615107355207	0.001971655697881068	-0.0017312120547911744	0.0030847126989329765	-0.0020006596592838724	0.00431640505272983	-0.000698412313076607	-0.0008172546586802387	-0.003963977251100523	0.0032293195942135313	0.0001705303787235407
ZN358.H14CORE.0.SG.A	-0.0075828044863285315	0.009206043582646496	-0.012599584882620946	-0.01240532033059693	0.011414261213792312	-0.00863418282205293	-0.013239362465615296	-0.008205888552202502	-0.012460448758481651	0.027413672063266614	-0.007855698106040376	0.009608522264614068	0.010211666379682065	0.009966081260252571	-0.008866417677944652	-0.007841980142713367	-0.01476581015171944	0.023590237986266402	0.023267707075978056	-0.010105043221503233	0.020232593045936553	-0.013042527670404397	-0.012400768042970883	0.014834326768041028	-0.01156674164538796	0.00854068381948763	-0.02054920815400227	-0.009844996939590846	0.006691313051681157	0.008508342889837428	-0.014786130391548497	-0.007274846237043204	0.013949600694579817	-0.006827823988068974	0.012998856760513704	-0.0034165014899707052	0.006974334541526593	0.019293975961042376	-0.010501701405838268	-0.009333073805136703	0.02048397597537613
ZN362.H14CORE.0.PSGI.A	0.018765240579393744	-0.014187819492901986	-0.008156096362263318	0.0013347547127053883	-0.018016237640515628	-0.011475013406112969	0.01825507921419197	-0.00039110667853118133	0.009790186409511181	-0.0038111540917607906	0.017059869788848936	-0.014088949389879993	-0.0028386161622949713	-0.004670943985686002	0.01721713660094963	0.0074728859189429064	-0.009815501361070945	-0.0054994968913004705	-0.006298099107261618	-0.006699009031319175	-0.0072752734591841756	0.012834877383262472	-0.009740759102939936	-0.006490418274091324	0.009683134190100836	-0.0014961261510886593	0.003691915713340016	0.020301302954161306	-0.01622107075853724	-0.01568389861338048	-0.007051327214822246	0.019658135837607154	-0.006606298697836778	0.0241940185621843	-0.007239406767953573	0.012090037360808964	-0.01571330838451001	-0.008131532407864378	-0.01433167993856789	0.01685727787804618	-0.004594124555589815
ZN382.H14CORE.0.P.B	-0.001725709464103553	-0.0015462047504693575	0.002032782020134358	-0.00223613120240052	-0.0012124863420214602	0.0021803068974946844	0.0003782502634130068	-0.0014099657372640476	0.00029780517998760116	-0.0016107189453905928	-0.001471357990674031	-0.0008401249286285606	0.0005581548116772037	0.0008834302526064177	-0.0003096913693549508	-0.0013911450275479742	0.0018428677585822922	-0.0019442023160027924	-0.0012925197059981443	-0.0006805309938180877	0.00026769531709743694	-3.047299653205493e-05	0.0016747108016430378	0.0020072299675058317	-0.00012329430826365107	-6.790174177623981e-05	0.0044646006056409705	-0.00016226340390283148	-0.001315931248195091	-0.001372827444774091	0.0019062603701308772	-0.0003762668998240783	0.0021347969254597466	-0.00030881955258898303	0.0020616175954733633	-0.0021372273783671677	-0.00105720875321408	0.0008446227795315779	0.0009042813670839984	0.00020324439349183373	0.0008451867183052394
ZN394.H14CORE.0.P.C	0.00021267311494257632	7.804744065088008e-05	0.0020884691854436994	0.0011927311386449762	0.0004054134905709882	0.0005139964934676253	0.0017428892346290545	0.00033318510463128384	0.000507587287852794	-0.001565178352929129	0.0006416780413030948	0.000958127121718882	-0.002140966099587539	-0.002432426120606949	0.0014389284377612271	-0.002488791865496963	0.001703879635197054	-0.00186585509928194	-0.0013033525185786581	0.001819384091590122	-0.001080879113821865	-0.00011777144181925395	0.00022225529467024586	-0.002114481023561477	0.000311121471199792	-0.0022135797280625584	-0.00015996690220812515	0.0015403495547765193	0.0010019675418555445	0.0003031107160873076	0.0012045453458734328	0.0004308361007336757	-0.0017121679328893488	1.6844336174391076e-05	-0.0017573271609565237	0.0004260076848871322	-0.0004280563926661197	-0.000974149430637495	0.0012133150437753475	0.0014530058237768857	-0.000650440462806344
ZN425.H14CORE.0.P.C	0.023108026382760383	0.018738442751771674	-0.020118047068328176	-0.031382325998496344	0.019447569660090386	-0.028072731764269318	-0.02192866494623299	-0.04664797456223041	0.024322086541359422	0.027620238163392624	0.02730454546670419	0.032656583583444504	0.03133451465153546	0.026351431624211608	-0.013836402252216896	-0.022693283021201716	-0.017188769873160467	0.02656397469759153	0.023057895918205312	-0.02136207591919054	-0.0162348002564367	0.027335237390318817	-0.03969106135803244	-0.0006132189928945292	0.027261516925277122	0.03223912179259508	-0.005904113356223928	-0.008872436975546821	0.022882656789742172	0.036941295488179864	-0.02058231081275126	-0.0302862777315923	-0.011496083861963588	-0.03463253914666935	-1.236157263258264e-05	0.03119017451596573	0.028515684617113145	-0.020962558514555807	-0.03060204315858711	-0.014496411907101877	-0.013622278986477332
ZN430.H14CORE.0.P.C	0.0037125974260952058	-0.003807407562711444	-0.008206860802884942	0.003459628170806065	-0.005637591170365486	-0.0014741303568283001	0.009448567544092651	0.0036226452446823654	0.001807715073164861	0.002724926183195267	0.006237013244028344	-0.004825591449527565	-0.002879774478629679	-0.0015670563009638448	0.005843936546878273	-0.007679483880936699	-0.003846247184283818	0.0021402974563191207	0.0011710625368625271	0.004411077945090509	0.0018185736056751667	0.0011061633533773034	-0.002923542149822961	-0.00539025723988517	0.00043668299934252093	-0.0027859531909235832	-0.011836126572654398	0.006885156978544225	-0.0037901418262564317	-0.004312453160677611	-0.009473338076469981	0.010066773901753288	-0.004997198588514537	0.00993122928233581	-0.004746457267683753	0.005926387371346875	-0.005579451892248823	0.0015109645968645197	-0.0023946555339559167	0.005987490263974139	0.002012179469888839
ZN432.H14CORE.0.P.C	-0.0002186567785942839	0.007287557931906953	-0.009011949300293289	-0.006427767224415267	0.006499076642619926	-0.0070725725389412415	-0.006708446924636445	-0.006807782948279939	-0.0065065749987522695	0.010578667126206753	-0.002781818156896494	0.006110811955628421	0.010008919972801376	0.01248040516218827	-0.0073375595642715535	-0.012311500197583314	-0.007813047090934694	0.013791292100048966	0.013108711614603884	-0.014233861421792218	0.013810831282104176	-0.0056220467587977385	-0.005509377232277089	0.011263209844609868	-0.004165020328174531	0.008286014393300043	-0.018142979972334577	-0.01208316741251563	0.008401794147164462	0.006315251208777592	-0.007238970178022452	-0.009093396022749311	0.011954751607488788	-0.009283111998860168	0.011844545997255939	-0.003121081077241669	0.009629893385814858	0.0141268940593164	-0.008660033481080853	-0.008420516762994702	0.013499689997633235
ZN433.H14CORE.0.P.C	0.0020544333392284175	0.0031477294763231165	-0.007975047680048857	-0.009243525790083916	0.0029500899175679265	-0.00530346958273617	-0.0008104456476181222	-0.010501242656247677	0.001562665492009424	0.0103899381945712	0.00325320086804385	0.0031693176393011325	0.0055873555350224036	0.006500914248050358	-0.0027412229480725907	-0.014594257226806115	-0.011732421876525359	0.010000218172490853	0.009806950779808914	-0.005389561574709498	0.008170550758429665	0.0008928371272645397	-0.007340451428100178	0.007298118282109127	0.0009401722632459246	0.005567913641119582	-0.01762420477904754	-0.001195611145593689	0.0032022854801667597	0.003800636428498259	-0.0067553174024985625	-0.0020003284267260373	0.006915356465917712	0.0011753807773917874	0.007072580957745312	0.001553308799789821	0.0013179339060830752	0.006154506642185337	-0.00996283506964124	-0.0016397385863221071	0.005365840768804503
ZN441.H14CORE.0.P.C	-0.0076093027411116565	0.0005115366654646174	-0.0032408441336861937	-0.0004715149635042548	0.004926247187909156	-0.005529407798937404	-0.00012039929908659597	-0.0002374074080287408	-0.0016131672151241325	0.00525432959852315	-0.008060162240185855	0.00395269369943817	-0.00320168196170056	-0.00510282161448323	-0.00017040508082468006	-0.007472981988151481	-0.00040802390520864804	0.006035076546720829	0.0054886692090118615	-0.0009872571153286848	0.0106958107044536	-0.0012743285034254662	-0.003783382982079638	0.0030518158987345202	-0.001076919380451992	-0.004129089227210924	-0.020094889389545678	-0.00020026396469183944	0.0019106354597996937	0.00469446019144042	-0.003653233754694625	0.002888159846913517	0.0029325017990475197	0.006068459673426068	0.002550668114538801	-0.011005274522459266	0.0065170887060212734	0.01191492761682901	-5.294989229215341e-05	0.0007552877619977204	0.010332515398089027
ZN443.H14CORE.0.P.C	0.0005564994287958897	0.006459828850294018	-0.0011568976411836518	-0.0044950691356965	0.004676627355899375	-0.0046977099521526705	-0.0004929331731928031	-0.0006917607480024946	-0.0008399416281573667	0.005221759212315748	0.0031188147771451166	0.00821990853275716	0.002638305550047862	0.005118833029651972	-0.005768166276498507	-0.01938901127717854	0.0008196651670441951	0.006457249719665999	0.00523472433924578	-0.0049365896729366456	0.0032926619307292737	0.0001463059579264736	-0.00583758790818676	0.0012486603985019905	0.00014145199276875686	0.0040103826903120955	-0.0025541549114192486	-0.00382486231628596	0.007858921244182247	0.007455509246648284	-0.0027318996349231413	-0.008741055189594595	-0.0009428084994717277	-0.010076239735591332	0.0008640417943308783	0.004843389673036588	0.004729788508260441	0.002408881472271966	-0.003158853404971837	-0.004436031128827507	0.0036832024772642732
ZN449.H14CORE.0.P.B	-4.412581442655994e-05	0.006038055849685153	0.0005222619491328621	-0.0021790790832935513	0.005604818885420276	-0.0021275715855987067	-0.0013192435619660478	-0.002541493017245647	-0.0011726790784118077	0.0007339174510651789	0.0006953775701020405	0.008373363570418277	-0.0016285830699014486	-0.002223794298118663	-0.0007897472018168675	-0.0005431046840564807	-8.95584021585686e-05	-0.00039357356764239265	-0.000539129027236733	-0.0036485425450792294	0.0024208617772046304	-0.0011973318128597026	-0.0013128604531432372	-0.00017983029431044642	-0.0010975993912517856	-0.002082148096032778	-0.007029630029172715	0.00031131055438856324	0.005694252716590866	0.008623678230499298	0.0001243052996910063	-0.0038130710837834046	-0.0015480132298128797	-0.004990760739229985	-0.0004827751746612208	-0.002468773014509068	0.005718365468468308	0.0029458151626271453	-0.0003550739814744963	-0.0004919656345053992	0.0009994538178468154
ZN449.H14CORE.1.S.C	0.03929277350409684	0.026154486254731893	-0.03105786856040718	0.011878669443954323	0.025118095604892546	-0.02476722761163401	0.0017199506840671792	0.015748122313928394	0.03018408596869253	-0.01741397127143246	0.03655482792000705	0.013688799525550757	-0.026658874509203706	-0.026028952062908985	0.004151304138630366	-0.02604159685567098	-0.023148501560781284	-0.020077806269000326	-0.016820306252399247	0.006524413578775385	-0.005956740950883221	0.02804886014194158	-0.019313824563547438	-0.01612300497005538	0.03129930565161808	-0.0300228304363354	-0.03375574141544063	-0.0017473942034584265	0.021464865838400096	0.013194923861848864	-0.032808730188826435	0.004093310697408098	-0.01251957275956321	0.0027310882963681293	-0.01192658244509047	0.04112032358983528	0.014100772145198281	-0.0013220651910125503	-0.01138325171279908	0.004767656633681418	-0.0009468291031340947
ZN454.H14CORE.0.P.B	-0.001066483293352228	0.002022004741774966	0.0031781929274359577	-0.0015166891566704087	0.002319908301258726	0.0012644821974496468	-0.0006983417656645286	-0.002437970195446826	-0.0010380733811850614	-0.0024806419445566608	0.00018328773712428747	0.001923598094237723	-0.0024012314904298627	-0.002668868128069927	-0.0008747727266355924	0.0012298993397517888	0.002738466598713199	-0.0031173669654947604	-0.0033204284850280145	-0.0012944823846934763	-0.0012676913525231613	-0.0005355678478967327	0.0005458714000331124	-9.798299997829975e-05	-0.0008533180345424119	-0.0020656195977717924	0.0030278896753301275	-0.0005241204247727698	0.0022050654728849313	0.0025973140631569665	0.002884330332330107	0.0004928542420937276	-0.0004341522362261395	0.00021433442892994392	-0.00019405393765418479	0.001538936589940306	0.0021713122523712314	-0.0011465347906434512	0.0024465547545347265	-0.0010071312596575518	-0.0009726803287211684
ZN454.H14CORE.1.SM.B	0.0028377802742161062	0.004972143283494572	-0.004151307111450148	0.0034542798139441345	0.0035554125991562884	-0.003685883707608841	-0.01299195575987047	0.007476736630276624	-0.002725854983815501	0.00666161194755911	0.00549519290614864	0.006551404309182664	0.012335424598202659	0.01215195214253991	-0.015627890482695975	-0.014712726461039442	-0.0027141865576083704	0.009866210821592086	0.008887741618872808	-0.005110153216099924	0.0071325532528367375	-0.0036338068302607385	-0.007406726354941846	0.007837442606129248	-0.002865852230826065	0.01091304980858243	-0.014150947395503833	-0.014674452228550692	0.010631471366281649	0.003361981586993028	-0.00407186949145333	-0.008358132230605548	0.007055139085052953	-0.011643309678448207	0.007070894292605646	0.0011036646843450015	0.003189652553053916	0.008486233306296885	-0.007082995058615934	-0.013289023804229482	0.0058524250512124445
ZN460.H14CORE.0.S.C	-0.0010204290466119398	-0.012254937801819002	-0.005455050824397942	0.007798065868739954	-0.005556805228992993	0.00038129017208591784	0.0029406776721773798	0.012465694573688037	-0.0035407007713547656	-0.0018180875275344496	-0.0015957104025768748	-0.011934683791138781	-0.005136283566915298	-0.005513033461580937	0.0038140109140215954	-0.018677908188881612	-0.005204141914438545	-0.0028418850106267726	-0.0026475997105082777	0.003914926768880979	0.019626975555084546	-0.007256397738984288	-0.0051538497642208275	0.017169433555743945	-0.006455909837592802	-0.005546085521994162	-0.009097996812150622	-0.0008379922265100877	-0.009540736741481641	-0.009003954889792828	-0.004630018680526041	-0.0028469366218161207	0.02197746434345547	-0.003684959522913054	0.01772990492628061	0.007622863985164402	-0.008324220664156341	0.020668386807801066	-0.009418657448883039	0.005516534334150734	0.02081645302095312
ZN471.H14CORE.0.PSG.A	0.0012141658860832655	0.005793776488105783	-0.011574709341469223	-0.0037644329407326357	0.004289487524859602	-0.004771470271262807	-0.006549686614376631	-0.0023609823706984834	0.008676924940266697	0.0011556210842623288	0.0007363878199796951	0.0018643642749791717	0.008784619564618588	0.00951511235834339	-0.005051634233105258	-0.013130037763488117	-0.0046711144343990485	0.0016438905005330337	0.002198434387101572	-0.0038041942865194855	0.0059090966145039295	0.010257077605157414	-0.006045081027734288	0.0036134048539443672	0.00891399002444394	0.007233129458768308	0.0013778336830924248	-0.0031897081147081677	0.005951666866816466	0.0005834826227378385	-0.009187993528730936	-0.008619430394537502	0.006249887196655118	-0.010370418911246833	0.002971094300230251	0.0021290883345579797	-0.0015619475429111164	0.005868574036665214	-0.009793809719860658	-0.005336529609494891	0.0064815318012866885
ZN480.H14CORE.0.P.C	0.00026416160005284157	-1.1865923248334889e-05	-0.0002082011765083395	-6.930793969702896e-05	8.28991658633904e-05	-0.00014508943906002525	-1.9112166614449182e-05	-0.00011087180655482192	0.00022926370885133424	-0.0001374593172385136	0.0002656895807939721	6.743992577823237e-05	-5.04168047708788e-05	-4.992267676193836e-05	2.6245065428895222e-05	-0.00010865011200558716	-0.00032070086611051397	-5.043447580656843e-05	-0.00011478114828457993	-0.0001409879156975335	-5.2112579636004984e-05	0.0002958247073401181	-0.00024077628249735868	0.00011767111645022551	0.0002295956298150366	1.8404870162403364e-05	-0.0001095746882612686	9.115115861471667e-05	-2.776788431781683e-06	7.916899037767387e-05	-0.00019780402687111362	-5.3607964172197665e-05	9.346467426802913e-06	-0.00010508389442943358	0.00017588663009337514	0.00028214395929374047	0.00014761951043495937	-1.4714325676485653e-05	-0.00014355328738951175	4.191929362618442e-05	-2.2097495907703792e-05
ZN493.H14CORE.0.PSGI.A	0.0005587706694366373	0.0003821732254170058	-0.0005465123617394855	-3.158260490741219e-05	0.0001584047387027717	-0.00043298383537913876	3.482760394156025e-06	-2.9679025785936657e-05	0.0002798204430883703	0.00027351407632795165	0.0007729996615755041	0.000540212001588194	0.0003593693028873853	0.00022278652896395553	-8.974815790955268e-05	-0.001216766071970056	-0.0006192004022892547	0.00010560102330952476	9.656343611792566e-05	-0.00036433892953844434	9.811090553505514e-05	0.0004530215013216687	-0.0006041392398970207	0.00014542218778601946	0.00033778516845381574	0.0005209147703372887	-0.0007200375658630766	0.00016437084529028097	0.000526976782282863	0.00035849904263011057	-0.0004823516462207876	-0.0008188578847408868	4.034740234336916e-06	-0.0011004131901300985	7.865067440849041e-05	0.0009199903431177641	0.0004433459091220328	-3.699408876877558e-05	-0.0006121963804629005	-0.0001456376401605331	0.0001201819260706477
ZN497.H14CORE.0.SG.A	-0.0026326291804930416	0.0013609309259918156	-0.007437549782938143	-0.000377475038414404	0.0036821173548834784	-0.0007967367575583487	-0.0021716793362308758	0.0013948678714945676	0.0014444607672081076	0.007301918200544245	-0.003444217473728731	0.001700275226975691	0.002970868326965125	0.003753234034875862	-0.004581824232567101	-0.007855898291687688	-0.005865937341299081	0.006271375376456868	0.00794876932149672	0.0019167867562731398	0.005460614066577798	0.0013342002528022139	-0.0004738913569604028	0.0021521833632809594	0.0006291991029688093	0.0015344793876103718	-0.011548036554703989	-0.006389736714971681	0.0015115428715690685	0.002051552666045662	-0.0052757176772714656	-0.00014076132957629918	0.0035848515069297933	-0.0005830469470817846	0.002452864029753867	-0.0018000781023490633	0.0018355170351203745	0.0046489343189232805	-0.004527907727966539	-0.004107246647254428	0.0050360039653475665
ZN506.H14CORE.0.P.C	0.001457931459481067	-0.009498930418223596	0.0011814502519549505	0.0063071063603489415	-0.009492001768327873	0.0008082318062271471	0.006233260299478235	0.007652644535713411	-0.0013741769074188462	0.0016657537496858194	0.0024532243808185706	-0.010357501467145269	-0.0022450929924630013	-0.0021443290544445534	0.01045660694310548	-0.001810583181626052	0.0020081286685000067	0.0013945561620595653	0.001301622211916112	0.005835200661301934	-0.006005843760661156	-0.00027726289623772327	0.0007822535710775846	-0.00644692120988339	-0.001779463281783699	-0.0003229558502581692	0.0005336829866263576	0.009949553526040197	-0.008340780112591184	-0.009780208564814093	0.002021681231168998	0.007551880358852686	-0.009111570075454448	0.01150438741163326	-0.006735535021340819	0.004951298955106376	-0.00823199471295211	-0.005358806069569955	0.0016112507107751556	0.00895556403586865	-0.00604074188674085
ZN507.H14CORE.0.I.B	-0.013647600439393864	-0.0010404338414809712	0.004130036552500393	-0.004866555357605874	-0.00023206865353658877	0.005842931511456609	0.015822137357510764	-0.0051112651870724776	-0.009001687938176142	0.008265667308378688	-0.012614660730222663	0.0008438945160564402	-0.00991396923531337	-0.012134647903810063	0.015299196644153728	0.01288050429367045	0.007233456696943193	0.0061725012031972094	0.007846507788841935	-0.005307933971967756	0.004775402086224373	-0.008930424595868583	0.006281300882894681	-0.014075019688767836	-0.012303180459612054	-0.0076239139694737525	-0.012228846593072912	0.016785027978988974	0.0007240672680414667	0.0026290952328243966	-0.003189467228436896	0.016842145881703637	-0.013958130333991691	0.018635701997134983	-0.014790020026257289	-0.016730592916783596	0.0033430482103903505	0.0040699529446393615	-0.0011787871183875677	0.014289710565350031	0.0012441607915966504
ZN516.H14CORE.0.S.C	0.0018485389899016852	-0.004853097434652287	-0.0013532831108206541	0.003352964854158023	-0.00527904112366828	-0.0020800017085511333	-0.00042264234372840987	0.004270483546782008	0.003701722732397685	0.000421494116802576	0.0012687549234794565	-0.008271573863459907	0.006229997021231278	0.006232844461772203	-0.002273233947789773	-0.0028717482645534073	-0.002232451767550786	0.001710144688306936	0.0021051615974619336	0.002462919549044232	-0.0005485126577302723	0.0032104863025406924	-0.0009223378444914452	0.0018839899127484827	0.002792613706684488	0.006911384773606146	0.0038889497095270543	-0.0008287477860070992	-0.006037136188015669	-0.0077732636153488455	-0.0019208898985675722	-0.0001289501811150274	0.003217067702347339	0.0008822612787645383	0.0017185027680471183	0.0012121432510976832	-0.008219976340360674	-3.494542676190683e-05	-0.004670522315109895	-0.0004103562357223548	0.00018937334517444247
ZN524.H14CORE.0.S.B	-0.00041814745197713	-0.005443119143207198	-0.002945722810524222	0.0005475150861129928	-0.0048265587242348595	-0.0028918243138577847	-0.00027751883735810823	-0.00048028460904310554	0.0017593569831683975	0.004444125386769901	-0.0013502061638467379	-0.004991396772466775	0.0035070618782060865	0.0024680205645684575	-0.0005718577056079384	-0.004875183789178582	-0.00259588862202278	0.0030156807749325623	0.0037085683885169224	0.0016116074465134548	0.0020491243551345566	0.0023891177071747108	-0.0029705171877341674	0.0048870246003567	0.0021753938662887034	0.0031804805873098616	-0.0019829341446586865	-0.000235841046237412	-0.005583978672982796	-0.004592710573808756	-0.0012797704244378975	0.003412852347954524	0.003883285857841548	0.004058813275791581	0.004270923478469281	-0.0004863733162880704	-0.004232754996284721	0.001975459314452376	-0.001759828836935387	-0.0009654191306603232	0.0013674153404609653
ZN527.H14CORE.0.P.C	0.0013285243006913305	0.01330390340924779	-0.01849472114849518	-0.006529956378155902	0.013279925875120406	-0.010924686501023018	-0.004674958562766654	-0.011021124819013472	0.006376409225076776	0.011485861761023869	0.0009725934274876702	0.007598848447453156	0.00557261957580913	0.007705135512019047	-0.007631780849093007	-0.012373018827926019	-0.02069436694377294	0.012540625285322418	0.010174420347240767	0.0028124577613675046	0.011517050980476354	0.005932095102679474	-0.009383886472593944	0.0009728709980248162	0.007996912357122594	0.0054319631600412074	-0.02911138082132783	-0.008729245642321115	0.013060249316621158	0.008880703190729353	-0.01783905063188089	-0.0028031012954027783	0.002070456122754291	-0.003003999974965397	-0.0008427296010995663	0.006164848427443428	0.011407174255755912	0.010134673656569754	-0.013318666333508297	-0.006423023580210787	0.010780137845237278
ZN530.H14CORE.0.P.B	-0.001121246881791639	0.0006864756274454005	-0.00181313922192744	-0.0006086083840533816	0.0012349146463573987	-0.00029769288555204707	-0.002396427939644368	-0.0006756776234452143	-0.0010243056565358358	0.0034950578441783446	-0.0006468277520273276	0.0012833090995889663	0.0019305507955851894	0.001918887679043026	-0.002442362548276224	-0.0013403196556580968	-0.0009871526849990903	0.0034034761511399884	0.0033033363233168113	0.0005314754933198901	0.0010707438215954226	-0.0005106461354630731	-0.0016795974678215642	0.0008693128733626501	-0.000344003384889375	0.0019046041234886627	-0.002475070905259495	-0.001651787890009574	0.001165692031557882	0.00199368826371809	-0.002066944643587306	-0.0013084246499833997	0.00046253395607239074	-0.001556994555572488	0.0009744915419725962	-0.0006516084886535982	0.0015853909681065774	0.0015512244047442177	-0.0012351484050546618	-0.0024589794316964824	0.0016054075779539587
ZN532.H14CORE.0.SG.A	-0.0012479926346732756	-0.0037456408281461833	-0.0007748334351238718	0.0030594188237233373	-0.004530075801434916	-0.000900332351179753	0.0011186754940083277	0.0037012983292275654	-0.001114578977356364	0.0007639288204172208	-0.000452846614057624	-0.004131165636249325	-0.0009459647498437822	-0.0004788025417532013	0.0013187361107830059	0.0010584096744763773	-0.001653605778291046	0.00018084742332149205	-0.000258282121404909	-0.0005481454829187318	0.0033345625433053375	-0.0007657412893105411	-0.0014902835173677513	0.004035430270106034	-0.001434198505885536	-0.0003676620229733415	-0.0016954844273451737	0.0021656405415241046	-0.003693181942918846	-0.002839169873045836	-0.0018085287825404172	-0.0002709846643633555	0.0035074668395904188	0.00035682773139769034	0.00459784088221748	0.001035834891683761	-0.002445858718556776	0.00293796360008987	-0.0016764576738702505	0.001156776421639608	0.003816029378345952
ZN540.H14CORE.0.P.C	-0.0021844163284090515	-0.012374016216438966	0.0038173380300769444	0.006442794146257837	-0.009876444417597413	0.0025743961574977575	0.006356522172864046	0.005362152581048843	-0.0066689834579362365	0.008215435610013228	-0.0036196111897563972	-0.015085530228755237	0.003731037119077199	0.00593608498323997	0.007861399475687193	0.005243360354730442	0.0005213714036093053	0.008700834160396964	0.007546061030879486	0.01376440562754478	-0.0038188300112110274	-0.0074050922768841565	0.0029866044276673775	-0.00903470286125993	-0.006295945385226976	0.002168595928200359	0.0032432609669056367	0.004543508754772316	-0.012710314444755531	-0.01024374460048931	0.0023021571884390135	0.00821340064830785	-0.005488250486634205	0.007637952708843531	-0.0062685093377122525	0.003375553787997459	-0.012289538841254846	-0.00627626738845638	0.002659598948618197	0.006470132502597439	-0.006199405935796487
ZN543.H14CORE.0.P.C	0.008777590220314269	-0.0008336470334346299	-0.004844466293911047	0.005581830975065967	0.0029231781208566184	-0.011886509009603384	-0.0030657323010562293	0.00734725927833591	0.009832369030757682	0.002829719667257244	0.009141678751607627	0.0030046175750883496	0.003001362302765053	0.005430739114892235	-0.002947584554180629	-0.017786178862975233	-0.010474268170439473	0.00396084770482566	0.004193414824018402	0.0010274982604339886	-0.0016477680765046299	0.009973590267849677	-0.014914382362695974	-0.001407771808853868	0.010782801994222874	0.003626311822542895	-0.019125131593986017	-0.0012739821041372699	0.0028204311195905623	0.005215842406992067	-0.005306764821489722	-0.004712375103960481	0.0010040063468940569	-0.00866953159623491	0.0005568746591214993	0.01355369713193258	0.0029998973885521883	-0.0023194449848565474	-0.006746043518388242	-0.0021506883202450176	-0.00018955779242910142
ZN548.H14CORE.0.P.B	0.004665522789750569	-0.0009320952618901588	-0.0037910312562070073	-0.0007620296210583471	-0.0031525911521157884	-0.0008665202017673207	0.0021895839978736155	-0.0014980049824397448	0.004178862642183735	-0.001118909251518023	0.005478851221811283	-0.0003758844327366728	0.001462447309638272	0.0007815349364251531	-0.0002347020028840915	-0.004909054834060136	-0.0029453707596644348	-0.00046902775897540716	-0.0008977006689412093	0.00020461165065202916	-0.0033580152754110124	0.00409418677086547	-0.001774550812567069	0.0008753188446801383	0.005372470222259897	0.0015142803715300426	-0.005168737217572217	-0.00022339367735557496	-0.0011009260288424557	-0.00043569219347301506	-0.0027535622040176164	0.0023975986170051825	0.0011952638077725973	0.001555379084352669	0.0021743490708904002	0.006438284159566675	-0.0020045827760428597	-0.002555739569623461	-0.002840385845885224	-0.00010029649185781982	-0.0025192772732508736
ZN550.H14CORE.0.P.C	-0.0197584499973776	-0.0012556018310913263	-0.002387265782515871	-0.014064053296012723	-0.0005196902119214974	0.0115474733821192	-0.009723857326261538	-0.012201463849247066	-0.013390779302155691	0.01784970326658758	-0.01753500760663894	-0.0005015033031709609	0.01777342456257111	0.016758300727284403	-0.006514822834738841	-0.005287203952726471	-0.0009532333346324653	0.020134397932985548	0.017156356925950828	-0.0038068464476158637	0.010970431103871081	-0.009936089947173501	0.0042270140165526215	0.008121882182160367	-0.013007705445504761	0.017490631491841775	-0.009409680081576027	-0.005452616231923099	-0.0019876294568694983	0.006888327469633079	-0.00118051155899572	-0.005633079636707709	0.005030903323909597	-0.0036465484468197074	0.009505580220036156	-0.009887528021146716	0.004647518373714389	0.008465886547156326	0.0017515310544761187	-0.005863523123408012	0.00814842971663754
ZN551.H14CORE.0.PSG.A	-0.0113843359841935	0.003215479575163791	0.008967316308169722	-0.004374168888490999	0.0036437702931539084	0.0049648435997626875	-0.0026595211113828038	-0.001962976885654711	-0.0069761144618162435	-0.00013817793455715016	-0.011883411424936529	0.0014951368837420737	0.0010843745924929843	0.0028302969481545613	-0.009179450559514333	-0.0052040042681277265	0.010845870949767945	-0.0007421856397163071	-0.0016402328823488035	-0.00011340740088297205	0.006309283923111496	-0.00457873812625581	0.005164115908649486	0.005099980103355765	-0.006911247967615409	0.002557748785876772	0.007286537048464409	-0.009900352258184988	0.0035225826874060165	1.1705806861200124e-05	0.009637226845190895	-0.0032485582722590347	0.006318188955011909	-0.0010190959138934625	0.0042236861082475645	-0.0074124516576103555	0.0004408565965269354	0.0054202976025128635	0.0037193929089871236	-0.007237337862169685	0.007236488197522581
ZN554.H14CORE.0.P.C	-0.00039141125492295377	-0.0002756595317222898	0.0004857517037501341	0.0003517460981653337	-0.00010570704718969163	0.000694646338410283	0.0005556764562020923	0.000519677913173448	-0.0012551740675454783	3.522615913651231e-05	-0.0002720660822276835	-0.0003354491667166108	-0.0003918408045900726	-0.000592573376656776	0.0007554579927043717	0.0011116272780296726	0.0010188557315179351	8.645530996263459e-05	0.00013648031550529162	0.0004085349309393832	-0.0004692184824346083	-0.0012004192859482654	0.0004336288687395596	-0.0008012294313046835	-0.0009824659283201725	-0.0004122604454821787	-4.531998382759951e-05	0.0008732873292044588	-0.00021910227908496422	-0.00013436026747011944	0.0008168274751326585	0.00048480005709042675	-0.0009632371304998709	0.00026675280752783386	-0.0008837030601816145	0.000243896465639935	-0.00026751581213267086	-0.00046899975967393086	0.000568693456420152	0.0006822971480863456	-0.000384992424818072
ZN557.H14CORE.0.P.C	0.004061396111988944	0.0027033851033816565	-0.0021814541809752064	-0.004502538241969003	0.0025182665743513875	-0.003440739612980113	-0.005151895526692319	-0.005678504243423932	0.0035438125296337122	0.002540746021457582	0.004052308976207721	0.0032944962503921142	0.004578187860732462	0.0031942528181123364	-0.003449678394621622	-0.004005005241339621	-0.0017874753821137263	0.003162456673556545	0.001726254136703416	-0.002926979316346388	-0.005433050648789593	0.004095797394471568	-0.004534327374571184	0.0030817899784906164	0.004641386527893645	0.00541969192274272	0.002102645348172158	-0.0011104026488428162	0.002469660317240347	0.0037934294149614915	-0.002948281501882047	-0.0061884313249813885	-0.00041255538598869435	-0.005996512686479703	0.002991807074940161	0.004342297298204123	0.0030737881657944485	-0.004134904322517771	-0.00016700446281286974	-0.0013537098393965972	-0.0033579160867422547
ZN558.H14CORE.0.P.B	-0.0019216930050355019	0.0008284118637248436	0.009436961472755523	0.003193968827912356	0.0027297728243731497	0.006070853537908779	0.0076537041544626466	0.005117109345567238	0.0013757291725802132	-0.011432452535636031	0.0005782991503969284	0.004994816059217375	-0.01068548025775039	-0.009256213614194646	0.004066720015155885	0.0023345784497843525	0.010824371021861321	-0.011779108723150494	-0.009861689457963056	0.0036838084636639148	-0.009963416302105808	-0.0016026718309891247	0.00778241501881452	-0.014375503425770625	0.0024415936052348593	-0.011861495788009447	0.006829567886596444	0.00298952908169672	0.0036765228849153318	0.00313951953928456	0.010505526262738514	0.006780539009709027	-0.014035178027805417	0.00478565853095664	-0.01489080909958819	0.00032708613866062886	0.004618293502471617	-0.00802847960530513	0.008577232893321636	0.006071896685817124	-0.00680261305035821
ZN560.H14CORE.0.P.C	-0.004130718834822335	-9.722388057606824e-05	0.0016273876129934833	-0.00027792810018721116	0.0005067767446058392	-0.0037746247931052315	-0.0008531621935142699	0.000564072740430974	-0.005042450496119306	0.006981210673628432	-0.004610745337098904	0.00077882445139363	0.001967415685247026	0.001710038186566034	0.0009214333882581532	0.004657424207859084	-0.00023415133685545167	0.006981661420783616	0.00533229383194414	-0.002649327213012899	0.0021515376753614146	-0.003571438043526269	-0.002261468913488676	-0.000875347017025626	-0.004557373188838851	0.002708490129125201	-0.0017453309127074823	0.0010982261964080468	0.0005088650636789595	0.0016381578324990726	0.001487176299253632	-0.0009801745768595904	-0.0019124250439542002	-0.000990467795654044	-0.0013081288356387305	-0.004056419137848294	0.0005858958940045782	0.0019679572722518593	-0.00027464572958819933	-1.9041778078369986e-05	0.0019634615665510627
ZN561.H14CORE.0.P.C	-0.005116821803259938	0.002100088378204196	0.005486341728380743	-0.0022707265127359143	0.0018993538845196835	0.006195618647401745	-0.003763945259905227	-0.0032854244923236748	-0.002568591308375723	0.0011521794223601362	-0.0031369207220167533	0.0006669213962180818	0.0018371898060565058	0.002070349392508322	-0.004629121291387174	-0.003955355496020677	0.006706684450053631	0.0023031719514302364	0.0012770189127470112	0.0036823330275204662	-0.002650335789921642	-0.002927512578815277	0.0026188048515693313	0.0007516871606132909	-0.002307186287232631	0.002341134166553944	0.002612662616862195	-0.004507352899846373	0.00302258787774919	0.001710565855966165	0.005424544829283727	-0.0016462800188353265	-0.00030445107441602094	-0.001751441640091922	0.0006372556574251748	-0.0017423804656641756	0.0018178526080568427	-0.002682654706974281	0.0035541797591077465	-0.004350976208948135	-0.0026598014322132546
ZN562.H14CORE.0.P.C	0.005320152650996765	0.005447612634644043	-0.01865665934796143	2.0122822842822546e-05	0.005448660390247349	-0.008570086821294481	-0.00409738817236939	0.006555646871567112	0.010685190026899785	0.008437532049699908	0.008423506637171271	0.009945969497588622	0.004869306257412637	0.007701001664653595	-0.006311028677645934	-0.03276529019499874	-0.015252709022315084	0.010508260261576419	0.010367859077700353	0.0003267919334366161	0.011849561197046554	0.007552813160085402	-0.00983842384628171	0.0031535363577986503	0.00832389745586596	0.003023797060969051	-0.029213596890831472	-0.006146154328091975	0.005460584283255602	0.00583150146854524	-0.01828865728480336	-0.007812413735862485	0.004433157221613547	-0.006582214913440985	0.0042290801288735955	0.006094555218773709	0.006000705938711479	0.01473274186703391	-0.014746427807388413	-0.003998351151159549	0.007925226175999833
ZN563.H14CORE.0.P.C	-0.004862874165714973	0.0021325719514093447	0.0049630935218404615	-0.004049945511589152	0.0005957263014757797	0.006838198833771409	-0.003956551142191532	-0.006548953444370719	-0.005094562577726031	-0.004660131853330612	-0.003990037123497292	-3.106780397070172e-05	0.0010042139029419524	-0.0004340931730327322	-0.0037253748589471496	0.00024351015746158083	0.005029677517928162	-0.004073716925879215	-0.0033786737661101705	-0.0038250343434471164	0.003797019640768326	-0.00562325614940299	0.0039220416675896964	0.006853980470381535	-0.0041880820254375055	0.0003160703306548159	0.010059341431967656	-0.002552008818923652	0.002207786229642732	0.0009905774540957526	0.0064040681609669955	-0.0022832779130581523	0.0054894185581417804	-0.0027301639959676216	0.0059356580391994145	-0.002483547951097592	0.0003875927689648926	0.0036237212912876987	0.0038401965278805038	-0.003193670076450024	0.0023361762146223153
ZN563.H14CORE.1.P.C	0.002512458803246617	-0.0015060260180800754	0.006393284877255004	-0.001253612168670793	-0.001237876666972124	0.007163679425400566	0.0014270570487391106	-0.001425026135283859	-0.0009252626120363691	-0.0005400892284923228	0.0035311562740910534	0.0028389157014438882	0.0024386261380321544	0.00047447447445918625	-0.0030645000212322793	-0.007898111358357496	0.00855518874265971	7.514604332292674e-06	0.0008600671095545381	0.0021996141036826587	-0.010678827011908608	-0.0007703644876788235	0.00377604409155282	-0.007419980454489095	-0.0007328908313678217	0.0025696213740759866	0.005384572297330206	-0.002877438422199889	0.0005688746906107557	0.0012479056469970138	0.0045367315881546695	0.003930785322029484	-0.0076621427451904756	0.00397703090022537	-0.006956966362953893	0.0028984451534203037	0.0006137711170924303	-0.009747983781711544	0.006656973601798233	-0.0010766699836500812	-0.009386814690395179
ZN564.H14CORE.0.P.C	-0.0005771889894374757	-0.0005707405006867838	0.0009960071571433748	0.00155440149345103	-2.4718538823262012e-05	0.0003058455273592057	0.0010378833075141702	0.0009986431691862653	0.0006782002270689386	6.467077479172662e-05	-0.000521940963719712	-0.000585432189126562	-0.00019853096296736095	-0.0007414074530779444	0.000390499764895976	-0.0006147782769010679	0.0012327891939355948	-3.818662845183826e-05	0.00010291386947176503	0.0027424475211282285	-0.0013322049901485153	0.00013761227024204885	0.00015754151110335818	-0.002803424153241786	0.0011174453158777193	-0.00034051925276972275	-0.00087166294666121	0.000615370144481671	-0.0006778153778628465	-0.0006887516320769303	0.00020664908232026144	0.0017588614172624813	-0.002383095824991124	0.0021149949537706287	-0.0027014168724182504	-0.0008446518937692514	-0.0009098949081257548	-0.001268313940390231	0.0015689163811729127	0.0005858392199641887	-0.0010054477804627912
ZN565.H14CORE.0.P.C	-0.0018394227715177978	-0.0007721683038043586	0.001692645048707718	-0.0004240410151574842	-0.0006476035869383608	0.0017461808166991206	0.0018020766586202513	-0.0008294175731065586	-0.0015239303701433428	0.0004355532238496801	-0.0011341637121979017	-0.0005715767672539911	-0.0018122175119904514	-0.0019212098495785708	0.0014533720463900449	-0.0019081357014246805	0.0009931433150015458	0.0007983113232200925	0.0003494894308268756	-2.6291234779640942e-05	0.0013499266523931581	-0.0022066226726075618	0.00043690066701890587	4.6874762057310185e-05	-0.002055423938741194	-0.0016944186523825382	-1.9248542718029726e-05	0.0017719105636959565	-0.0006741908481209943	-0.000300588803046997	0.001275810943071689	0.002006268360120879	-0.0006683699855076271	0.0021472421083180986	-3.521357885013718e-05	-0.0012463164067297063	-0.0010647992796497	0.001042842558888979	0.0008727032194252617	0.0019145363958576317	0.000729859826657308
ZN567.H14CORE.0.P.C	-0.01771278946871374	-0.009919657862189752	0.01762426294129013	0.00521647636035532	-0.011513812393098333	0.018045719169133938	0.005721074048990787	0.004690739474973289	-0.01593582439228522	0.001447002769329797	-0.017787034191034324	-0.008974465438808053	0.0031711477148748113	0.00265108172101592	0.007945160522591168	0.011670359965887833	0.02017678612845343	0.0028661156862380133	0.0010379931741469894	0.003247510998306915	-0.006995917909854932	-0.016000208312628897	0.014766491864484574	-0.006361815602509438	-0.014924875257101233	0.0024952114192553845	0.017686163887307704	0.006258129737454196	-0.013023109001017115	-0.007360153352823834	0.02251923451898019	0.004044781424590051	-0.0063430898411432	0.002976763969766524	-0.006205157168784649	-0.01603102105040445	-0.011984092267312813	-0.007092234325863811	0.017280541908774566	0.006561736077891922	-0.005313733260867787
ZN573.H14CORE.0.P.C	-0.010165669138301622	-0.004274371355563774	0.006250755146890975	0.0001614421762790308	-0.003568919402696283	-0.0016146893482265681	0.008422301972936959	0.001906418330491282	-0.0025805960601260544	-8.814973667845005e-05	-0.009190595464124658	-0.002659466835207354	-0.009922930525600407	-0.01024220242396395	0.007781031693372081	-0.006225771833750726	0.008223522941511938	-0.0003371161348721813	-0.0005800269042302159	-0.003281199715697415	0.005821307716005628	-0.002758935904218822	-0.0033794204188935945	0.0016189344163574301	-0.0029956491839192093	-0.008294291206575887	-0.0005049191359548788	0.011060099638644424	-0.0034000312722538093	-0.0029765569480256597	0.009129593962374394	0.008808973404235965	-0.0012477895982541537	0.008238237659884188	-0.0014918423512814763	-0.006174180537512425	-0.0036113353884118966	0.008054690059965827	-0.003878609667365293	0.00880578572258086	0.007326082800412137
ZN574.H14CORE.0.P.B	0.010027207001115687	-0.0022420483759039347	-0.009067894307744871	0.011166466356956851	-0.0005362481464095438	-0.015355352029543683	0.00014870374293812945	0.00944205805352787	0.007899770652966542	-0.002377062735978125	0.010871783214873552	0.005269598090383517	-0.008435603336557806	-0.009074942551370029	0.001602974726617629	-0.016105579187563113	-0.01292107929278772	-0.003351516609804775	-0.004572252628806339	0.009066064906697906	0.011022278169418281	0.008864017730191395	-0.015386774716870222	0.0023732273572117935	0.010548931653471844	-0.008975901798304292	-0.02445778430514417	0.003730056956948412	-0.0017403102272285798	0.007515857337664035	-0.008856734853947522	-0.0018438127353497934	0.0029151052179896414	-0.003568196410097697	0.004363631874959785	0.008348016653437637	0.00477810987984946	0.012415868075753442	-0.013199233416768055	0.0024744374558091833	0.010195417773364385
ZN575.H14CORE.0.PSG.A	-0.0008982373997301497	0.0009013635619357482	0.00025057070283465016	-0.00023719739962037474	0.0007545581084049148	0.0004501847001345885	0.0003909247866751371	-0.0004157211192887711	-0.00048481286580139265	0.0009157346220444347	-0.0005141165788193013	9.155413747245333e-05	-0.0009838044731096986	-0.0003861541050911724	5.4237488561205465e-05	-0.0024988079167293613	-0.000431030593507512	0.0010102310950758503	0.0009861748912871234	0.00011112791759175077	0.0007275019343856402	-0.0005426969163142559	-0.00023314398323265838	-0.001393468096569584	-0.0007765270342182723	-0.0005364077732105607	-0.0018688913585521265	0.00041383288342911246	0.000775430132303991	0.0005618333964972897	0.0005927887079321004	0.0016443643073137135	-0.0013647979487915684	0.002406223479393494	-0.0014370677007261457	-5.316051987550377e-05	0.00046855941417319824	0.0007652348186630246	-0.0005407900257316887	0.0003369030897925414	0.0006517531901626371
ZN580.H14CORE.0.SM.B	6.0802048668137654e-05	-0.010703024712940169	-0.000857018157608299	0.005905728868564185	-0.009200266882409379	-0.0005336211155335269	0.008090322966320283	0.00744257855848843	-0.0007194319759057377	-5.603213658556677e-05	0.0007732999401849853	-0.0013109057472680003	-0.010915561162867465	-0.01099763974271329	0.007490379537268482	0.006910918016645187	-0.0029437138608648036	0.0015240786901295073	-0.0003094641914987428	0.0030402745935814877	0.0006435989703589898	-0.0005420688153590925	-0.002117444922220782	-0.00422812517721508	3.923421587126788e-05	-0.009374125039206333	-0.01186305814968349	0.011540348650211845	-0.008617297105320675	-0.0008215057420080489	-0.0021580837554744	0.015254366290634525	-0.01017462010565932	0.017211282701944906	-0.003277777448921963	-0.00031851082156436616	-0.001208014801691304	0.0004855025318797196	-0.0025027286835962066	0.010378285492008215	-0.0007561565271783782
ZN584.H14CORE.1.P.C	-0.0031514598344888622	0.0012776714334680516	-0.0033941348176834	0.004887412429608975	0.003289569094796676	0.0008570769485101246	-0.0052596122834678745	0.007561743212287329	0.005137438906776912	-0.0098567533202253	-0.0034813192336154535	0.004627863792204646	0.0006579332288485628	0.0034397193948967064	-0.01204465800673527	-0.01550471160269487	-0.0002704940467840918	-0.008220681173901213	-0.006671217103846435	0.005590196506870885	0.011296690616803655	0.002966250071495327	0.00407430492280015	0.009179159689981922	0.006825590633512636	-0.0006420761987837517	-0.0033938582246044596	-0.01632983379820117	0.004106285981731406	0.0008479259924193891	0.00011321035490100516	-0.009200978716278674	0.01179201180868688	-0.00827833352037384	0.009604011917408957	-0.004032580005156369	0.0037383453844154367	0.012087044575548184	0.0009900985570076189	-0.011860515039289286	0.011467619381224772
ZN595.H14CORE.0.P.C	0.00543430626641081	0.002785003737822777	0.00015178481286570733	0.006325321898364532	0.00014253328524989513	0.009628300737040402	0.008592915429207532	0.013003965688768153	0.006396369580401115	-0.023620023480087182	0.007356120290646896	0.0017311326898446638	-0.016866765990083993	-0.016726286726335197	-0.0019317680317564568	-0.006668906156462262	0.005478759655781644	-0.021517203165939237	-0.021206444073915417	0.006290304307126805	-0.0005908958275135795	0.0045656232930029045	0.009424006219236971	-0.004400402204315916	0.0061176438251331015	-0.01942112072192513	-0.0035776873108592094	-0.0032128238540028503	0.002619186094518107	-0.0013986164142166177	0.002350352912141085	0.011073531334948159	0.0007352540168411338	0.014306693749834905	-0.003718777651653127	0.004968390105406853	-0.0005050317535052976	0.0003968646819745847	0.00792349519904633	0.00022792530448531145	-0.000928139367710766
ZN610.H14CORE.0.P.B	0.0018137048499307779	0.0005120670144050463	-0.0032188345111863297	-0.0008284457518334988	0.0008542371721396592	-0.005720178453328027	0.000588228197197913	0.0002593147142253942	0.007399305976642231	-0.0034946433803258667	0.003111810318921197	-0.0007700459716232805	0.0015338434937563934	0.0008144822248746866	-0.003627579322519983	-0.019876844750676234	-0.0034661392835326	-0.0013424696302640551	-0.0010200761504670433	-0.008116478105858242	0.007999655364793745	0.00383563384850346	-0.0075754723404498625	0.0057913164619586045	0.007333439030694751	-0.0014443073323991869	-0.005437548041739501	-0.0023704536000651597	0.0036704009912047705	-0.004094151512853481	-0.0028422744502871883	0.0036139113688582647	0.009472988844398293	0.0024845411693288602	0.006461673450681712	0.004368389318934046	-0.0025051003088066293	0.008763343694286635	-0.010508528260414304	-0.0019881264563142835	0.009024598589134195
ZN611.H14CORE.1.P.C	0.00188485169260642	0.0014373933445993373	-0.006710102267419818	0.002041980638226866	0.0005576643613389165	-0.008600950923118605	-0.0010387888576692435	0.002300473150379456	0.006390704174102407	0.007185539501797261	0.0025676042889766076	-0.00016665200979054662	0.004819435126464884	0.0041127253382890125	0.002987075162268121	-0.011163854258701478	-0.0047798661644108745	0.008160274369347298	0.00690498142090995	0.0007878611871910083	-0.00032149927788918675	0.006981909827797041	-0.007764453646396732	-0.0014272933327721185	0.00584243345860504	0.006323335806063708	-0.014627976265185583	0.0037140272210200165	8.574577175604788e-05	0.0007998698906886599	-0.0034670301063751408	-0.0030900551593332913	-0.005303329662419934	-0.005027278930016431	-0.0010583699615623957	0.0040291032079734085	0.0018457626792045372	-0.00035804698822265724	-0.010451108509652918	0.002172946068477311	-0.0007840211273108938
ZN614.H14CORE.0.P.C	-0.002446536363275076	-0.011465072390441412	0.002865779791183163	0.003259300860475615	-0.011804389813180688	-0.002500263176489565	0.007558335350611367	0.003987013537588718	-0.0021661064648495418	0.004246893073814831	-0.003597906819899032	-0.015473743483799533	0.0035518265915570873	0.001874133607563987	0.002873824268239555	-0.0008138570656270883	0.0022379803692015813	0.0046431314725451645	0.00429546998245281	0.0013086732142702524	0.00014416683519939688	-0.0031984740582669327	0.001582458682294209	0.0023254343552107683	-0.0025582892754011117	0.003326710590685532	0.0005721045857864371	0.004031889928885856	-0.012753779210723145	-0.013596512517657157	0.0015655933006573156	0.01099665436410221	0.005105218225782679	0.012083054067510101	0.0026311570761941606	-0.005158576014298234	-0.013602257371780776	0.000516719975207261	0.0021356085081730355	0.004953103489612912	0.0018406480259799615
ZN615.H14CORE.0.P.C	-0.005415578181945241	0.006769658232799371	0.01285475892467465	-0.00996734804853933	0.0048519640700701635	0.007807276869454708	-0.003950787360271714	-0.006026209284023616	-0.003489010965634018	-0.007917728959937101	-0.004737964263995066	0.007459661167648444	0.0025420754689082295	0.002462981882473101	-0.010060555075389502	-0.006088395072152211	0.012154303152544945	-0.009092628177407795	-0.007469878562067021	-0.012170182623667723	0.0006561797252368079	-0.006528046928968648	0.00449654829718605	0.004851600546635533	-0.0058640501122298894	0.0015854732388227589	0.01971363795192585	-0.00978453964339139	0.008069458600184702	0.002664442941602927	0.012715271283305879	-0.005358890136040792	0.0071419633361748495	-0.007246920764756337	0.005169047388373097	-0.0034778471563071955	0.002001692011169771	0.0026155347697774875	0.00832402057703431	-0.0060179638759765685	0.003500483486955794
ZN616.H14CORE.0.P.C	-0.0016349378899725604	-0.001961718631337525	0.0017111369116047763	0.0004704553340998201	-0.0013378102423708882	0.00021214005732584675	0.0012304633085727275	0.0007701562766428988	-0.002303483336134983	0.0018764578877077456	-0.0013829315179149939	-0.002180886112645182	-3.2557784744841056e-05	-0.000741314217124707	0.0014409498685897615	-0.0013086381214217346	0.0006477533157040229	0.0011111381539265705	0.0012147041055080889	0.0013763798846443765	0.001124530248707633	-0.002175746465436789	0.0005051327885934528	0.00012935287080971178	-0.0023712375479598823	-0.00011219613555599108	-0.0007712106092179413	0.0021316266455414816	-0.0020700596193134113	-0.0014374687632844165	0.0018292282950878903	0.0008030394681467603	7.190607723945794e-05	0.0009741201062109779	0.00048291567737624753	-0.0013805787957444672	-0.0015474946164169903	0.0011669922786701377	0.000489028919249828	0.0014420217723510988	0.0010103226376365904
ZN623.H14CORE.0.PG.A	0.005454020027632567	-0.0023711389030928003	-0.01904563950906947	0.00936704030488434	-0.004167154898656017	-0.015866634434566096	0.0005540592515729803	0.010711362099884866	-0.0025811106761901292	0.022747983131804983	0.00882483386533672	-0.005240677475271051	0.003556757966686877	0.0003546643162948074	0.002156276192398747	-0.02185792936156905	-0.015727425890725774	0.02191454184256822	0.02010837668959642	0.00046543038138389253	0.012892763567876775	0.0004075490033439086	-0.0223974971632738	0.009754537176145273	0.0005966996707275699	0.004507382851174101	-0.0398862462088454	0.008355029816844148	-0.003995709971988965	0.0008315897297986943	-0.0161399761397288	-0.0011797522728524338	0.0021683679800668376	-0.003412146469340748	0.007196148019978227	0.007853137395047685	0.0024636343465935795	0.012656874908348797	-0.023572536917764397	0.003479598113513751	0.013385572905972198
ZN626.H14CORE.0.P.C	0.0034812248060996295	0.0019356501558729033	-0.0011305060216413414	-0.004301233314780334	0.002345245876195917	-0.001752573074722718	0.0024861226753308627	-0.0035476651598736818	0.006198074898115448	0.0024057588774571356	0.004394912577260919	0.0013297983166477203	-0.001884544659983025	-0.003150491347234538	0.006904896341075313	-0.005052641847261799	-0.0011745338383993675	0.000913331220363793	0.0019019207353374798	-0.0006337513509884493	-0.008786537788335231	0.0053080050867372955	-0.0036273743956285534	-0.0037102266767593123	0.005776579231294491	-0.0014230351380831868	-0.0016902685703305415	0.008537296040741016	0.0018276103329102973	0.0027273574749631605	-0.0002896707232768782	-0.0016401829806433736	-0.007784194784780524	-0.0009133197505367756	-0.004289637971648179	0.007138778096162909	0.002483424323835085	-0.007062599909461696	-0.004545097485362488	0.005005066137231114	-0.007990065985190142
ZN627.H14CORE.0.P.C	0.0001611623260498289	0.000559450451164525	-0.0017790314150642958	-0.0009760151420594551	0.0003744101992320505	0.0005876412223159294	0.0022583031752213406	-0.0010762468232241806	0.002196588176486344	0.0012809492490943007	0.0009383443075990702	0.001155022657987708	-0.00028540108991118723	-4.728008457225395e-05	0.0019538495711963018	-0.0003046836557318855	-0.0006936633222100561	0.0004812461930605305	0.000421586610196506	-0.00012533930187534452	-0.0031985912454497306	0.0027330466115985212	0.0018135446256119549	-0.0033768967954886913	0.0028716623309126073	-0.00011476018993955214	-0.003231041404464341	0.001261570397497842	0.00026333490562706124	0.001383757682430071	-0.0016246100209885775	0.0014701366917698683	-0.0036744728742956487	0.0021168713977439075	-0.0032251535776754575	0.001311047022747272	0.0006879032760879235	-0.0028137338804301165	-0.0023072889080816977	0.0019470101351478672	-0.002983728038529764
ZN646.H14CORE.0.PSG.A	-0.006326614450734106	-0.011402650271300038	-0.001020737278325884	-0.001128557735135781	-0.009649056106362679	0.0042236323481710525	-0.001925826997533929	-0.0030450320986783394	-0.0037960921549603267	0.010101242550240863	-0.0031258217024260184	-0.013831086984417248	0.013917592735360071	0.016573861805531262	-0.005056138432336762	-0.006091092420843824	-0.0016025855848420534	0.011110614412013137	0.010321749286533122	0.007535011477677649	0.0020121900730554754	-0.004806868928323729	0.0017355747865422655	0.005973387181692297	-0.004749875730132618	0.01238969967744076	-0.002260333015204452	-0.004050335665365376	-0.011780938690417693	-0.008716805015432733	-0.002432592937261585	0.0021638181132443207	0.008169166829831626	0.003183210629945827	0.008838261450753976	-0.0015300680763068765	-0.009868665480293179	0.0007848260978552957	-0.00017169986397846948	-0.002172928233710493	0.0034744756675721966
ZN648.H14CORE.0.PSGI.A	0.0014988790934580692	0.0012988112856366688	-0.002974727586084587	-0.0013143767242913022	0.0006917759677125962	-0.0005657937729596097	0.0006189486125706099	-0.0010451363507567812	0.0015191997023751465	0.0024787303104319286	0.002388543942437816	-1.2957582719606148e-05	0.0011127073176043067	0.002126720269228376	-0.002270768992807606	-0.007837066866408463	-0.003590260024039409	0.0022852691689768494	0.0025679096935235374	-0.0006751845276834261	0.0010280140514468301	0.0012197135864031178	-0.001637952189724519	0.00046473639061688464	0.0012799400682331412	0.00123839357833728	-0.0046289440024378375	-0.0011068332064369133	0.001606147158395172	-9.456280097406601e-05	-0.0036936455772373505	0.0015226146859745892	0.0009142645699342453	0.0018382031564787987	0.0004106531828298385	0.00267822613197595	-0.0004056069263423563	0.0016229445275721711	-0.0031945347098901317	-0.0010786630919658196	0.0014783566322735392
ZN662.H14CORE.0.P.C	-0.0013289826761514172	0.0022465069714437	0.0012849314218589501	-0.000579909510054915	0.002303892872804107	0.0005086701706694136	-0.000990142660621756	-0.0006751741249472528	-0.002320954524134283	0.002427014528689233	-0.001297860315526988	0.00160359981072889	0.00018697789584097915	-0.0005320293903508765	-0.0005014419049671234	0.00018429520390737114	0.00037565441107973926	0.002441854536606284	0.0020736261528813624	0.00029175521560350585	-0.0007275039939421239	-0.0012204445809241024	-0.0006084478106231292	-0.001356406871935844	-0.0019864383330488464	0.00011318967634426844	-0.0005202565681318924	0.00030186087015863367	0.002146667624020075	0.002700100520198047	0.0009360502744144537	-0.0014841336382269896	-0.0025930697230455418	-0.001577556727285909	-0.00152599166401827	-0.00031123548597104984	0.0016780847699494833	-0.0008797877211347872	0.0017519669272552316	-0.0005408004327801209	-0.0008406364041439116
ZN664.H14CORE.0.P.C	-0.006227116587689735	0.0025031567242890813	-0.007327076557000229	0.0025692203034918763	0.003720954688156257	-0.00189012411074653	-0.0028484019408684174	0.0006391824920702633	-7.887221604021763e-05	0.0035385181455823977	-0.006473902872087777	0.002565284014280257	0.0007335636753027612	0.00013271293625086167	-0.004223191662647531	-0.005590790391777595	-0.005920679077248837	0.003344703310751762	0.005400124677093283	0.000492449152286174	0.011046579107551663	-0.001375488961117978	-0.0007043076238175475	0.0063533964825769895	0.0011288105410389377	-0.000342685309267907	-0.013824374385694296	-0.004042618677456974	0.0034724603380930745	0.00015937523161960697	-0.002166795392009542	-0.00186658329770409	0.008716975163542869	-0.0037962552850985534	0.006599322268627899	-0.006210478777106121	0.0025023766041458815	0.011578350875895899	-0.006346579447275243	-0.003781383323081338	0.01089739947170365
ZN665.H14CORE.0.PSG.A	-0.00043894424607645015	-0.0002691244003046281	-9.007065519844567e-05	-0.00031966461738532634	-0.00013415982332711603	-0.00019697731272220673	-0.00012194946315717591	-0.00018027500391868415	0.00022253546606922602	0.00036692726137452225	-0.0002435347427175163	-2.176950887901709e-05	0.00034374477722638676	0.00021516653029929485	-0.0002867330566151389	-0.001081207285920923	5.747251903418741e-05	0.000497210324283234	0.0004667524585868139	-0.00011828167717825664	0.00046289806643685493	0.0001478046788425105	-0.0007678215182478189	0.0006769503621126092	0.0002161080307269672	0.00035333116408745795	-0.0004997692900495128	-0.0003224072892281154	-0.0001895679868971517	1.4629862724207013e-05	-0.00027912322797865423	0.00016961452766195987	0.0005112778666886307	2.9840033810489943e-05	0.0006571561924245063	-0.00018185273567556184	2.7617053147924826e-05	0.0005739694734349576	-0.0001799993859004762	-0.000398730490367144	0.0005025862617043103
ZN667.H14CORE.0.P.C	0.0007588514364901336	-0.0021761543365070293	-0.002319003297614206	0.0033554878887353027	-0.0028737316017186654	-0.0009454648193579253	-0.00019764560060394135	0.0027966685897468087	0.0014300660227203627	0.00042788012995159663	0.0010243801865642578	-0.0016411611355164881	-0.0004389557119934776	-0.00139735633660339	-0.0017500547219677343	-0.003153264964260029	-0.0022203987463186876	0.00047194974522187655	0.0004920958181597358	0.004648353246782835	0.0017154873320308836	0.0010883540781274972	-0.0019677706724540653	0.0012192854976573585	0.0018024487791545923	-0.00029136209352436694	-0.0033945838898037373	-0.0014733816642162338	-0.001300160767359782	-0.0014460559969490475	-0.002265885873732285	0.0025493635278654374	-0.0003138092108050262	0.0034082396905312255	0.0008060616482875298	0.0024987551486829913	-0.0011956459389377873	0.002045794155294739	-0.002611102550221133	-0.000618924375519854	0.0014999178823904905
ZN667.H14CORE.1.P.C	-0.0073261933726951195	0.00503668623097616	0.001677573915676217	-0.003981787672879007	0.0039845564361577724	0.004145865018364402	-0.0009465448454245885	-0.003494049756086039	-0.00469469275516372	0.008405201618646427	-0.005265066526423933	0.0006080385632369848	0.006510093679743275	0.006457253719792768	-0.0036461453116580526	-0.003138173197440225	0.005647327746656074	0.008635398179716959	0.008919157508589945	-0.00471163273978384	-0.001931473935746393	-0.004892000858254697	0.004881284436757033	-0.0021700770733031165	-0.004657212696361126	0.006432921298288978	-0.0004459646396395914	-0.005661073913510258	0.004042726093298782	-0.00016466743522955407	0.0002186570327078509	-0.0013430768762334687	-0.0018347348506097417	-0.0003079416554632765	-0.0020192932907574755	-0.00446217778194178	0.00180850088222154	-0.00045126622776976016	0.0004172276799373764	-0.003418721763281272	-0.0018810432793887055
ZN668.H14CORE.0.SG.A	-0.006769884980929161	-0.004092985419502116	-0.0012419368930945349	0.0017957042584613656	-0.002855111757754568	-0.007799785684732212	-0.00856313037153861	-0.0030449296485501286	-0.00417444016966121	0.01279007922922562	-0.006030192571598662	-0.0019233062329478863	0.008028512703951569	0.008785560851204802	-0.0055329643944439285	-0.011486480225346818	-0.0043639521204747594	0.010526688238684384	0.008946292462943178	0.00482496145950621	0.012006869039190876	-0.0032118095311712558	-0.010139890883772734	0.0148703359067524	-0.002978307180720209	0.009750136572451822	-0.013948729116462139	-0.005818953988885701	-0.00450562173089983	0.0025725647743220104	0.0003220869801968812	-0.008234553545770951	0.012336268514513405	-0.010513441040673994	0.015175356509774064	-0.0029189585438257337	0.0017285380032025718	0.011485822510404434	-0.005726311396826167	-0.006493783026085608	0.0126846664455538
ZN671.H14CORE.0.P.C	0.0010761346708582434	0.003975719137199409	-0.00495093166702297	-0.005588563975198741	0.004748403820504222	-0.004308360305851834	-0.004637755013568477	-0.007524309166368617	0.0013069586123747381	-0.0015933858056632194	0.0022932385659067056	0.006398541350769709	-0.003250116867965152	-0.003861775001602688	-0.0028738922207739406	-0.005597278162231517	-0.00908506468472086	-0.0023357332164313793	-0.002455062755133089	-0.0028284916476517437	0.010287492777197954	0.0025973214952411134	-0.0038126678478600656	0.010116359656699665	0.0017634340144868392	-0.002570442064317467	-0.0022832690223735796	-0.0037533281326842093	0.002768280832581527	0.006392619279565536	-0.0070738627181003225	-0.004324961866352338	0.008973687608158143	-0.005316428043228371	0.010607944289577155	0.0026439062575786473	0.00660193891619756	0.010155192873898725	-0.005309595443617213	-0.0032584993055764294	0.009718662589558127
ZN674.H14CORE.0.P.C	-0.0002355183814567452	-0.0034149536432659063	0.002272906225021574	0.0020128910847475165	-0.002791047542252182	-0.0004111734269797319	0.0006067556644362769	0.0014166908982586523	0.0011178280438937822	-0.0018811419237316947	0.00011166196177569802	-0.003914556069649098	0.0009791425850913145	0.00016738110823724065	-0.0008939240908884623	-0.002251109804755874	0.0028573383298445085	-0.0017717353060608884	-0.0010313032547680685	0.005535632939707603	-0.000867721662171049	0.000456390889622519	-0.0013784950683497221	0.00046656331379130514	0.0013169769069558165	0.0008652950064440036	0.0003868814547191013	-0.000202148323115027	-0.003541306868437654	-0.0030289466113017464	0.0024396447096410503	0.002274623567662252	0.0010675136604986514	0.0022597166418632476	0.00031002263361606247	-0.00020814818414267855	-0.0035995838588343916	-0.0006477689625929324	0.0022187676237277673	-0.0003674421916828336	-0.0002844809399023922
ZN676.H14CORE.0.PSG.A	0.0004138412034886338	-0.0028930603029221295	-0.0024114538490371817	0.0006283388495283153	-0.0025126467896509864	-0.0017957664289457598	0.0004463152535225802	0.0015653461495801126	0.0005776173854253885	0.0024865661149378188	0.0010370863462558777	-0.005310837144686885	0.004427808588190905	0.004407576329357755	-0.0008643780240119676	-0.005264583888588165	-0.0012981688143805384	0.0020800497465626264	0.002667868189178881	-0.0008501291213068515	0.001646109763402348	0.00047721763670308115	-0.002182237811950651	0.001997049555937141	0.0010676653303797832	0.004885329884250757	-0.0027162480670671237	-0.0012775479822817147	-0.0024016412503598513	-0.00488807480998492	-0.002467592097242402	0.0017775828425355459	0.002716078620987314	0.002649127628341597	0.0018193559611065207	0.00011417966415420977	-0.004091564140285987	0.0023561399502906727	-0.0007293849801126382	-0.0004438387591430273	0.0015237344171668034
ZN677.H14CORE.0.P.C	0.005545345195747432	-0.00468454240796738	-0.0005943899514541384	0.007763511836455151	-0.004867981699323622	0.002502370007213546	0.005328615220971087	0.011242561982303648	0.012541183493099177	-0.012461693246431739	0.006273716633772947	-0.002477600944731973	-0.005986480210717848	-0.007392992857274232	0.002066416555945518	-0.007018416654108017	0.0011093198620477016	-0.012419825414164469	-0.011438591186306392	0.001196214630238314	-0.0054869276361251135	0.011657457915798603	0.003920338571314172	-0.003827180314384171	0.01113185583889613	-0.0052061774699208654	0.0016360734161381535	0.0052141346814990296	-0.0041334896527297615	-0.006970723049329452	-0.0006230732546621542	0.004735873151646058	-0.0020786226220333645	0.00704860491217113	-0.002813720116175599	0.0058092681225289655	-0.005531266070802919	-0.004266452650431421	-0.003993212848626297	0.003950195359397994	-0.00505764465356838
ZN678.H14CORE.0.PSG.A	0.011972882738094853	-0.022673934225804958	-0.01505541240288362	0.009904985937757991	-0.02588230656805203	-0.015270216945370521	0.005257011892988259	0.009249529967112802	0.01071924327176374	0.010064511983057467	0.015336018397258547	-0.015465568623129991	0.008661584169607155	0.0070662289158844385	0.00490888292326213	-0.018496547229618632	-0.01447455711644964	0.009980109736116904	0.010706096447345187	0.021849765710810518	7.773273151406856e-06	0.007785635392599244	-0.014732295372224577	0.007193521736625477	0.008302527469400753	0.009162155198156163	-0.027433216871293215	0.008787233738530364	-0.02602154713571235	-0.01416397368409035	-0.014532375500178274	0.01105675762729431	0.0027461164934816443	0.011949739046802474	0.008324212655033705	0.01379912661971755	-0.016662736307950135	0.0020761967827660766	-0.011618604946990088	0.007704891772918868	0.003596982622613376
ZN682.H14CORE.0.P.B	-0.0018682126958266335	0.0015045364638011233	0.002795150867678668	-0.00201551517601458	0.0018178125418474508	-3.9736543410223354e-05	-0.0027188407617461823	-0.0023436656550806243	-0.0014161407037486633	0.0006215753754970771	-0.0013666473297184924	0.002300966191902636	0.0011758777249443568	0.0017840860771850264	-0.003086114569476031	-0.0022739118741358783	0.0017430894480592214	0.0009415407642201848	0.0006308565057656298	0.0007696041374983592	0.0009047269002493211	-0.0011959678233062834	-0.0010076824425090322	0.003445473839287432	-0.0016522279141680841	0.0011842236184504591	0.0023145939763120696	-0.003346204486531084	0.0017247496178082015	0.002968613862572484	0.00231284890944633	-0.004041428327590464	0.0011967808150347495	-0.005552416068989753	0.002932150835135903	-0.0011070060445637422	0.0023978359264301002	0.0011442988031564183	0.001952447835851228	-0.002785144279278754	0.0006069774644452616
ZN684.H14CORE.0.P.C	-0.00216203488000858	0.00015442686035628192	0.0004636153880837133	-0.0021244280157577595	0.00016700176421861803	0.0015603419262042659	-0.00019756504586553904	-0.0023900930000810036	-0.0013780677812277571	0.0024552657497401292	-0.0018333164835752408	0.00041976975832379044	0.0015870896684454282	0.0020854400257594823	-0.0001532727789839548	-0.0007140106820430966	0.0004544145963840092	0.002260885736802689	0.0023290058887830353	0.00039771781704673204	0.00040837341534570235	-0.0015523466831335458	0.001554108059023264	0.00045428206515311584	-0.0016424038565095128	0.0017045710689905878	0.0017634459320406484	-0.00033047002031012926	0.0005886124705803883	0.00013565801186553924	0.0001801977496583007	-0.0017784830309043483	-0.00022491147826863428	-0.0017860502979688657	0.00048690440154656664	-0.0018105426758716972	4.18344305030691e-05	-0.00026890223768829755	0.0009288029410967416	-0.0006793013607999194	8.786189592421487e-05
ZN689.H14CORE.0.PSG.A	-0.00017594865023570078	0.011958878458182503	-0.0011760145087708687	-0.0052971923388837275	0.011564404521625776	-0.0032021447872582973	-0.004786276134901037	-0.001322314357071839	-0.002896852750988034	0.008440228406205688	4.0760341276421114e-05	0.0133205758648158	0.0013256444978083405	0.0007873875732780401	-0.0019935852240514527	-0.005597535961718247	-0.0003630737595872388	0.007705528395695119	0.007455783974757602	-0.010169310276327169	-0.0011359301590544019	0.000978021886749246	-0.004258984664949332	-0.007557339650766416	-0.0006561895622670261	0.0022304779422495334	-0.0037254625533460345	-0.0019858227022596237	0.012086975584009362	0.015233537805928073	0.0003802272838219975	-0.009509319208380699	-0.006157935685499386	-0.012717462095832958	-0.007269402356373984	-0.00018993211657722386	0.015115530862796826	-0.001873091996329193	-0.005728957500736771	-0.0022117847851055627	-0.0008433976872472965
ZN699.H14CORE.0.PSG.A	0.0011629618887030214	-0.0006845120475263596	-0.004007570889734	0.0025060155738257633	-0.0005428046190735069	-0.0022662619996539034	0.00105395116340344	0.0013062130334395477	0.0016138475451012435	0.006753852342847096	0.0011528956179910272	0.00044852651849681957	0.0012865851604006162	0.001880441170727453	0.0017613999226965035	-0.001344765318338409	-0.004301718378035065	0.005251281276894858	0.0057047732853938715	0.0042106855333440925	-0.001659060646080887	0.0026025986925741693	-0.0033253612708986427	-0.004365654514715326	0.0011780169648716874	0.0009536670298152701	-0.006254197488395341	0.0032475391952702624	2.6015925714308052e-05	0.0016983680280644228	-0.005125638694492018	-7.023666144930072e-05	-0.004990611714271568	-0.0038950449903697787	-0.004081181254156477	0.003392693872484389	0.0013934071828268762	-0.0019821810799915823	-0.004338140509790055	0.0026232594625530217	-0.00207915990367092
ZN707.H14CORE.0.P.B	0.0005587474830734077	-0.0023506151688469333	-0.001811271692141644	0.0009309349771795664	-0.0018539220608142616	-0.0011073277951536096	0.000714926899268371	0.00016877079166510928	0.0010217479411773374	0.0006707084951870709	0.001148312797001403	-0.0009525659347859438	-0.0005802346826288812	-0.001008503380942623	0.0014154702256258588	0.0010707364845347067	-0.0018427369245002118	0.0007840850588127814	0.00011269014090673629	0.003083199314126846	-0.0002630995947594354	0.001282408868417323	-0.0016208695742980193	-0.0006711689826435427	0.0009296315162282765	-0.0006106513360818622	-0.002178136156775805	0.0018048082218672483	-0.0025954476388813344	-3.7901847054989425e-05	-0.0013477261555730636	0.0026592619928192773	-0.0017094864910349155	0.0025028332734199393	-0.0005592777037099518	0.0020726852418718952	-0.0007010981694855235	-0.0009608492695345541	-0.0008073309938645724	0.000918395718477039	-0.0003046484224157736
ZN708.H14CORE.0.P.B	0.00034283402936220644	0.00011001972364280469	-0.0004423043222684525	0.00029171915116243854	0.00015294541146276602	-8.358681910774352e-06	0.00022876212928953283	0.000653519559176521	0.0002430144981144678	-0.0002336076980846563	0.0005259505859529972	6.425847839070528e-05	-0.0006783979905655526	-0.0005991289535853888	6.225752110260307e-05	-0.0009609400384947616	-0.0001002531874353908	-0.00022548260576194228	-0.0004495750478190194	0.0002230041665502924	0.0002844731838779497	0.0002049389045885048	-9.97935969133867e-05	-2.370793841826235e-05	0.0002674035621877478	-0.0006696522527570303	-0.001067358270670454	0.0003216271732925549	0.00014765168028779826	0.00018472841955211906	-0.00036437376934063967	0.0004588641298669763	-0.00021913597968406138	0.0003296174395102257	-0.00011265006663620757	0.0005959719013579343	0.00011767715937429073	0.00016285452594696614	-0.0003499113513866477	0.00013547447764660013	5.883100022314406e-05
ZN713.H14CORE.0.SM.B	-0.002897076787185607	0.0006237726292018719	0.0013465992734111847	0.0002074131897076574	0.0004254838624668427	0.0007726365565203291	0.0010448704293866788	-6.0256718479494934e-05	-0.0016964227268963222	0.0014820965470639172	-0.002562015094354945	0.0005718762784806212	-0.0005187365983679018	-0.0007950203827566203	0.001020006780478285	-0.001737319779015166	0.002208236962317839	0.0008389743341167856	0.0012862803396759461	4.6288782341385917e-05	0.0009894341090152178	-0.0019108712805805204	0.0012310915409895536	-0.000904686666800587	-0.001540351074165895	-0.0006449630171800674	-0.0006069301998097611	0.0014235919892812646	0.00027678589999088963	-0.0004992224927268408	0.001760352537005145	5.822970232218466e-06	-0.0007640436622038593	5.867143472182467e-05	-0.001089821753379819	-0.002058353775248045	-0.00014853160100394402	0.0010528234318636642	0.0001859846964870713	0.0006730763761806837	0.0011617690267000276
ZN724.H14CORE.0.PSG.A	0.0013562862605925527	0.0009791870682091942	-0.002738234916436386	-0.0002516059601283846	0.0017185629566549474	-0.002212268171312915	0.0021264952989136546	-0.00013511826786483105	0.0013064356128794728	0.0011059825035337478	0.0013936945151113579	-0.00047505740478426955	-0.0008067327842535611	-0.0005891145885194627	0.0024596720299955893	-0.0018674137836483425	-0.0023623472261783277	0.0006730483649791848	0.0004167902654523721	0.0004174791935964413	0.001496323230645153	0.0010682974688753979	-0.0013459587419324577	-0.0009499399531731276	0.0013828759710047128	-0.000760332022075524	-0.004890926782218037	0.0017718342383886132	0.0007617919681948276	0.0003579221414002462	-0.003524097996717949	0.00037414126403350457	-0.0010460289831188078	0.0005018925160586308	-0.0011418972042037913	0.0010845829277346675	-0.0005444789145424276	0.0012515654253329005	-0.003645115697253844	0.002058059185455924	0.00171550730864993
ZN732.H14CORE.0.PSG.A	0.0008289881637592728	-0.0032923300044432266	-0.00040245640974096233	-0.00033255768036940386	-0.005259006126173186	0.002190301010593044	0.0007689762200673985	-0.001011580263060208	0.0005205252279749072	0.002635952899304992	0.0013559974909013242	-0.004025855885969478	0.006103198938787016	0.005242549560370905	-0.0006521593987469206	-0.0038168964846400644	0.0013372707457376138	0.0025860704791363896	0.002398994778100367	0.003398347559125472	-0.003153639411304303	0.00016676536958729754	-8.78509859706493e-05	0.0016426418852714397	0.0005822908690301882	0.006000571391987059	-0.001463067264530049	-0.0009768958666105726	-0.003879281922020363	-0.003420265069068786	-0.0003018775466186799	-0.0006881433463772111	0.00045020451349678074	-0.0008910415772375086	0.002160490328740069	0.002267935136871929	-0.0023072445922686924	-0.002930239769674669	-0.0009662333091470937	-0.0010707651714382208	-0.001886987911293131
ZN740.H14CORE.1.S.C	-0.007093759078026382	0.002031391253556593	-0.0019920686530346815	0.0002077796190551942	0.0013681324685121087	0.0026328625649329612	-0.007503208663587953	0.0016176635110422763	-0.013080628524025192	0.009734230975016023	-0.009014358971766657	0.0038830598057340293	0.004718402903056938	0.008450449810309943	-0.0038769740984632	-0.0004883445284108445	-0.001879425313057466	0.010142861317093854	0.009357330276179548	-0.009397479568982042	0.013631721909482863	-0.012127298308682095	0.0011982447649896977	0.010239685394039702	-0.012074098478947946	0.00774601500819741	3.7489615498792483e-05	-0.005547706843381614	-0.0006664285649518979	0.0065955727305928025	-0.0021732710254326187	-0.012750779153514837	0.008617458980483383	-0.016769046297033012	0.00805065021917703	-0.0036514274439068406	0.006738140444878082	0.01433735555194296	-0.007221082369975387	-0.005826556045973076	0.01197682979407741
ZN749.H14CORE.0.P.C	-0.012077431607751904	-0.007781691355009265	0.020276844370981817	0.009177891498027446	-0.007174057958974425	0.015144828673057498	-0.010634847702417037	0.004949531480369154	-0.016473437172263523	-0.005394703553707081	-0.014276004341546081	0.001063774028739195	-0.010936374169249335	-0.014122801850629751	-0.003401230633012371	0.016500650397800687	0.013761848107828378	-0.007240703516130209	-0.0089171059941201	0.013761794481163284	-0.0032926281698917315	-0.012150185111038284	0.017573338729192534	0.007581155120915395	-0.014399586796095416	-0.011222838149451797	0.02167693101525725	-0.0007321073820423241	-0.010062573586444662	0.0019156420020886022	0.020174840228055657	0.000569063838312291	0.005338932815283887	-0.001986177447929345	0.00928017905924447	-0.009261949580928339	-0.0022831910468938954	-0.004804690765089159	0.019660135967994652	-0.0035016978471958324	-0.0024953677654064865
ZN749.H14CORE.1.P.C	0.001133754453479699	-0.0004605040512136241	7.801158715370349e-05	-0.00021070825558083123	0.0007014913848213573	0.0017795666315099865	-0.00016052124824391528	-0.0008109076749518648	-0.00048662720465802306	0.0004787598997766235	0.0011445993762161885	-0.0002161753687670645	-0.0007102714469795282	-0.001494854827423911	0.0009560032551767226	0.0031199720628062866	0.0003196227149442482	9.309048182393198e-05	-0.0004251639944199276	0.0007961225888960047	-0.002691793302936077	-0.00043955495550944586	0.0011863576062298847	-0.0023420648064510566	-0.0009773388605357819	-0.00041481158889628	0.00010824793788705156	0.0017904148924540002	-0.0006928931187012641	0.0006372377880017044	-0.0003392924574251305	0.0028581021883186553	-0.003843967993135876	0.0030374522840621275	-0.0020240522262114646	0.0010765592643540607	-0.0005954833346695915	-0.0031250810207616164	0.0020069002968368804	0.0014483389112246586	-0.0034720205939816756
ZN75D.H14CORE.0.P.B	0.0016412414883764104	0.004994715621626712	-0.0057214934368526316	-0.007450928749189262	0.003722825239008472	-0.004820112976794369	-0.0029494752836434768	-0.00860231828989625	0.0023735545213044787	0.002888005526557741	0.0019339949650615251	0.0012481921055246953	0.00620615988102477	0.005836722437481012	-0.0010910816826614853	-0.012986973735933938	-0.0030850147294654573	0.0031716191651299797	0.0036171311846581178	-0.002813791339524266	0.0020002868558106346	0.0040057906064856486	-0.004583185219723923	0.0025060576646397104	0.003158526807650771	0.006003514609881716	-0.007261839565257111	-0.001105383946116749	0.0035048440474278464	0.003589502911681669	-0.002415563779176816	-0.002570684439650645	0.0013161059121236246	-0.0036067980802046828	0.0024553881182400455	0.002622018173873225	0.0033924538639218196	0.002264873536669404	-0.003126981752461927	-0.0014317411596275545	0.003800390577715307
ZN75D.H14CORE.1.P.B	0.003698751496848833	-0.0026070713726548955	-0.005769402460374828	-0.00282630001920808	-0.003917798665867958	-0.004562659297290633	0.0003078745718484155	0.0019207430193336553	0.005344787975611068	0.0029953192026867526	0.006138098877626	0.0020112732934954025	0.006623659038340668	0.007507286597086396	-0.002121618394763012	-0.018574921392753407	-0.00441373381211109	0.002666636326033006	0.004381947484682708	-0.0034826642493959517	-0.0014789875081876735	0.006793060296746256	-0.007705057669936011	0.002442001092462176	0.006987999410104845	0.006734839004059294	-0.003294993286039105	-0.001102183096412468	-0.0025335634687374264	-0.00036729281325355995	0.0003054750029172909	-0.0037520355881752506	0.0017582024271251412	-0.004846623337004488	0.003354875131031096	0.006902621789499672	0.00039768915066670796	0.0005788310781436878	-0.0049374581326775135	-0.002188534977973163	0.0005266643432804419
ZN765.H14CORE.0.P.C	0.00971740769678063	-0.0026403439868060846	-0.00829814506789317	0.0015404405661297443	-0.007336330253764345	-0.007292038433071829	0.015869945007461847	0.0010083877488336612	0.00031111069931725327	0.01223112353190925	0.011946252010586779	-0.0008324459992509747	-0.0009441171793764247	-0.00529963049151258	0.012536411578114581	-0.016585945059496288	-0.005136023732673273	0.012496630222899485	0.008897320893870186	-0.0025109147135057297	-0.00860665660670723	0.0034019633823547737	-0.008656126935492225	-0.014193258746809934	0.002174507656754629	-0.0003033077702760123	-0.020908692440439358	0.01814219951745283	-0.0021777235565605957	-0.004383714821075205	-0.005180731869390998	0.016312471890056655	-0.016418034084322602	0.013389474010809393	-0.015072653710076489	0.010871464535008896	-0.004515811628546695	-0.007005076266298871	-0.009825869396713927	0.015062685203832818	-0.0044101223137812395
ZN766.H14CORE.0.P.B	0.007113661181170405	0.0005609835358787625	0.0029095015685491332	-0.010398630164279676	0.001111158437586253	0.0008758106382313335	-0.0005049928552446487	-0.009706963023627994	0.0032733414195639347	-0.005670972475076058	0.009002352953771324	0.003617279299695117	0.0019886507839895207	0.002073207513206804	-0.00395109742131707	0.004026856486543884	0.0018139075354746542	-0.005944464586681103	-0.006434056509754427	-0.0012621097243516524	-0.009031204375039209	0.0038815437420054028	0.0010440501611616582	-0.0008616878607279055	0.00487662438827116	0.001131647779729468	0.011676653481322075	-0.005154051088905182	-0.00037827333474420993	0.004973049426343232	-0.0010962358041346487	0.0024767764480664836	-0.0010845711053159568	0.0032787630110549196	-0.0008394407216842786	0.008723096570363222	0.001901777232235391	-0.007775183611705372	0.0004814695351471332	-0.0030619436195927843	-0.008669021628880474
ZN768.H14CORE.0.P.B	0.0009536427440912966	4.5531508891256955e-05	-0.003934557612109493	0.004447553493945339	-0.0014568337592819197	-0.0016920573801818273	0.0022500933247061733	0.004540798536701897	-0.0013518048195638212	0.006189774844681695	0.0017097980523495238	-0.002289156842195633	0.00011088211408026571	-0.00041121412204626895	0.0016234500449478118	-0.0008355210063067942	-0.004539561252158049	0.006175083412400306	0.0064984529476311	0.0035438933961088465	9.969923977365402e-06	-0.0021579410990912942	-0.002916039597435513	-0.0025609681688085334	0.0007817343498812629	0.00036784725854397543	-0.008459265453590464	0.0012551398232332374	-0.0018230113181256224	-0.0018191754341478246	-0.00401886766742697	0.002310948234975629	-0.002616719308055439	0.002023651442080019	-0.0027075813353020436	0.0021508343350725503	-0.0019838679522314676	-0.001606707718168232	-0.0019908853201471427	0.00163006748634161	-0.0002419627118958878
ZN768.H14CORE.1.P.B	0.0004298046980833192	-0.00845794255092451	-0.008727520164393376	0.00974606301112016	-0.009061640401412996	-0.006287340577109002	-0.0004185892006276157	0.007296570820174417	0.00042140680580840875	0.011832556994401111	0.00262179454208556	-0.007167199101833874	0.0038846034003754415	0.0008351447648010379	0.0013128559227280822	-0.003604043888459918	-0.008362286888302206	0.01196786774379821	0.011443537708221596	0.012966298963653367	0.0016066138716006595	-0.002439400257970275	-0.009200870451152476	0.005386881098698809	0.003116415938312068	0.0033776207569019556	-0.018225165400260757	0.003466159578695144	-0.009810944304115464	-0.007100068912220786	-0.011091209275045144	0.002445857079817499	0.003598303210233661	0.00020432826158956613	0.00498617173668825	0.0039037491723865614	-0.006252089128720842	0.0007830229393142041	-0.0004855535897614338	0.0018056030498825072	0.0023831241697476746
ZN770.H14CORE.0.P.B	-0.0010725677040548387	0.000571466113328388	0.004289629983289578	0.0024693524094385466	0.0003463043364888424	-0.004127664298890041	0.0024430996791254475	0.0014623834311074183	-0.004506259467563077	0.0021342301056983815	-0.0011822119395149579	-0.00026020103542694073	-0.003374083804489475	-0.005327775934633988	0.005057407743635247	0.005103354844549157	0.002616873016547658	0.000819726927509784	0.000834426063126531	-0.002096861944187265	2.818849503299914e-05	-0.002585732258376508	-0.0031675356172656266	-0.0041766037612411405	-0.003751807831026209	-0.0022050128937142893	0.0016574927506455839	0.005954911366488826	0.00027086229179482807	-0.00029231966333262416	0.003735502555034853	0.0021121117297660864	-0.005344719437510928	0.002246108377697913	-0.005018337372889842	-0.0024187129996426637	-0.00014738149850875015	-0.00014490553650547966	0.001300017147894933	0.004343731825684059	-0.0003779354090764353
ZN771.H14CORE.0.SM.B	0.0005534654004619999	-0.013097234465611472	0.00193158004464844	0.008969600782863962	-0.013579360719976966	-0.0029056674720664977	0.014618049886778894	0.014639487408654464	-0.0002833397924561429	0.004201518800513782	0.0009990308405764172	-0.010346706490641538	-0.004614270438976609	-0.003890040375892065	0.013092659155216613	-0.0037153048034873626	0.0008313627874770996	0.004781761393570172	0.004075262775712685	-0.0025536318554489346	-0.006586533966403185	0.0005557666725247365	-0.0029698337232178518	-0.008003759820043227	-0.0003554736965814473	-0.0038564327328120124	0.005099574595786471	0.015542426380267545	-0.013100130789191047	-0.008839605628599534	0.005063408819808296	0.009442739596825192	-0.011357580075601281	0.008465023496960315	-0.007936522780331828	0.002800996171363479	-0.009460646180171062	-0.0054008606795092895	0.00031676538739128235	0.011107071190515912	-0.0050355216156363625
ZN772.H14CORE.0.PG.A	0.0002041608804520356	-0.00021112950606391148	-2.6260131251502894e-05	1.1692311394192762e-05	-0.00018637313636851727	5.717232396008605e-05	0.0002562738873949505	9.874916444711258e-05	0.00016209682960757624	-0.0002369888923135447	0.00022659484052155366	-0.00023099855701412715	-6.424596964199007e-05	-7.212337032269948e-05	0.00014015038389887045	-0.0001963658920442514	6.608267803627716e-05	-0.00021745036591779357	-0.0002202932799718095	-0.00031323145352365263	-0.00011275628328319236	7.732550316129263e-05	2.1375542466903555e-05	-1.7554441836233753e-05	0.0001579468439498163	-0.00017431650668382022	0.0002567242513699143	0.0002342216157611419	-0.00017467063064481613	-0.0002616374972047586	2.3283834415149633e-05	0.00028588594627254626	-1.2963086228296589e-05	0.00035969590981384074	-1.7855820423369646e-05	0.00021772520802856225	-0.00020106024358431318	-0.00014162918283997655	-2.78573673933441e-06	0.00017108361772907952	-0.00013882754365116684
ZN773.H14CORE.0.PG.A	-0.003229609045317919	-0.0009870873468269536	0.004666168827722306	0.0034871905532449336	-0.0013245015047387981	0.0023755467176927447	0.0007083514532583678	0.004663365111713502	-0.0006970776383814596	-0.002951047339847024	-0.0018387725822354968	-0.003229314747973	-0.001957421669210313	-0.0034073396302414655	-0.0011170495787350622	-0.0029506826453842283	0.005582243332793856	-0.002705535274745763	-0.0026335113958872725	0.007083622415279361	-0.0015798302754830018	0.00040192106138558364	0.0013828253301829685	-0.003208699163233672	-0.001335590190182665	-0.0024969834676225253	0.008949029018601479	-0.0014915504960893236	-0.002339907050420323	-0.00379224278107005	0.005048785312749493	0.0028938632202018524	-0.002560083002806489	0.0034387878915890843	-0.002585959394859394	-0.000605338550584554	-0.004216785886318512	-0.0014342947490983415	0.006731242405974447	-0.0005897725565171732	-0.0018649692942862839
ZN775.H14CORE.0.PSG.A	-0.0033064503413191386	0.0001506076296305895	0.0019786888508073197	0.003439549449140924	0.0005909194112536063	0.0027873877554138726	-0.00012095208330900262	0.003201027251358228	-0.0019471041405216463	0.0009982603567285087	-0.002922115596504143	-0.0007758253667253176	-0.0007799749274343473	-0.0007727116910922864	7.616034580891148e-05	0.0007580688860809592	0.0009293913504252946	0.000696590714884579	0.0011126878145127223	0.0029361533397427725	-0.0005949705480032402	-0.0015665112551808674	0.002716329783221741	-0.0014328879731979743	-0.001409881036072925	-0.0010016379612967016	5.361142253307305e-05	0.0003075029176866084	-0.0005299302508663638	-0.0008502087605517933	0.002232213186122843	-0.0006258535303336796	-0.0008721327508657145	-0.0017960796994782946	-0.0011669731033575326	-0.003304897136866618	-0.0011287812014829784	-0.0003804898842235116	0.002620192429262133	-0.0002924892705928224	5.446109897536133e-05
ZN776.H14CORE.0.P.C	-0.0009311422892490095	0.006720237167407526	-0.001373443733083568	-0.0029877220425954427	0.0037389140098351287	-0.005220851492410111	-0.0063666910864350265	-0.0031827176267572553	-0.0006421365362053906	0.003179917216775463	0.00023266798459436718	0.0046934003303768235	0.0020860973756868795	0.0017507665431456404	-0.00591694432152473	-0.005751438428382771	-0.004222697692423352	0.001959260659448292	0.0015904814612726914	-0.0038595924103195997	0.007331118955484495	-0.0006088198671824058	-0.004957071112875411	0.004929253303804559	-0.0019480049957987348	0.003022848690101998	-0.004008975552351524	-0.0059355226632804015	0.005663239461209019	0.006106980868949251	-0.0007932451541642765	-0.00400212785537364	0.004833594128989968	-0.0028124477291329095	0.005083433853474331	0.0002505122187297301	0.0035854756929799975	0.006828729220474589	-0.0031459875469537213	-0.006872752890022812	0.0069104911840396355
ZN787.H14CORE.0.M.C	0.00040094591565847243	-0.004431174580911832	-0.00024224835140627954	0.0024470253030771313	-0.005588760494013925	-0.004286711097817544	-0.0008591192456417172	0.0033673194889067247	-0.0006572853406642092	0.005277792398645065	0.0017339531912388111	-0.003915438414070591	0.00424290245965174	0.003597810018427773	-0.00107338978705593	-0.008150735090127592	0.0007340748685385756	0.005672856783144331	0.005650715358933439	0.007330906347945986	-0.0013013827454996518	-0.0008035211718530055	-0.004755562263663887	-0.0006030270400988191	0.0022426167712311963	0.0042655157583413456	-0.004830469517708602	0.0009929473425882296	-0.00539584071894033	-0.005022537780288633	-0.00033362153099666947	0.0016596802809615851	-0.000891832617556515	0.003794253497653468	-0.0010153585743009896	0.0016940098298109107	-0.0022219430772277074	-0.0003302230833590325	-0.0016804414349333718	0.00026997726587641227	0.0007131615311836426
ZN790.H14CORE.0.P.C	0.0031206880216168367	-0.003140125447168955	-0.00539553511462873	-0.0027996128203483933	-0.0013002839766038596	-0.0002000087984784238	0.0020131778005087753	-0.0027203121568046135	0.0031911134862400957	0.008134440783681557	0.0038389932100288916	-0.00018316898798410863	0.0065399456971838715	0.0055619590450873	0.0003715180597271576	-0.005440345632389487	-0.0073031800382706985	0.0088664608216516	0.00810262057628669	0.0012330548414202919	-0.0046014685300743985	0.0024369511161596025	-0.0029823944617919373	-0.0024358667725999233	0.003861193133186347	0.005877291914011387	-0.008335600673612442	0.00046373193564917814	-0.003297035609710154	0.00060574061584278	-0.0058021851879898195	0.0021930791877909197	-0.003340423915320634	0.0020844906470783315	-0.0021760938566962457	0.005045600573562056	-0.0015623267797004181	-0.005018222806088629	-0.005689027105807848	0.0014110985976247166	-0.002997806498447164
ZN790.H14CORE.1.P.C	0.005748435571858418	0.0010505888671472757	-0.009066253900238852	0.000499643534575489	-0.0022785898377720992	-0.008329138571255584	-0.004581171808604949	-0.00027499118214802803	-0.002432153075297795	0.0057920654323375675	0.007743932854366337	0.00583799624183981	-0.0016094906772440576	-0.002250707463970464	-0.0009603043715211415	-0.013977341786151176	-0.010237996342158384	0.004663041322207351	0.004371550704582339	0.004311213753448256	0.013098406984138167	-0.0012556691391632235	-0.012229507475215562	0.011848390957034716	-0.0003550279228140621	-0.0003348166081545978	-0.024616940521999697	-0.002652200902398455	0.0003421749218167694	0.005752743255578896	-0.010133842256175779	-0.0014526770642961577	0.00911370915882298	-0.005962248484954101	0.011682813983369511	0.01179858160395754	0.002262560358843535	0.011013359257726452	-0.00990228130429971	-0.0003368734046217958	0.008315387416152065
ZN793.H14CORE.0.P.B	0.0012518572082421062	-0.010558247509340056	-0.0021886345579607003	0.0035405586934945527	-0.008215590367459294	0.0064401182856781425	-0.00644281917088127	-0.000861842050711728	0.004699170980081317	0.008016319123969162	0.004488697882246389	-0.008465308075085887	0.015109845081846346	0.011688199912813585	-0.006219218864074053	-0.012929451855429819	-2.801600217466893e-05	0.0074686127301020755	0.004001845896716982	0.016060826095608924	-0.010210038507376451	0.004957835564749984	3.080583128289849e-05	0.007072089549719218	0.004690198601706287	0.014294254117071026	-0.0032579968457034925	-0.006346057155115395	-0.009329665495719966	-0.009005325845635903	-0.0015887335015431492	-0.006066202922524856	0.0034264428451656614	-0.006313929998888995	0.010904052833238698	0.009234363165975812	-0.004912602660961024	-0.011030723093103378	0.002673575445610088	-0.006915053009318613	-0.008710134589619112
ZN799.H14CORE.0.P.C	0.011288709250091594	0.006827945393071383	-0.01595143978295993	0.00015030999693108754	0.00656831530390066	-0.01726780874598094	-0.006638321832911714	0.0013114412965203326	0.008038058269765294	0.010171464380115014	0.010715606832853958	-0.0009722392178500017	0.0061721872341619355	0.006026901017859063	-0.0027884855836236705	-0.013974202078553377	-0.017792784712148693	0.012560678641988177	0.01181115557033291	-0.006360574250639024	0.004952449738886311	0.007707401216078186	-0.012330631391359093	0.005853621634918815	0.0050621912100362685	0.007205063053269012	-0.015263592269106452	-0.003148047563932624	0.008016421485357344	0.0006672695165490239	-0.014703183234339584	-0.00846547066045128	0.005952134736838144	-0.007775203165807773	0.005698623388930513	0.013332405408213122	0.0016346766669573243	0.003370513687684984	-0.014814876508444486	-0.003450022672497305	0.0014374272183038106
ZN800.H14CORE.0.PSG.A	-0.009433002966812494	0.0043969384927667055	-0.00217101244504031	-0.009683062496400364	0.0064545050188733605	0.003607700352915272	-0.009208269124732646	-0.009855102454409126	0.0011956473163392302	0.005812395775417256	-0.006716993622843881	0.0021007340234973915	0.006640875977330124	0.007513091655564519	-0.012909095032339453	-0.008589840879838384	-0.0037029849948262417	0.008027613278078438	0.006717689989631126	-0.003318520885598905	0.006453259323570548	0.000602174146836363	-0.0019269342594577243	0.007598372541658044	-0.0010311321670069334	0.008195010406529174	0.0012966062244856857	-0.011462585417055887	0.0045179896006906015	0.004497574500027204	-0.002823912257514216	-0.0038747998342552707	0.010213978648127064	-0.005379909130185261	0.00875567231542404	-0.003429228392433717	0.008099393272173877	0.006232064081515276	0.001144160666621985	-0.009473874319532432	0.004537068814122969
ZN805.H14CORE.0.P.C	0.0006537500736137555	-0.0017848272945784963	-0.004653055154450386	8.731576369124666e-05	-0.0017783467109910092	-0.004700409423122928	0.003654850767878033	0.0004083271333512259	0.0027234478109032963	0.00788156254023023	0.0017085066612406528	-0.005334956397396798	0.0023963113328623886	0.001975623187759512	0.00402079086448491	-0.00781974740768987	-0.004817108667484998	0.00803243739083423	0.008143014130002374	0.00446786556678877	-0.000678617857855307	0.003242872272847804	-0.006977542671933096	-0.0005532288230602617	0.002378139966424671	0.0037392920343136266	-0.010755009203741228	0.004814634772965495	-0.002495752728094245	-0.0022896884792374186	-0.005944381048227254	0.000952884127957282	-0.0014512792850184114	-0.0003610611814828281	0.0002801324635326452	0.004277547829718016	-0.0036354761025548243	-3.388269610343775e-05	-0.004037581795307443	0.0027351807445092184	-0.0017182867221262887
ZN814.H14CORE.0.PSG.A	0.0014587878782984561	-0.0005108162720462786	-0.0015913191647028077	0.0012816457122106634	-0.0007096877782550495	-0.0019750396406360976	0.00023864801436461296	0.0006630201122886075	0.0018425531232486433	0.0013636378976131514	0.00205297858756375	0.0011110881953406392	6.483753485051619e-05	0.000734093120860313	-0.000696134433170836	-0.003258454214083606	-0.0017048617357427395	0.0011498650864196075	0.0011640095425918956	0.0013195351940489559	-4.376564917213388e-05	0.001424990023635479	-0.002776357693768418	-0.0004511439300272438	0.001950292931233641	-5.135167818959979e-05	-0.0018662346955005266	-0.0005676599420706471	-0.00023788363186621163	0.0005216587993154588	-0.0009005184880202174	1.2591930604835883e-05	-0.0006747880123365857	-0.0001700100563411357	-0.00035580868053321224	0.0017689316069803788	0.00033998922706152124	-0.00031684844215978947	-0.0016044542170976644	-0.0003132224501345227	-0.0005155256470077557
ZN821.H14CORE.0.SM.B	0.007767658628429479	0.004329637138600836	-0.013880055264868851	0.003356425236696728	0.004138369535439071	-0.007902226185371453	-0.0005002166412112347	0.0014118329834924767	0.011478286989779311	0.001352998875522038	0.0116198286574592	0.0002639583547664609	-0.00039084573315897875	-0.0025036952214970015	0.0013960503209262832	-0.026182615742013526	-0.009841823770824543	0.00227679183672852	0.002466799701814626	0.0020425801160007043	0.005785601560457765	0.00804483605233235	-0.012907225349179041	-6.9947641600232036e-06	0.012206771277147591	-0.001209013418942459	-0.018386541045878335	0.001756794320506072	0.003736433949928286	0.0008212067162940012	-0.008895756379932035	0.00032227374709947157	0.0019418521057274762	-0.0018732517429756665	0.0009589898144823361	0.011702148252191728	0.003400947546414443	0.006803124991398957	-0.018859283031001817	0.0007645475679335378	0.006449160688558775
ZN823.H14CORE.0.P.C	0.004593416534079985	-0.007243536892050418	-0.0019233988482595388	0.004187992222804301	-0.005450254621123994	0.0011285119792373705	-0.0003433032892089516	1.5661423704696475e-05	0.006670179860976086	-0.005151594421888145	0.005281465748995937	-0.008641381712699792	0.0034091735476774188	0.003030533224981813	0.0011322439899864212	-1.6940168696744085e-05	-0.0029853111299177337	-0.005649444077516302	-0.004667241721721671	0.007202689377714816	-0.005800346248189037	0.006043915933357366	-0.0002896913302964377	0.0014506325621555932	0.008283566355474666	0.002586303829784198	0.0021695696143275156	0.0012566493833437511	-0.007933245460599588	-0.008769373056609804	-0.0029592907403610536	0.002036111442364286	0.002631857947853769	0.0017843120863289662	0.0024295552639693185	0.007258432366531051	-0.004313285141116341	-0.004802951639652164	-0.00012788448851733247	0.0009875184032643435	-0.0028493126504056943
ZN836.H14CORE.0.PSG.A	-0.001034643449532132	-0.0004780993778165793	0.0010245506032814516	0.0012001909677970225	-0.00057226018896284	0.0011853348429566903	0.000619372499451416	0.0019287821352417887	-0.0006072086240217541	0.0009288691405802268	-0.0009165178826268426	-0.0008130101819601061	-0.00012852524183562183	-4.573937044586099e-05	-0.0003016384295015861	0.0009596323629753323	0.002257472273852739	0.0009198722129214187	0.0006942927267591104	-0.00010445086897094107	-0.001455531363966922	-0.0008354489279909557	0.0008599291616192134	-0.0015074128119199476	-0.0008404203639922935	-5.3693416504765196e-05	0.001785617785831306	0.000612608380594919	-0.0007602499213061036	-0.0009948226261768996	0.0009300990089825822	0.0012259707119970915	-0.0018792089476984616	0.0013945807413420553	-0.0017725348875705822	-0.0011444709154319246	-0.0012988815321104824	-0.0014418550204986363	0.0009931344083882049	0.00017868442360834558	-0.0011533409749270168
ZN845.H14CORE.0.PSG.A	-0.00028274278457025154	-0.00489840874731115	-0.008655147354167808	0.0010827181524060842	-0.0037871741698295297	-0.0028193988054315555	-0.0024084703829209894	-0.002009727877109506	-0.003138148677840907	0.009022029203863857	-0.0007881149567044261	-0.006058862246874824	0.005602550556287375	0.0047123818685613494	0.0010441886513290481	0.0019889782624212815	-0.008657266991202048	0.008458046949047782	0.007848098564609718	0.005361212936015408	0.007896144324985643	-0.0030892129380838147	-0.00388653386726337	0.005511526824299312	-0.004680913875437869	0.007130512076358675	-0.006628975183854524	0.001125685999520544	-0.0048598963191841885	-0.0061010216260628525	-0.009895959087600298	0.0006835805463887422	0.004585417536773773	0.0005096848631020376	0.005068134499965488	0.0005766656488594771	-0.003982070722252401	0.0074534868026265855	-0.006853595615283481	-0.0006931981822985225	0.008666267602611577
ZN853.H14CORE.0.SG.A	0.0007022127473692921	0.0019758763914667233	-0.0012598278075454522	0.0012475343578845308	0.002160768332528089	-0.0032036232593480735	0.0012298902778631188	0.0015585261009180354	0.0005722364034324405	-0.00024253749918433376	0.0008236750217922202	-0.00013412522396247933	-0.0016826392159585354	-0.0010214957052600768	2.5958467048667506e-05	-0.007824777984718534	-0.0017223687180780503	-0.00021094736257266933	0.0001817494755912974	0.0007443142079880498	0.0038613575274754203	0.000747990636527843	-0.0025427454374128133	-6.264408135020494e-05	0.0014082337486681145	-0.0016550804258965227	-0.004541572696418195	-0.0006784751643454413	0.001078159224139761	-0.00023789490887659095	-0.0018403297197240598	0.0007015853877645943	0.0012871709575262083	0.0006365735362494291	0.00028739923544494894	0.0010119707711526357	-0.0006199021564766219	0.003361671888219106	-0.00047346968083360197	4.830613802030842e-05	0.0033627408371473405
ZN875.H14CORE.0.P.C	-0.00031241884346645127	0.0001916487293035403	-0.0031598879720515366	-0.00046851161483954865	-1.8676046530559376e-05	-0.0009343866538546602	0.002293394626886318	-0.0008439097106814619	2.915573390652529e-05	0.007597473177095249	0.0009964431224479243	0.003012353587130305	0.002443568833962781	0.0030692576132579155	0.004216346869616538	-0.004976974151967739	-0.0037579170496693654	0.006892640967668812	0.0062234352198963505	-0.0025269965650557384	-0.0013987273522844956	0.000809855937264202	-0.002432049278981996	-0.004150126425080239	-0.000774402386070296	0.0031067782714471193	-0.009785161813289811	0.004933337953727565	6.6792949035957e-05	0.002834019292183486	-0.0033960133367316597	-0.001158814853166062	-0.0060604166433815	-0.0014466654156226732	-0.004303001988618285	0.002705318591451542	0.0023634240756511687	-0.0015344523457635761	-0.0038524196805337363	0.0034236437539168496	-0.00107549133628429
ZNF12.H14CORE.0.P.C	0.00042971749365514067	0.026951923580751828	0.007214872910417891	-0.019866502797503592	0.021562301111901716	0.0011454153302511982	-0.01317162499030819	-0.024276055938761545	0.0017107306454673815	-0.004021270567445945	0.0025662035010522704	0.02268925922885473	0.005681472423885114	0.008339241865280983	-0.009508315434524921	-0.004000568483314537	0.002415168769582837	-0.004936843724716589	-0.005970103400823712	-0.00882038342541979	-0.0040922994983780825	0.0017701405803546497	0.002458471785558358	0.0010454496169698124	-0.0010402988051628238	0.003562658247677014	0.004459934078108074	-0.011218611054769193	0.02256357137796594	0.02591911212194334	0.002871420248367562	-0.025146108733899872	0.0022167222551051358	-0.03019403640703366	0.0019505070181407014	0.003841304900944781	0.022976022207343433	-0.0035310579931236985	0.0038144630456561357	-0.012105258182225728	-0.0013766078918671654
ZNF12.H14CORE.1.M.C	-5.639325944317708e-05	-0.0017169745683669017	-0.00874635050644057	0.0018238175632331217	-0.0016060132526626233	-0.0032919609642694803	0.0034725884349655414	0.004628042686561862	0.005908160083477977	-0.0015764136091682979	0.0022053525132622815	-0.0012645619009096914	-0.004608503950752824	-0.003939860373519483	-0.0004914315467117814	-0.014258559410018301	-0.007036769898524281	-0.0037260609629006236	-0.001949261243443634	0.003062626066013388	0.011595281602947677	0.0036148986729052923	-0.005168354087414229	0.006857593093293007	0.004755273196701213	-0.0066850791717656816	-0.008602515903277541	-0.00034561259660655097	-0.0013916956997669823	-0.0006736721027381168	-0.005371469815241961	0.000629528443053016	0.008527293578419748	-0.00073969681186822	0.006745936880773698	0.0039395718364170496	-9.800138415479165e-05	0.010410002517197064	-0.00866776153280674	0.0003827719596852276	0.010830471400207597
ZNF14.H14CORE.0.P.C	-0.0025759831709831482	-0.0010099669033175537	-0.00747366506441885	-0.011326154539978393	0.0025811689024527046	-0.005695668763003758	-0.01096933624044133	-0.008555773081887964	-0.0021243268488099	0.014338734915482931	-0.0027592557355537103	0.0014807866458042968	0.016420077201923428	0.017344516857299153	-0.010492603636817383	-0.008522219182568569	-0.005487065088069315	0.012834895340910202	0.016108899396226783	-0.013101182182535101	0.003269817929467178	-6.783684701730519e-05	-0.009513998678231661	0.014823054952211229	-0.0021841230745456505	0.016172070374848496	0.005046823855603955	-0.010766444552418264	6.725732959786401e-05	0.0031597695206560944	-0.005486991482327591	-0.014626177515908684	0.0160629171013921	-0.014652905048206991	0.01532326101561865	0.0037134113947766695	0.0031275584691101976	0.004360144517024767	-0.0025233790114174703	-0.010563795239448802	0.006473626991480408
ZNF20.H14CORE.0.PSG.A	-0.0026246362587256725	-0.0013059041774368015	0.0020629018208200844	0.004660811690433812	-0.0013642726835631606	0.005156553386846945	0.003779658467382735	0.004851370797464234	-0.0008761764248121778	0.0010686654278251329	-0.0020781297157884977	-0.0019211968461280357	-0.001421322682787142	-0.0005470588919756422	0.001283518448698495	-6.695028421410676e-05	0.004337132078940299	0.00023953212363375664	0.0016409316752123426	0.00478498319872429	-0.003434370653426999	-0.0004553181010080315	0.003638500500178457	-0.0064898352135495385	-0.0012307608662769252	-0.0008060022375479675	-0.0005507622602785311	0.0008310903406088983	-0.0002473445744493735	-0.0040123014539477295	0.0008325369494190937	0.003572609872411211	-0.0060498007766087505	0.003437822668565626	-0.0068052298463114475	-0.002910855563238668	-0.0016212287531046018	-0.002196196798297523	0.0005147122356487233	0.0019150833894056238	-0.002273250581614178
ZNF23.H14CORE.0.P.C	-0.008392999467039808	-0.011160208617241416	-0.00778383604623839	0.006949866883871912	-0.013264902179824428	-0.005151573124374781	-0.002770654469734013	0.008011610606604463	0.0022020177318290424	0.0011982450510975018	-0.006575337412592943	-0.008012135393372408	0.005257217805529027	0.006614098272427357	0.004843675351203908	-0.013329445529376316	-0.007056768146622663	0.0037569312531652854	0.002645228634573893	0.008144303087552325	0.01719993411363996	0.0017696421706708682	-0.005898498277150721	0.010221943002402673	0.0036468372139063874	0.003803485534955728	-0.008245491686361905	0.005388278684557712	-0.010372535303075234	-0.008206382293772116	-0.009854838316701947	-0.0051870386016686434	0.01032368920406354	-0.008524772741998672	0.009748886443836091	-0.0014590571325677135	-0.004037028462603703	0.01738050310238931	-0.004966205535326229	0.003788741759630926	0.0155495942398165
ZNF24.H14CORE.0.P.B	-0.0012891195053980429	-0.0029323532922200454	3.806931700849059e-05	0.003086993583915131	-0.0029471511083632197	0.0014252222832020212	0.0018981398697806191	0.002156166938365095	-0.0014517465268297051	-0.0008044485366013737	-0.0005783242194742633	-0.0029683867837073663	0.00029516304321131753	0.00015992386903831632	0.00198877614899535	-0.0003860268342675277	0.0015042542375662063	-0.0005586902243985004	0.00021903089236838258	0.0021669095185933435	0.0009472076076057906	-0.0015689392437899866	0.0010699646277970987	-9.706310625617193e-05	-0.000772017194794175	-0.0009588281273400986	-0.0007934565381573777	0.0013855216870259923	-0.00308400039438045	-0.003188887556033221	0.00013195570931703177	0.0012103929064961809	0.0005659507121532001	0.000697176754939422	1.2110181803595688e-05	-0.0010262272393087683	-0.002171200774423749	0.001816056182353254	-0.00014120317024658713	0.0019089546463795576	0.0015703644603619754
ZNF3.H14CORE.0.P.B	-0.002021845699219163	-0.00392994279959083	-0.0008765660602222669	0.00394096768173257	-0.005092106599785845	0.001923432702266803	0.003921048931816058	0.0034240932376466485	0.00029183026321520644	-0.008895559144422333	-0.0009221344030564353	-0.000651136383419168	-0.009221000307969136	-0.006252224042969226	0.001909424191704952	0.0027827550586265737	-0.0014665832700907627	-0.009653835004387573	-0.00857880123622154	0.0028484024087604073	0.007346355984359038	0.00033633095851017675	0.004113166243054134	0.005202801080816846	0.0008362458160236117	-0.009432275858254346	-0.0035279352730481217	0.0006677565746976977	-0.0038097430461693955	-0.0031322509904408435	-0.0009078353598504646	0.004868454291079324	0.005566798048318708	0.005975231435291468	0.005448368130102799	-0.0002584627453234706	-0.0003682831818851845	0.007760186430434135	-0.002474437132210794	0.00197396723300481	0.0071027874351008435
ZNF30.H14CORE.0.P.C	-0.013309699600921016	0.02122115408973143	0.010882078449803267	-0.025754199543641415	0.019010531215976803	0.009495429760391916	-0.030259649418316666	-0.030117097257589827	-0.0314309649212703	0.01998502595774765	-0.011788845685714916	0.025318026784729775	0.02708847048744023	0.02630067635365088	-0.029468294570164765	0.0031058683679108245	0.01207257985191651	0.019172999774797583	0.0159176007327424	-0.01556370584794084	0.008244673499219535	-0.032411642347185105	0.005944462172902787	0.016461127211427506	-0.027004543532309275	0.027553922365972566	0.006820736864271981	-0.02981049918312291	0.024540145327562428	0.024070306447973755	0.014831093835663278	-0.030187237217347854	0.010706590900806084	-0.02531205905104976	0.01265623606866928	-0.009444650135416954	0.020583658573780722	0.009089755673540867	0.004796900143728133	-0.02821542974656456	0.009368476199123954
ZNF34.H14CORE.0.P.C	0.00863498957752036	0.007445175051315311	-0.016204676305221655	-0.0017608724315761395	0.003585820637587646	-0.005488366932060132	-0.003617982275379017	1.3736424159166427e-05	0.003804277662212925	0.0062437250579107095	0.009474935788019341	0.006216290018400378	0.0023626535075849248	0.0011199683022182633	-0.00229109954145754	-0.01019711440035942	-0.010914183911080025	0.006776861028527648	0.00403446935945212	-0.002870144042229919	0.00400573020474887	0.003214163994390458	-0.010845895799693084	0.00391862671360424	0.005309655351862223	0.0025457385871992394	-0.015324558247202968	-0.0017730147958476827	0.007535509675371747	0.004148455913273522	-0.015054856632146424	-0.0060178190774601336	0.0049689367728731615	-0.009012108615306621	0.004426841210632443	0.009975566636733914	0.0057020585896697396	0.006390023304056858	-0.012005526329910199	-0.0035746133755159837	0.006169656375631105
ZNF35.H14CORE.0.P.C	-0.006996431343774638	-0.0012548028650505513	0.009606620983806213	0.006130715280921205	-0.0015955460172655256	0.00906627203007511	0.0007302547903633438	0.00813863322086042	-0.0024074604417584355	-0.0061706122473744185	-0.007711482877273919	-0.002844622306455713	-0.005055141727600576	-0.006456336522570355	0.00031902632332283035	0.006705101550296688	0.007163497715385242	-0.005547773718236337	-0.004805373694136417	0.006701640320092003	-0.00382466269586057	-0.002409024717222173	0.007782947339294827	-0.005385712508508972	-0.0017460335216869984	-0.005459764109076531	0.012060077282750548	0.0032115441625929914	-0.0009771454435657315	-0.0023126191781996652	0.008585332097030815	0.0018691419416864818	-0.005651902858346547	-6.895644719607207e-05	-0.005861238880696354	-0.006143173115151199	-0.0021001463891669736	-0.0025216088787781143	0.008245236365360897	0.0017078056308206524	-0.004321531504290321
ZNF35.H14CORE.1.P.C	0.0028277027337720584	0.0005048120152705421	-0.004771895437537449	-0.009110620247870606	-0.001021889565907888	-0.007662916280792159	0.0002436285471722338	-0.00927036489165943	0.010238309176076349	0.0028172130400562767	0.00284088361568317	0.0012654230531288502	0.011549585770563031	0.010688410419466693	0.0012694604288055605	-0.0070757501709215465	-0.004023825166550102	0.003820743632694301	0.004427890325981676	-0.01014850929555728	-0.007469697886644311	0.010974635033891338	-0.0031671687538605	-0.001613730719690204	0.010525282103401498	0.011577179930549117	0.0032342980929706	-0.00018631191038629563	-0.00081389665526823	-3.356372989361811e-05	-0.002953936283606809	-0.0032802502324671525	0.0005997537813794973	-0.0028291078253529765	-0.0019379073777982536	0.005578739206345634	-0.0008393911881263288	-0.0055234911054247715	-0.0054166901082781105	0.0009981420348152484	-0.00575489250299438
ZNF43.H14CORE.0.PSGI.A	0.00019629112743202448	0.0032215924545505106	0.0021197617701764204	-0.003145925295707303	0.002637942997185852	0.0043990931577494174	-0.0048878137607028666	-0.00395324520254698	-0.00045354990036222675	0.0002842706659399452	-9.86108020026126e-05	-0.0006737698948482695	0.0061252320769195345	0.006025027048965001	-0.003622258058249602	0.004222096796022923	0.0007357431876583859	-0.0007353031671744059	-0.0005113402360700237	0.0001250179062088387	-0.006864031050863195	-0.00046928055960087506	0.004571758257701536	0.00022684384200899466	0.0006246620272387232	0.005086158268149989	0.0071259352734126535	-0.004217290309929303	0.0023597118597557115	-0.0005121854988360125	0.001819542125166565	-0.005430188264896947	0.0012448579823407802	-0.0036360774771696507	-0.0008733938295161642	0.002799815201220787	0.0002579250421576862	-0.006560638576415451	0.004763281466950098	-0.0044637899479013435	-0.006264576434746011
ZNF48.H14CORE.0.PSG.A	0.007719212281386648	-0.006718358325447829	-0.015977284206121545	-0.000676022026799214	-0.0044373314628401855	-0.0010032206253279274	-0.004906397528107349	-0.0088857878229133	0.011544444324988027	-0.007104071775414	0.00835657855940382	-0.006125071128726886	0.005930428239822039	0.007158385106045079	-0.005167232916255886	-0.006145074746680246	-0.013693917828739077	-0.006771708497624207	-0.005925434864129886	0.013927876775224127	0.005277396496577658	0.010297638143285966	-0.006608763887680447	0.013555852501212579	0.012896601718721007	0.004331626028489105	-0.013080627624617702	-0.0064584516797999356	-0.0050525241824682515	-0.0020875311459711693	-0.01964132203747812	0.00046607790362688476	0.016184111218196295	-0.006967946280760855	0.014971106433928988	0.015173871541307588	-0.002222798285333588	0.006854513288323427	-0.0026673292012431293	-0.005235923590891239	0.007662422056636198
ZNF7.H14CORE.0.P.B	0.0002502827605903625	-0.004457561742804849	0.0007176424000551185	0.0006032020978783952	-0.0037358132605466512	0.0011748091305675903	-3.450817115157809e-05	0.002425314796705786	-0.000249615509046534	-0.0007955311679003485	0.0002910119933252843	-0.001954640958622994	0.002832409418376945	0.002671231067230148	-0.0019097550737149046	-0.0013064493957735124	0.0015020056303462342	-0.0011950336598076927	-0.00046733738626855703	-0.001060532420444205	-0.0005967781367037517	0.00033668738254513317	0.0004907123231056715	0.002298807984944619	-6.391139514009842e-06	0.002799368963931549	0.0037010891306048233	-0.0020650442928018594	-0.003926642815350585	-0.003244125662197006	0.0014670471525744869	0.000902902875355717	0.0026612441446738425	0.0011786737707676722	0.002268560158653482	0.0003507653174396122	-0.0036327452659283277	-0.0003697688543119193	0.0008028793774500498	-0.001131073342065414	0.00047768604723978647
ZNF70.H14CORE.0.PSG.A	-0.0025969078433932535	0.0018515328211515959	0.0018846895651421364	-0.003117664589063247	0.0018245613258259658	0.0031906250747277473	-0.0001571440710246945	-0.003839522480090375	-0.002038581928377493	-4.4938215687850835e-05	-0.0017107562144395951	0.0023521127259297087	-0.0017482815488057274	-0.0021088289552360986	-0.0007592004803507117	-0.0003096077660293961	0.002609502186509703	-0.00029190201247167313	-0.0008517133481937	-0.0005462083639723829	0.0004997893632908423	-0.0018039231642972206	0.0014513086949005105	-0.0004993386503967384	-0.002089003719970453	-0.001753096571328952	0.0024853716765154965	5.091127506323678e-06	0.002000422023767887	0.00206955314453975	0.0020065854496766136	0.0014979245878795756	-0.0021731037818758375	0.0016577938217480232	-0.0005206194448734644	-0.0012096389625273068	0.002615130723772882	-0.00042057648169564754	0.0029855401345278004	-0.0004882838998042233	-0.0005734492416320652
ZNF74.H14CORE.0.P.C	-0.008161489240080269	0.008963747388703158	-0.003922948235217882	-0.006228093245319637	0.00636092014010789	6.160506026228751e-05	9.603933382952567e-05	5.6365535606450745e-05	-0.0019630105695768625	0.007962146692807759	-0.005126991705495791	0.0066222919405136416	0.0029500996872650065	0.007596289186253158	-0.0032121546261148215	-0.018442773053827577	-0.0043494754776338684	0.010118879408420184	0.010623624731930459	-0.007426640948591204	0.008367699090403413	-0.003849059165308741	-0.002613324061926492	0.0016012875826988404	-0.0007678832136175685	0.0023196040414869	-0.015901243123470354	-0.0032311508437776956	0.010257091924719462	0.0025698836265177633	-0.002154388226823137	-0.004461899476740328	0.0021486702364925947	-0.006786546869985791	0.0016315389277203884	-0.0041975618324283995	0.006523696531632192	0.009250172185724548	-0.0051738895974106636	-0.0029302255358759632	0.010116636748879082
ZNF76.H14CORE.1.SM.B	-1.564410803686243e-05	1.9357416176898456e-05	-1.0846271202246327e-05	1.2508189560670542e-06	-4.473372814186704e-06	-7.022679561838113e-05	-1.2032097780537935e-05	2.084264177140997e-05	-1.383629700438965e-05	3.0894114709056116e-05	-8.51408299246672e-06	3.0127877985579006e-05	1.727707999473328e-05	6.9479530724634924e-06	8.939900609005995e-06	-3.492429513133298e-05	-8.105097200501775e-06	5.1141148139922845e-05	4.472951416361736e-05	-6.109624602811139e-05	5.1502809563452445e-05	-1.037883328284877e-05	-3.735048291573996e-05	2.2000716585052248e-05	-2.145302685646314e-05	1.8666247950027237e-05	-7.93143557391309e-05	3.015018099185746e-05	2.034559962549461e-05	1.5809593296361134e-05	2.951941176290284e-06	-3.208429411606778e-05	7.424366385592562e-06	-3.215017006198977e-05	1.6367301628930262e-05	-3.589989917718105e-05	2.4522752206575368e-05	5.1131258196371234e-05	-4.4894940212987944e-05	2.9199717943797663e-06	5.253488269395994e-05
ZNF77.H14CORE.0.P.C	-0.0003362401016382688	-0.00048732960881565706	0.00019955046076059434	0.0005247878241009815	-0.00032818123495697996	0.0003187160207897364	0.0003092816585683589	0.0006946360726331996	-7.371944036240331e-05	-6.385388420809823e-05	-0.00025797224133067883	-0.000500554873995294	-0.00032550726849460247	-0.00020485454637408657	6.39552708810295e-05	-0.00013237858290608695	0.00043599233280740106	-5.24673759854169e-05	5.9388000265118285e-05	0.0005199988898261705	8.481046770934114e-05	-0.00012610265275653796	0.00028289188023347504	-0.00026521051747370114	-8.679963001621794e-05	-0.00028639598766094874	0.0003832298113880632	8.592007883620727e-05	-0.0004804086010557944	-0.0004767781350485858	-3.016465680398886e-05	0.000517046126150497	-0.00027912111071372054	0.0005459941006604246	-0.00030081173116869135	-9.943523332878656e-05	-0.0003580422495166394	1.1297874962346022e-05	0.0001265637292852985	9.52588733662493e-05	-2.7578007041249852e-05
ZNF8.H14CORE.1.P.B	-0.006001079754912202	-0.001057136822984181	-0.004692214082106461	0.009034606357343523	-0.0016979396338402258	-0.00011004732151927155	-0.004532349775879338	0.012264140385422506	-0.0024233941842790423	0.013365503956840386	-0.0031375635608981503	0.0007682376539164398	0.010339443499120277	0.01120376231869108	-0.0027488335433670553	-0.01646101123593291	-0.0021311437301672342	0.01340658662023314	0.013560757100466059	-0.001357616982041454	0.008483580963383974	-0.006263353340999103	-0.004438675949847509	0.0014292842633655267	-0.004586357323803298	0.009313136912540682	-0.009918205239249356	-0.0023135839627518306	-0.001476888571204392	0.0024925441141504384	-0.0062173634530824085	-0.014021525708397672	0.00217939350288332	-0.01635819744331952	0.003351133335512513	-0.004975670165750609	0.0013887317100597235	0.009562800375103653	-0.006209528081543791	-0.004055722584772034	0.009404337814185038
ZNF81.H14CORE.0.P.C	-0.007234159258302411	0.000758040967730321	0.005726144941751277	-0.007325159025108611	0.0017578565904982982	0.003085867065780637	-0.003943786508339209	-0.006522746633232809	-0.003615153039914512	0.0069023480591942354	-0.0070280692660546085	0.004124393674134072	0.008545836923617808	0.01043117625279004	-0.007802639393434317	-0.005369657813928619	0.0058779665196459635	0.0062543656432982875	0.006236773041442156	-0.0038310296946688013	-0.0006828145080758352	-0.0051241244323815376	-0.00018616450841879573	0.0007051310597827182	-0.005453435962037775	0.007656551725363919	0.004097331682849703	-0.009287626568001327	0.002965376429257944	0.0035792681241103436	0.005595294265315881	-0.002754028013303638	0.0021638486078078	-0.0025558191437998453	0.0019851282966640432	-0.006646339654431854	0.002722215129452199	-0.0002780398717325827	0.010132441097278122	-0.007275570877969741	-0.0004877986430965042
ZNF90.H14CORE.0.P.C	-0.00018364820308318375	-0.017177088012234325	-0.0016537916184908574	0.016448858419928436	-0.015018817244002919	0.005847131106672648	0.005105654502885207	0.018639727850511184	-0.002508369569759087	0.007151316551480658	0.002966575947054831	-0.01571419648162052	0.006270382891151283	0.007005631671601356	0.004790931493764467	-0.011686219550339105	0.001514897187887082	0.008342870999145102	0.007257955487854406	0.01595371556835226	-0.0026666181840977465	-0.002976056804543027	-0.0005824782617780966	-0.0015188721466938004	-0.0017542928200001296	0.003869136206793203	-0.006170560369274214	0.0025000023955555825	-0.017280099428190893	-0.012599686000270338	-0.0012314763470166745	0.0034388700064760043	-0.0011815579474850069	-0.0009788532468090368	-0.0001429486359031118	0.004173616674647114	-0.013566153055667926	-0.0050194998004506886	0.0033858640773316573	0.003516995188838877	-0.004395601958536721
ZSC12.H14CORE.0.P.B	-0.012166317282835473	0.007421567650140189	-0.005991031741509861	-0.009718088751522101	0.006351397899190252	0.0017270843216087295	-0.002637039831615208	-0.012976715897686529	-0.007090442701275845	0.012649931657298608	-0.01044586063343022	0.008832177576286626	0.005950136598403988	0.0043426107291356375	-0.003318858031031633	-0.0035472390315587354	-0.006878989765703114	0.013384753378188174	0.011996395768028412	-0.0032900817976364363	0.01083197025705207	-0.006429054093328841	-0.0014458138612821747	0.002607078213999331	-0.0051181686402179336	0.007021189280095194	-0.009622954998152577	-0.003382632883491374	0.006968260510903677	0.008447268169417405	-0.0026941047681326435	-0.0024985621504449874	0.0003999456186581929	-0.006343244380836815	0.0031642329933321	-0.008169500190846085	0.0065934848745903	0.01017879884523376	-0.0013439859712651714	-0.004497869661606632	0.009197405584268292
ZSC16.H14CORE.0.PSM.A	0.006159494252699259	-0.007035590860077871	-0.005222058042430838	0.007826700712960169	-0.0049525384122842825	-0.002987522191635214	0.008968009870176374	0.008778170095916742	0.004178347118787187	-0.0031430100711245523	0.008263311161607431	-0.006844575804749176	-0.006246961023879755	-0.006143614412651294	0.007692098354124911	-0.012485482028047223	-0.003731597704812434	-0.004141198718951633	-0.0048843050972995905	0.006323165980476227	0.0014834073594051644	0.00460425964853118	-0.004112043293734546	0.0004918031263203837	0.006009384505529803	-0.006861649292540656	-0.012401917125983042	0.007668105900998257	-0.0077921446479626046	-0.00568142850509086	-0.004941678780654518	0.007305465974750796	-0.0020844237201934346	0.005570803764649015	0.0014669248059517026	0.006668403034590091	-0.006059574888419683	0.0024285246379880387	-0.003946854091465862	0.007403079222246825	0.002629952519683676
ZSC21.H14CORE.0.P.C	-0.0035550341987108935	0.001920841416636572	0.004248243300832011	-0.0017266902285409912	0.0014797977440851179	-0.0020403656571866963	0.0017801374334103087	-0.003787117163352654	-0.005444255103465349	0.001039905387906298	-0.004379321135074514	0.0009160124821697424	-0.003409531180184222	-0.004809977499688721	0.0034159936832301	0.010947596949287375	0.002646889083630477	1.0290778506449882e-05	-0.0006033827747142506	-0.004165720673382958	0.0007267314425870308	-0.004219824099120306	0.001921042764837011	-0.001228434938767703	-0.005403345214920332	-0.0027759928191282562	0.0051655149941540746	0.003300803485024331	0.000769000966542175	0.0010534670150455366	0.0043506258704603396	0.0023640767932967205	-0.0032390069431972313	0.004318034053681542	-0.0016943000736991953	-0.004603544106054687	-0.0005052524706225109	0.0005963794589454174	0.0029728342087381177	0.002318763951238041	9.836995147549654e-05
ZSC22.H14CORE.0.P.C	-0.004417186628772142	0.0038371913422642415	-0.007275515571480984	-0.0017298371117773562	0.0038990945024799106	-0.0032207030048856666	-0.0076130319994080695	0.0018551362968750595	-0.0016025265509591047	0.011256335754859681	-0.004140739507921514	-0.0015000688191243172	0.012296051148240561	0.012695216132141529	-0.011227510285177027	-0.013435980691798854	-0.003740703155222125	0.012919934795177168	0.014134072604269743	-0.0013822310668070992	0.007117954346375022	-0.0013438091501944936	-0.0050819909087410076	0.0006837951663158925	0.0005244477271668913	0.012570560385421176	-0.010757417102243982	-0.010877373261986345	0.004757659351129193	-0.003070484141950894	-0.0054240886466963845	0.0017409246498183467	0.004274244461560106	0.002478420294677347	-0.00028781651361650673	-0.0010141710772402501	-0.002378123429719048	0.0069614517494027695	-0.006257130288235269	-0.007821780061617326	0.006223285029498149
ZSC23.H14CORE.0.M.C	-0.002582749420578956	-0.024162599221936226	0.016208286775895198	0.023129144303007138	-0.026128213029262187	0.01358057622090092	0.02251595076961585	0.02456088542376239	-0.001103207735692488	-0.02889664420517507	-0.0031540412261932965	-0.022372182719957806	-0.01669337064979151	-0.018630088331739098	0.01729239457098753	0.0019636636966973153	0.012571464238254615	-0.0301296625629498	-0.02637202889798368	0.026530342648028588	0.0033918537252489722	-0.0016287334036879236	0.015700908020989057	-0.005392232758845178	-0.0018449465659124975	-0.022439473197109566	0.013585564431600194	0.015140977907806816	-0.02500070157078315	-0.025081791654377017	0.005722643890662071	0.021611886012852074	-0.007284566907406226	0.026365176926915465	-0.006650810471585361	-0.0003210223041282545	-0.025719925646904507	0.004198444307539906	0.017214078714830994	0.01949373401175475	-0.000771324292645259
ZSC25.H14CORE.0.PSG.A	0.0025325895480799512	0.0034003837374306962	-0.0015264627696857103	-0.0034873547887803863	0.0019904636902286776	-0.002616485947682906	-0.0036165034286182764	-0.005443674626017123	0.002208035122929646	0.0028129326297917923	0.003258647065847299	0.0014666563942616548	0.0020278788254432106	0.0010029356671301393	-0.004718299237252584	-0.006675351789134976	-0.0006329676140710144	0.0035430737201150586	0.0022269748612975815	-0.0005466806848287084	-0.002230345128932304	0.0026092619776166854	-0.00488649793062837	0.0021469069270881325	0.0024346779258316163	0.002674911224608237	-0.0023536764733282367	-0.003902637825536709	0.003526595406294703	0.003568372814409103	-0.0015177062529897756	0.0005079460900023489	-0.00013671354317337792	0.0011467316922166605	0.0024679899850214293	0.00479586627457574	0.002269646600850883	-0.0014751968872255272	-0.002008509324435026	-0.002993298256999859	-0.0023147948509089633
ZSCA1.H14CORE.0.SM.B	0.012755333993464416	-0.01622282526556386	-0.017418390385108395	0.0021260317298082837	-0.01724143826975988	-0.006188376900833875	0.002965167855258438	0.006695614030496025	0.013978929284413473	0.0076850850530660875	0.01371029820735718	-0.019112993129111244	0.014164591464370935	0.01335752657428066	0.005379643146435331	-0.014144361061227517	-0.01580877306175088	0.007969063623817108	0.006996864513904688	0.006231721025403772	-0.0037484023491792806	0.013805519002371022	-0.012497181214249031	-0.0017011507250080937	0.013650786679802651	0.012920986100672438	-0.01804251015915692	0.000947343828836239	-0.01668679669495861	-0.014643793294062096	-0.018583805762408256	0.017405197439690837	-0.0012569513007021638	0.02080094995933421	-0.0010378603184500457	0.018727986592590527	-0.016541962644439495	-0.004857461108537908	-0.010820771285037056	0.006721165976599143	-0.005456951868124116
ZSCA2.H14CORE.0.PG.A	0.016348597287125823	-0.006346165320436685	-0.014308663418724388	-0.0005708221760969759	-0.00934559011128705	-0.007003553106420701	0.0102748029297106	-0.005493868632946777	0.01789180084323097	0.011654160663626512	0.018194992678440516	-0.014045216070359579	0.005463776949201055	0.0034451883493279434	0.00616890676048904	-0.02074145036172448	-0.017042238136665555	0.009677541927238298	0.006569764952691348	0.004793822991729105	-0.013383980705948817	0.02032829387547199	-0.012366383420573723	-0.008113582284595577	0.018559248906411273	0.005242844080876385	-0.022946127984541986	0.0075026133625362285	-0.008055638891179273	-0.0146737306802385	-0.010089408451659204	0.02665218514201269	-0.011064121783371739	0.030640994473307988	-0.006105529955130529	0.016177292108278757	-0.015461115046559615	-0.01475826380906381	-0.019310556985897953	0.009515607392928255	-0.010427458441702009
ZXDA.H14CORE.0.PSI.A	-0.007018120591024385	-0.0005195210538753575	0.0020064171124516417	-0.005693233987692066	0.0018268254505565962	-0.003184273203239746	-0.007227851000645422	-0.008472787977044538	-0.004731303383797611	0.003413967794396844	-0.00646354852293641	0.001942172348162463	2.124191343488846e-05	-0.0036296960288448865	-0.006011955533434885	-0.006911545290049781	0.0035681489101176134	0.003573956010508972	0.0023788500791370737	-0.002371097379404774	0.011884435869612908	-0.005663562017861182	-0.005533206510885236	0.01633290165329912	-0.004709087091923653	0.0002584876936659042	-0.0056881346611823425	-0.002891285703675431	0.0018949915174868645	0.005011817948055525	-0.0014222892611703286	0.000448105302406594	0.012332699909126804	-0.0013406448907825816	0.014899262331525803	-0.007914703279863072	0.0009659842611626779	0.011955219064438749	0.0012724664830356391	-0.005749376085821892	0.013787657698513034
ZXDC.H14CORE.0.PI.A	-0.0005782599362267292	0.0015748044868959202	0.003269929746989489	-0.0017854119782825233	0.0016751073791681816	-0.0007333266134662217	0.0010888589539037978	-0.002027889575790663	-0.002125421842177653	-0.000516139413450134	-0.0007611564346161372	0.0010148586833411757	-0.001876890134567294	-0.002512476390334327	0.002742785600328191	0.003268712102905358	0.0020772742265635774	-0.0017059229222615574	-0.0016919278205088234	-0.0020250422991128364	-0.0006076368548966066	-0.0014044672257898481	-0.0004477419773570718	-0.0016184863005130959	-0.0016997014109033847	-0.001574597325724597	0.0025498223400633457	0.00274394164921829	0.0016234842260633587	0.0009178935405740399	0.002893808872292465	-4.674672434242792e-05	-0.002093647156556827	-5.742995267110987e-05	-0.0014954879261757162	-0.00106771061689441	0.001008724816912214	-0.0005926337595229536	0.0019715066271400183	0.0017692566230604646	-0.0009585938258549753
