	mean
TSPAN6	0.9136246888136443
DPM1	0.21845384242885751
SCYL3	-2.1263503162845
FUCA2	1.1158925614275774
GCLC	0.07462717259960136
NFYA	-1.682868294685352
STPG1	-0.3051956111676811
NIPAL3	2.870499459359687
LAS1L	1.0100731034569403
ENPP4	1.7211993871635232
SEMA3F	0.4130955920237579
ANKIB1	1.72730455704733
CYP51A1	-2.981740584720492
KRIT1	0.4472636358589038
RAD52	-1.3686532787249976
BAD	-0.31491986756532186
LAP3	-0.8855266211061947
CD99	-0.6955358082651654
HS3ST1	0.5508571521273716
AOC1	-3.8867766977952565
WNT16	-3.6518918782004266
MAD1L1	0.11465457131317476
LASP1	3.242645147924731
SNX11	-0.987944361025298
TMEM176A	-1.7893982650968345
M6PR	2.3625700990547447
KLHL13	-3.009265996248935
CYP26B1	-0.7674800011042483
ICA1	1.763855527830262
DBNDD1	1.596195023757104
ALS2	-0.13017928545250154
CFLAR	-0.10995481620406156
TFPI	-3.2741841568871717
NDUFAF7	0.08390225532561185
RBM5	-0.380152554165755
MTMR7	0.037169118122203366
SLC7A2	-1.9529070838198863
ARF5	3.2755006931148056
SARM1	2.1673363318361267
POLDIP2	2.359903982749372
PLXND1	1.9791532528024949
AK2	1.63033879621919
FKBP4	2.3276050909690205
KDM1A	2.519586489138165
RBM6	0.5517813115600005
CAMKK1	0.8088153390266043
RECQL	1.7553655167076587
ARHGAP33	2.1976079305622624
NDUFAB1	0.8403046777833355
PDK4	-0.7401895946136348
SLC22A16	-2.6904164278564764
ZMYND10	-1.24193301568222
SLC25A13	0.46933654336266195
ST7	-0.31996753006846224
CDC27	0.5360811049186861
HCCS	0.0019613947334223125
DVL2	0.7588052653419118
UPF1	0.5596646722595741
SKAP2	1.0635415226688378
SLC25A5	3.6360749957375833
HOXA11	-3.82053622035201
POLR2J	0.9306389723322012
DHX33	-1.7147817872051847
THSD7A	-2.0743929004393467
LIG3	0.9494316804713396
RPAP3	0.2489502111063881
ACSM3	-4.231799605952741
CIAPIN1	-1.4806685697999744
SPPL2B	2.6812793257593315
PRKAR2B	-0.39594697427661696
MSL3	-1.2373156656900008
CREBBP	1.1220447363532564
PON1	-2.5195941167017724
GCFC2	0.2266478568277268
WDR54	0.11301479050365769
CROT	-3.019454460402975
ABCB4	-6.868957925271467
KMT2E	1.3970710989710908
RHBDD2	-0.9754550675516364
IBTK	1.6889395174518385
ZNF195	0.2560979849592613
MYCBP2	1.1348559967086855
FBXL3	0.028776787067207384
PDK2	2.183795629932363
ITGA3	2.8450140334390355
ZFX	-2.686517872784213
LAMP2	2.9520041884102204
GDE1	2.258561438165518
CRLF1	-5.608021986698784
OSBPL7	1.8186753151583723
TMEM98	3.059752337295047
YBX2	-3.8281390412905303
MAP3K14	0.006271828787115329
ABCC8	-2.2026566284666487
TMEM132A	3.31127920712572
AP2B1	3.5688259779786917
ZNF263	0.2494481902002089
SPATA20	1.433921885666751
CACNA1G	-0.22909809394888134
TNFRSF12A	-1.938604139720991
DLX6	-0.7673813967993918
MAP3K9	1.4239647653074412
RALA	0.7301062590157673
BAIAP2L1	1.78367923799387
KDM7A	-1.5798723350718744
ETV1	0.3410544324811017
AGK	0.2625292982457709
ALDH3B1	-1.9690010299387901
TTC22	-1.7478459801459585
PHTF2	0.936412976407926
FARP2	1.1194086777830368
USH1C	-2.1831420130332133
GGCT	2.6189662744352087
DBF4	1.00669651226354
IFRD1	-0.5360681149012969
COX10	-1.6196591101533429
GTF2IRD1	1.845085970239279
PAF1	0.7181917357213753
VPS41	1.3976226289135778
ARHGAP44	-2.1840586957547177
ELAC2	0.3210756635049772
SCIN	-1.6497612523392036
ARSD	-1.2627991387474007
PNPLA4	-3.5937332003416333
ADIPOR2	1.0021726005894505
MARK4	0.07559760884101681
PROM1	-0.9375355133675887
CCDC124	1.9383658996998663
PAFAH1B1	-0.9001684790597517
NOS2	0.05988282028183885
GAS7	-4.646945553261204
TRAPPC6A	-1.0272552989361015
CEACAM7	-2.672187812597483
CD79B	-1.9085347813273428
ST7L	-0.02318238205028795
PAX6	-0.1558592322271008
RPUSD1	-0.4533490577410516
RHBDF1	-2.818101246089319
LUC7L	0.819507774252238
CACNA2D2	0.5591697078084491
BAIAP3	-2.027290246957276
TSR3	-0.7515451615589127
PIGQ	1.816314571267741
TEAD3	-0.20849848965049797
DNAJC11	-0.14567797104079386
MYLIP	2.0238300512326264
E2F2	2.9283396389668295
PSMB1	2.9747842420301116
SYN1	0.44237181218026445
JARID2	0.8044417927806867
CDKL5	-0.20133151943496833
CDK11A	-3.639394588587363
NADK	0.14142189232653224
TFAP2B	-2.6795762314417857
CYTH3	0.3859982772107647
ADAM22	2.049022010884055
SYPL1	0.852150298717583
CYB561	0.3965545537375362
SPAG9	2.417368645645273
CELSR3	3.051666698300945
AASS	-1.8153436275637416
PLEKHG6	-2.857540698606977
SS18L2	-2.7300160731384024
MPND	-0.3543590478787647
MGST1	1.3271618498435136
CRY1	0.31777715052358235
NFIX	2.622542857156802
ST3GAL1	0.07150909402739093
PKD1	2.3832772650830387
MAPK8IP2	2.1077615439714656
MED24	2.369486551355744
RHOBTB2	1.5673009612349424
HEATR5B	0.3604142516041322
SEC62	2.827675733389584
RPS20	3.0550153680820333
CSDE1	2.540811127736407
UBE3C	2.001114531613885
REV3L	0.7435122486725911
TENM1	-3.699847822951031
FAM76A	-1.2366191392912567
POMT2	2.023686784894255
VTA1	3.15738980179254
MLXIPL	-2.466113156968604
BAZ1B	2.436106217922618
RANBP9	0.9669305346574093
ETV7	-1.8386302521234645
SPRTN	-1.6370279948365956
METTL13	0.5955474781724525
DYRK4	-1.041908675486112
ZNF207	0.7115146098311034
UQCRC1	1.5353181904288484
STARD3NL	1.1462673163425876
CD9	1.2183754837103344
NCAPD2	1.9293783228361425
IFFO1	-4.35221545113751
GIPR	-2.956561928106879
PHF7	-1.043550177322027
NISCH	0.4005818243544284
FUZ	-0.20097023701288538
IDS	3.1062160041534845
ZNF200	-2.666054495220133
LRRC23	-2.7331421708657544
SCMH1	-0.20817413557510045
FYN	2.74660757475128
HIVEP2	1.2563729293536965
LYPLA2	1.623369922233247
CLCN6	0.3436943523992308
MRC2	-0.9414722748664272
TSPAN9	0.11306049022751341
BTBD7	0.3640490577559755
APBA3	-1.5574527139483703
MKS1	1.297409207674317
ABHD5	-0.7121115472426864
AKAP8L	1.7424873273465071
MBTD1	-0.332326556659186
UTP18	0.5613039562173697
RNF216	0.14972608413435076
TTC19	0.6663502008631567
PTBP1	1.88084330676498
DPF1	-0.7444545929747176
SYT7	3.1467698795285193
LARS2	-0.05906752840810724
PIK3C2A	1.5554126328542257
PLAUR	-2.173276423953274
ANLN	2.479931466711158
WIZ	1.453995200491498
RABGAP1	0.01349940919720139
DCN	-2.2547826398950694
QPCTL	-1.9053370159632779
PPP5C	3.339302538334484
CEP68	1.7470272719438271
MAP4K3	-0.12966311592261895
GABRA3	-2.403439193623247
BRCA1	1.7333240384145772
ERCC1	0.6584473454846561
SEMA3B	0.0017929109989162455
MBTPS2	-0.5782202625478146
PRICKLE3	-1.238304752939073
EXTL3	-0.7323476269944402
ELOVL5	1.66180004913432
ALOX5	0.848330992917201
KDM5D	-6.774880398358229
CALCOCO1	1.4181985979023837
UBR7	2.029350562614969
MAP4K5	0.11435793495739782
PSMC4	1.7119094949819236
MAN2B2	1.4742355944884018
SLC7A14	2.629012867029464
CLDN11	0.03971072393275165
SLC25A39	3.191950069644193
MVP	-1.2756934495566976
NUB1	2.5102320656879082
PGM3	0.3444292979736017
RWDD2A	-0.24137633700849823
CLK1	0.2535120469889655
POLR3B	-0.31082996097773113
ANGEL1	-0.5688669126147351
RNF14	0.22735137581010953
DNASE1L1	0.8018651112415375
DDX11	1.488293645612883
HEBP1	0.9607325216014754
GPRC5A	-3.4160879262475112
TACC3	0.9088033268087858
UFL1	1.8562220535073894
POLA2	0.19875453422030703
ZC3H3	0.5257698127498861
CAPN1	1.837446613034558
MDH1	2.3729354976135593
SLC30A9	1.0565737160835742
MTMR11	-1.593701306604208
COX15	-0.5030020321619482
CCDC88C	2.950237289227681
YAF2	-0.08273862914304213
ZMYND11	0.2494012317764847
BID	1.8210154718940728
MATR3	2.04920127523784
NPC1L1	-1.8276233521872904
XYLT2	0.3228330429602744
RGPD5	-2.3059180501687364
STMN4	-0.8065005874032943
NUDCD3	0.7735779453680132
ISL1	2.710154859682602
CHDH	0.869502267072499
GLT8D1	0.15918585362672935
ATP2C1	3.9052629645713974
RALBP1	0.4852167908170538
RUFY3	0.1780440433965242
CNTN1	-2.9339979352234713
WWTR1	-2.673421557872565
AGPS	2.824353741204327
TTC27	0.6600036323722883
ZNF582	-3.2108946295486844
VSIG2	-2.7989349296986923
PHLDB1	1.6060931317073712
PRDM11	-0.9028586093816264
SYT13	4.526292957125078
SNAI2	-2.7668126447116315
CD74	-2.827986393085829
HGF	-3.72272918780804
ZRANB1	3.3399497562408182
NCDN	-0.3114078257375185
ZFP64	0.0672658651094739
MNAT1	1.2267847725155618
RUNX3	-2.2428894216367166
PLEKHB1	1.6557846210297456
SERPINB1	-0.19430992217539467
CYP3A43	-4.763305154991048
SPAST	0.7201692641112166
NRXN3	1.1761837379431257
OSBPL5	-2.5534242716964717
AQR	0.04788421639021199
CPS1	-1.620663269689412
FHL1	-3.5434693100257513
NLRP2	-5.6139221452366295
SLC45A4	0.10817100311489491
RNF10	0.1424659828981446
ZNF839	-2.6704030876854157
ZDHHC6	-0.3331173867858284
GRAMD1B	0.5525486505074001
RNH1	-0.6891425795888417
NDUFS1	-0.28522864441939255
RB1CC1	0.7562411775970692
ERP44	1.2261110737646395
ALAS1	-0.1889151809587662
BIRC3	-3.6793641800075476
AKAP11	1.0552833510285675
GLRX2	-1.8306867367936541
SNAPC1	-0.0954506611528078
DERA	1.042450061811566
STRAP	3.5189871372415844
DEF6	-2.2414275894233686
PLEKHO1	1.340703960024883
GCLM	0.8579551803103662
UBR2	0.9534155375761424
EHD2	-5.2362634726653905
DEPDC1	1.875731966741567
CCDC28A	-2.130786507917988
RRAGD	3.401444639504402
HSF2	0.7539829655847198
PHF20	0.11168774864611493
HSD17B6	-2.345161870339909
NR1H3	-2.1963570807877963
NCAPH2	-1.266630208843465
TOMM34	-0.004558396050172568
SEC63	2.2398132039090477
KPNA6	0.9027966015434677
VIM	-3.1711507890183137
RNASET2	-0.6553698091121725
CD44	-2.109297600207622
KCNG1	-4.183851014357746
AGPAT4	1.2359490320072908
BTN3A1	-0.2999591516021964
MIPEP	-0.05163417699468699
PRKCH	-0.4766565114457244
INSRR	1.6564844571190391
IFNGR1	0.07125090119386607
B4GALT7	0.6766883495763715
VRK2	-0.05573479664519153
TNFRSF1B	-1.633973060550132
VEZT	1.6390951404397305
POU2F2	0.7136581642769309
BRD9	1.234582511290726
SNX1	-0.6195040632462575
TBPL1	0.514482558285148
BCLAF1	2.2659745375635016
SLC39A9	2.3782913630855735
ANK1	1.2891711015512146
TFB1M	-1.944622799458709
RABEP1	-1.4601220427169457
HMGB3	0.42202116936831185
NUP160	2.0319072796264708
BAK1	1.0829647318019062
IKZF2	-1.16600612813282
GRN	2.509340157456558
FAM13B	-0.45644884438113525
ARHGAP31	-3.9559355865067523
CENPQ	0.33347994798119907
RANBP3	-0.2712486808342905
ARID4A	0.6812322631553706
PNPLA6	0.602449681536353
IFT88	-1.1818050385698482
ALG1	-2.0413074481627267
ZCCHC8	-0.8194076159318372
ABCF2	0.058581306704437855
CHPF2	0.7673715748847894
LRRC7	-5.2011351170284374
FUT8	-0.20889300237400382
UBA6	0.6375518533601426
GAB2	1.71546546348777
ATP6V0A1	0.5690705805365576
PIAS1	1.4086768722863454
SLC4A7	-0.5207366264200869
APBA2	1.4222016555854553
MAP2K3	0.35086073101120263
TMSB10	3.253441315155782
ASTE1	-1.2453070682921141
RNF19A	0.1399306995812047
PEX3	0.7470975396324671
GABARAPL2	0.06436285340698523
SH3YL1	-0.7729914858394895
FAM136A	3.22967809055538
VCL	2.1527033141411995
DEPDC1B	0.027356158859598703
DAPK2	-0.6573258518579952
NSMAF	-0.21174348716203276
TIMP2	3.3841567884706776
RFC1	1.3114372298131598
TBC1D23	-0.6307927281001253
CUL3	0.46204012848524884
MYOM2	-0.5965992772085292
CYP46A1	-2.152596602088102
ZZZ3	-0.11984892125517607
SLC18A1	-1.7686573949088464
USP2	-0.7214520848831603
CASR	-3.815307581149023
TUBG2	2.0400830269397625
RPL26L1	-2.0343966590364406
NSUN2	1.8779263211515542
FBXO42	1.303130504613996
MFAP3	1.913052668677173
MRI1	0.1787393543434925
METTL1	-1.6275521496923282
AGA	-0.9111973189375165
PI4K2B	0.0861555014735071
BOD1L1	-0.10206563838320361
MAT2B	0.30017289186219226
EDC4	2.478546710900586
TRIO	1.0761017921170184
VCAN	-3.3537803637375654
CLEC16A	-0.20163703134502323
CDH1	2.3138500900944123
DNAH5	0.4915567479404758
ZFYVE16	0.2524811892449635
RAI14	0.9735075361817397
PNKP	-1.0882726618906062
PHLPP2	-0.8768713047945983
SPDL1	0.5062127804540413
STAU2	-0.4146762093648738
CTNS	-0.6204073308182094
RTN4R	-0.19148103445002013
PHF23	-0.02632785843051569
CDH10	-3.495758068902076
INPP4A	-0.06326626726177198
RAB27B	-3.3931135180502126
PSMA4	1.9964631726507043
MYO16	-2.5624359698803456
LSG1	3.1607439150062517
PARP3	-1.323077193939186
TNC	-2.0653855683219846
THAP3	-2.755079251968024
TDP1	0.7677277063988968
AIFM2	1.565614257536828
SPATA7	0.0027708116644067837
MED17	0.3505741362984572
RETSAT	-0.3572503393764294
CAPG	0.20862227845500725
AP2S1	2.2416244325044987
USH2A	-1.1345925509196746
ADAM28	-1.1472103213228302
DCUN1D1	1.0787435865101536
JADE2	-0.5764852046953705
ZIC2	3.0962719017848124
TRIT1	1.4417337844975622
CUL7	0.48888424646101514
CTNNA1	2.0237641086933595
PHKA2	0.7195134511178107
CNTLN	-0.11174851709027898
EPHA3	-1.1775435891224884
HSPA5	3.561690977178745
DSG2	1.885329629042614
GEMIN8	-1.291898274895496
OFD1	0.2058090131887443
GPM6B	-1.0141352554148022
PREX2	-1.8571938404684531
WDR37	-2.328031397863982
YTHDC2	1.446564500771248
CTPS2	-0.1183522541103373
ATP6V1H	0.05834332178335158
POLR2B	2.1157879040170573
ARAP2	-4.259667090438746
TPR	2.8096834773373476
DTNBP1	0.3699458162533419
XK	2.0408771142968845
ANO2	-4.564185962366776
SCML1	-2.5620860753496784
WWC3	0.7781050168471733
FAM184B	-2.608741721480656
MAP4	2.537548680880694
GOPC	2.3464449417175763
USP28	-0.8726892902113311
HDAC9	0.6173046872869017
TSPAN17	1.1395953197048405
NOP16	-1.3061513370941493
CC2D2A	1.1116826078722668
RRM2B	-0.14560465760965816
ZNF800	-0.10962781767347328
SNX29	0.512052146313958
LMO3	2.3230947429948428
MRPS10	1.541855593721896
GUCA1A	-4.065024694892107
RSF1	1.4794357497125896
VPS13D	1.053347128417954
CELF2	1.8238232463474737
FAM120A	1.4873895508472355
R3HDM1	2.5561336172705675
COL9A2	1.3433350956780326
KITLG	2.2828683420495244
ERCC8	0.5827967792387588
ADAMTS6	-3.433034969814183
H6PD	-0.583655534140608
VAMP3	1.190411967861018
PER3	1.5652391681728275
EPN3	-1.674570389226888
LTBP1	0.07549910851494904
RCN1	2.8805683766685424
ELN	1.7999307413199999
RFC2	0.4735624893295181
ARID1B	1.3185130272992411
CLPTM1L	2.3866771792093324
NEDD4L	0.7611014635485193
PPP1R3F	-2.9386712141796876
HEXB	0.26112979638985684
PTCD2	-1.9031628353522996
JKAMP	1.38543615899595
DKK3	-1.7776526613568937
ARHGEF5	-2.824616776997907
NFE2L3	-0.6425154174851083
MCUR1	2.61597423362786
LIMA1	1.8544329271230022
LETMD1	1.3400888962446686
SLC4A8	1.545742279139647
PTGER3	-3.502049699815032
MAPK9	0.9108102263600579
BCAR1	0.5993398915429022
HERPUD1	0.6990666838428634
HOMER3	-2.033133648678789
RAD51	-1.147403156526212
POLQ	1.4273006025043034
PIK3CB	-0.053083381261009345
CYBA	2.5135886066673225
THOC3	0.6745168792179637
HEBP2	2.739234044251025
MPHOSPH9	0.6542105805377993
PLEKHA5	-0.19550284368202575
PRSS8	0.4021335923638696
SIKE1	0.8334025850913245
RRP12	-0.48516131965930326
FNIP2	-0.9806500158109496
MSMO1	-0.31568931514641485
TTC17	1.2574325426844173
ALX4	-2.8243956379107646
FSTL4	0.15285581082296026
FOXN3	1.9895031591984904
AKR7A2	0.9054211493698189
MRTO4	0.910687028079036
NNAT	0.39103138128505255
USE1	-0.6375553362205566
MCF2L2	-1.2383547656743341
NRIP2	-0.5869062591059029
LAMA3	-0.3711690474834945
AP5M1	2.0158913869123114
ANAPC4	-1.73246789542445
KCNQ1	-1.4141326303890196
TRAPPC3	0.7169934766750611
THRAP3	2.234044247498146
PHPT1	0.4083724177301964
ENTPD2	0.03060056691593727
ARID4B	0.2366189578656108
OPN3	-1.1098059623870327
SDCCAG8	0.17877617956342157
PTPRN	-2.0202384334422963
HHAT	0.842529633300227
KIF1B	0.05997055929128915
FOXC1	-1.497730849081438
TBC1D22A	2.446978118871272
SYNE2	4.630719850857902
PLEKHH1	0.9283332151319758
ATP9A	1.4209339530829226
FAM168A	3.753342587581423
RELT	1.8567994224781437
GALC	-2.0388003749783454
NOP58	0.15641745739702426
SZRD1	0.9048274357933421
KCNH2	1.3661761395426295
CUL1	-0.3304244359189044
FAM114A2	-1.9206724719902948
CYFIP2	2.031243049684294
TAB2	2.057055819364806
GINM1	2.5005020876550574
EIF2AK2	2.034014079507448
USP36	0.374329034164467
KMT2C	0.5774670805137259
MCOLN3	0.3402967722480656
CCDC85A	-1.1569329164747941
PUM2	0.5649865686390086
MRPL43	0.29956533969765753
ZFR	0.4444694734023611
ZNF280C	-0.34516314409873144
NPFFR2	-4.259855991369764
PHF21B	-1.7084032621019172
TRAF1	-1.3762447263962407
RC3H2	1.1920846830040588
IL17RB	1.114384472675782
TRAF3IP2	1.2426841478946047
GYG2	-3.9345645373740243
DCBLD2	1.752271596149515
SOAT1	-0.48520416713087267
PKP2	0.8482250970299308
GDI2	1.1725301443474012
ATG5	-0.2800030828447413
TMCC3	-0.7198135211352897
PITHD1	1.808687559881622
MTA3	0.6597532407494113
USP13	0.919125282077756
ATP11B	2.233898643677457
LAMC2	0.40431760120505994
CDK14	1.5879797714625123
SEC61A1	1.788828187764015
PPP1R12A	1.2695063757827028
CAMK2B	0.5330438856936478
CROCC	1.109232066301596
POLR3E	-1.09037459183745
ATP2B4	4.003689222486349
ZC3H11A	1.1132566298239066
RIOK2	1.3868522324401096
YIPF1	0.01315939619824181
NDC1	-0.07571816556248849
DGKG	-2.4884754336661947
FLYWCH1	-1.1431544198040227
UNKL	-0.7575099435804422
PARP12	0.7634126595331656
ALDH18A1	1.2820777415445554
TARBP1	0.840842364117043
GATB	-0.45900617823298906
MXD1	-0.8268914183754472
CDK17	-0.9539818039472812
DNAJC25	-2.4318801278439595
PSD	-0.635992912391486
CTDP1	1.0095416506482155
YBX3	-3.4595153563813197
WNK1	2.3166047846247637
RPS17P5	-0.369502769080214
CCAR1	0.1983308283930492
OGFR	0.3684533060323864
GNA15	-1.2608789022111295
PIGV	-0.8030542019701405
PTPRU	1.2745288223740903
SNRNP40	0.8797887190880714
RIMBP2	2.525608898344309
QSER1	2.5252792305443306
MPC1	-0.7356173578801527
ACAA1	0.10774854304046833
BCAT1	-2.5243283854347056
HDAC7	-0.045424322673318515
LZTS1	2.5158681529846585
PRDM6	-2.8421167135065932
NCKAP1	0.310186908089537
MRPS35	1.6230496633817515
SFSWAP	0.20677884075303452
TNK2	2.0057003140325267
MON2	0.8030728223168435
CDH3	-0.6774996349194514
GPBP1	0.6854567388381254
DGAT2	0.24021744563263311
ZNF112	0.9149637610799731
CS	3.1546868229315637
LTK	-2.2044086426394336
ELMO2	2.626488339321363
VMP1	0.9094442508972487
APPBP2	0.6260001620414339
POLD1	0.8864314096218375
SEZ6	2.410818514946544
EIF4B	1.7506032839588324
SLC6A16	-3.3645258066878396
SPHK2	-1.0316749443464648
RPL18	3.753162912510646
CA11	-0.5243301743799929
ISOC2	1.646929985086721
U2AF2	1.4355501539253284
EPN1	3.368433486315403
MED29	0.8050782609225101
AHRR	-1.5015360282254075
ZNF275	1.173023113191152
MTMR1	0.17613966693121463
GPC1	2.17492629439156
ADCK1	-0.06794304505577718
HAGH	-0.25497434362096344
RNF4	0.18478413979684705
CASP8	-0.08651285798986603
LIMCH1	-1.1990913416452293
TM7SF3	1.4464990152648265
DLX3	-0.7704292070485688
SPA17	-1.1074551151183947
ST3GAL6	-3.1620094661260154
ATP2C2	-3.758502653749686
NGFR	-2.0353901843336186
CDON	0.2084050380015331
TAF2	2.868744990222513
HIPK2	2.3413097297612184
TNPO3	1.1788882658149773
RFXANK	-1.0775632618573798
TMEM161A	0.7333381628711869
LPAR2	1.0574839095158033
CTSA	1.48017965245505
SUGP2	1.6547803020222793
SLC12A2	0.3341502803216283
SNX24	-0.31943205200119823
EYA2	2.7978393627196514
CNN2	-3.6492318962821386
ABCA7	1.2032266744647289
SNCAIP	1.9901150944546235
DDX20	0.6797296604419126
BTBD1	1.6015367208897886
FAR2	-2.4627636854640618
SBNO2	0.3314492180508651
PMS1	0.9308302177661417
HMG20B	1.1352658855979905
TAF11	0.29435616353654015
ANKS1A	2.713334468582773
AP3D1	1.8164591228557887
ZNF76	1.618473312307582
NTHL1	-0.6233680895715127
GNAI3	0.8811555062725255
IPO5	1.8082777222858255
OAT	0.6260288452882732
WDR3	1.6527453381148856
PKN2	2.885339036949362
WDR18	-0.6240218955969301
TRAM2	1.3431867990861928
NTN1	-1.4979215103607184
MCM10	1.2056943758028364
DGKA	-1.4177686486625656
ERBB3	0.9837909721297579
ANKRD44	-1.4421754804769127
ADAT1	-1.311216649505203
PDIA5	0.7099046081447544
TBC1D22B	1.0930520628899103
NDUFB4	1.3973755607771423
SPEN	0.9594002317047036
MYLK	0.5345802703774196
ZC3H15	0.5503564161199436
MAP2K4	-0.2728502113954683
SNAP91	-1.1938859785666625
SLK	1.7422834169852395
CYB5R4	1.825512113766424
GSTO2	-1.7750847342884453
SEC61A2	-0.9053745023054642
TLE2	3.019690997186595
ASB1	-0.49285343667614834
FAM107B	3.058527388274206
ME1	-2.816850324695828
TBC1D1	-0.3834377015427059
CDK13	0.24195755762159865
MTHFD2	1.7168769444230283
SLC9A7	0.27502865165423895
FOXJ2	1.3503666848696536
YBX1	1.453934396108248
PPP2R5A	1.050653964305385
CTNNA2	-3.4760173842800026
ELAVL1	1.5673705007550334
DIP2B	1.0671085794626385
SMARCD1	1.7676757404725176
KDM4A	1.9390110360476935
NFYC	-1.454387559961641
SLC9A3	-3.0412196826462496
NGEF	-4.9784016504831134
ASPM	3.361178942547526
ELOVL1	2.139385641508717
MPPED2	-2.6269053465298784
CLDN18	-2.6004044757762097
ZBTB11	-1.0554714189971117
ATXN3	1.0603541814728112
GOLGA5	2.2529839118401025
FGFR2	-1.4687575701756261
LRRC40	2.036553196364361
ISOC1	0.9445265424678736
EML1	-0.06511406497879493
TRMT11	-0.6064974272051868
THUMPD1	1.158228597777455
MSANTD3	0.3098779576945728
KIF26A	1.6500010302595534
ATG2B	2.031405773749646
ARFGEF1	0.4084592943225438
ZFAT	0.0005564825916208805
MTFR1	0.8518124491074698
FECH	2.7132732183652313
MYO9A	-0.3333175745318008
DDX3Y	-6.866645900159149
PFKP	1.7784141686951147
IDI1	2.5160502296904497
SP100	-2.655664526539626
KLF6	2.248087438485733
NEO1	0.5223224427383373
TRAM1	2.2124012797555777
PHKA1	0.2518823777264826
TNFRSF1A	0.07056912196692973
CACNB1	1.3753757422166897
EVI5	-1.2855032186251174
STOML1	-1.1066875855922407
PKM	2.2210903666683603
DHX29	2.7420971718257023
DNTTIP2	2.5770718860826465
METTL22	-1.176636542034124
TP53BP1	0.18574394165157454
TRO	1.127877910795513
RRP15	0.8820553795350803
RHOA	2.1060815865062152
DHX8	-0.11886839851673191
PRKCZ	-1.5053178165967467
ZFY	-8.682133250765242
IARS2	1.542034007235797
SYT1	2.418049804781199
NAV3	-1.9293781847189553
IDH3G	0.7821600761813065
ROGDI	1.9556339044792828
PDZD4	1.2647340782475163
ATP2B3	-3.856684969385802
ROCK1	1.8435084070338865
CBFB	0.22067638047015903
PDK3	-1.1498664015214677
HYAL2	-0.1037589973925156
HDAC4	-0.3777505324148751
RASSF1	-0.585546920064519
FGFR3	0.3844801348280423
IFI35	-1.1345372193780414
HEATR6	0.2723297110597112
COASY	0.13091086790400278
PLEKHH3	2.097194350098681
MEF2A	1.7328086732591035
OTUD5	-1.4083045422529572
TFE3	0.49433917081902445
TBC1D25	0.9008156312971444
ACSL4	-0.03610802305431455
INPP5A	0.35047232900360603
GPKOW	2.276953097245227
GRIPAP1	2.1401473866057494
FTSJ1	0.9962813217885319
PRR11	1.6752597945481964
REEP1	-0.12427317097730328
ATP11A	0.8207928557202393
POLR1A	1.7964205003853644
LAPTM4A	1.9121407656757796
TTC7A	-0.9369038983623161
IP6K2	0.8811010700067515
SRBD1	0.3555751745515794
KIF2A	0.22216190831984728
PSME4	2.1682728540296323
IFT80	-1.453862682219186
SIRT2	0.35492540813940415
ERLEC1	0.8256726244590233
PPP2R5B	-0.7184668251230587
PITX1	-1.2441238034769824
MAST4	0.014617336254148895
SDK2	0.8232698792943259
NUP133	1.1085743067528435
NUCKS1	5.067020732616866
VPS35	0.6166640440013191
DNAJA2	-1.5522990555560436
KCNAB2	-0.13085963043992402
CLEC2D	-0.7358185435043393
FUNDC1	-0.1958743104751912
MAOB	-0.6579591833470477
RORA	1.0250126849177745
TGFBR3	-0.7548759402176478
HES2	-3.703775889753113
ATP1B3	-0.3302601193907418
NEDD4	-1.1706813578003075
PIGB	-1.8337702560939109
MAPK6	-0.7397828466483777
GNB5	0.7724254178864702
RAB27A	0.9161897188981069
LRP6	0.18357825645177506
PHRF1	-0.10355969844416256
NUCB2	1.9837457752672791
PFN2	1.7354503372657821
PTPN3	1.1836101000790236
SPTB	1.8219139149758936
SLC44A1	2.6508861824822736
TMEM260	0.3324779811834549
SMG6	0.26422867554897755
EXOC5	1.9612521926079278
CLTCL1	0.485524136951188
FSTL3	-4.185789042106249
DGCR2	1.1665907955129207
RNF126	0.8311390038733864
MNT	-0.7615083542791959
ZXDC	0.30770494840860946
JMJD6	-1.6208053633466135
POLB	0.4766537164544268
WIPI1	-2.3192351369808546
FRMPD1	-1.6214442102910607
GBA2	1.8020301807337997
NDST1	2.1162545492145832
ASNS	2.219793760216979
AP3M2	-0.7744034647764065
ST6GALNAC2	-1.226910356673239
PABPC1	2.305666906171619
TESK2	0.005365089531192109
CFAP20	0.8282911886201625
CSNK2A2	0.7987739722333856
PTPN21	-2.613556750198025
EIF2B3	0.6811256638050064
TCOF1	1.4268969536206333
CDC42	1.018261537132394
OSBPL3	2.624937855770602
EPHA8	-2.2007288559707585
RAD18	-1.0105033886277446
ATP2B1	0.8258033288691157
NCK2	-0.4362706207883618
MAP4K4	2.6535135671558674
MGAT4A	0.9716953792151282
RPL31	3.0250638860225494
WDR1	1.9094645263852374
SNX13	-0.0027391154665871416
ARHGAP10	-2.5711782968559858
RPS6KA2	-1.401838225157522
ING3	-0.8120354991540776
VASH1	1.2009028321664101
LMCD1	-0.7155013784785554
SEL1L	2.7998070340605974
TRIP13	2.3090237448995126
ATP6AP1	1.1037357346996717
TCF3	3.635333824472599
TRIB2	2.3827372124559965
DAZAP1	2.003095048969392
MBD3	1.0948792701573395
HLTF	2.8133349292410403
FAM50A	1.7780148882202158
FAM3A	-0.2489057105264009
CPSF1	2.6536241806291057
MYO3B	-1.3339206029640618
CYBRD1	-2.3608483754103133
PDCD2	2.609812194893548
SLC6A15	-1.76138700792967
RDH11	3.424155425658871
PRKACA	0.7461632437540701
ACTN1	2.3425499556445564
ZFYVE26	0.8990427418458933
RPS6KA6	-1.6935677614107414
EPN2	-0.25843792644264557
PTPN18	1.541793213522958
SPEG	0.09409504631653966
LNX1	0.23207027199779318
ALDH3A2	0.5953438650933894
TFRC	1.1735806349017621
SREBF1	-0.028430588467560847
TRPC5	-1.831943579877156
AFF4	0.733716793970638
UBE2D1	1.1168945443083431
RHOBTB1	-1.3128636247294019
SMC1A	2.07401230273526
HSD17B10	1.3433453189121662
MARK2	1.7620079322753648
HMMR	-0.537053134697374
CHFR	-1.3725890999489296
P4HA2	-1.052140020313839
NFATC3	0.3243174074667561
TRNT1	-0.8520297497761726
ACADVL	2.1676213363080308
STK10	-0.834651586759115
FBXW11	0.873936244669169
CRMP1	3.3948075347370037
EVC	0.029860186795111893
DERL2	-1.6568211994151627
NDE1	0.535781206651515
TMEM38A	-1.921453311459273
AP1M1	-0.48323090131233026
PVR	1.752245115392802
XRCC1	1.2815898869129825
SCARB1	1.5195529627666335
MCM2	4.036951744028718
MOV10L1	-6.627590699904159
PANX2	-1.512287360131975
LLGL2	1.7957873420906
PDE8A	-0.6728385303797647
CLCN4	0.8225426373486999
NLE1	-0.050158833684000176
SDHA	1.5598186050344265
SMARCE1	2.057259665633825
GSDMB	-1.3239700199113709
KDM5A	1.078426425464046
ADAM11	-1.46154754196551
PPP2R3A	-1.8693723615263618
FERMT2	-0.9266974586172878
DHRS9	-4.665772109664341
IGF2BP2	-5.925993787413351
MAP3K13	2.410231197238945
ST6GAL1	-0.344130768975414
VDAC1P1	1.3068724270263408
FRY	1.660175744620827
PICALM	0.6233823045353784
NSF	0.6806038985733985
GLI2	-2.8089988982709424
CLASP1	1.325993612824904
MRPS34	1.1011328801042313
NOTCH3	0.9072156467788949
CLNS1A	2.580119398696513
PPP2R2C	-0.7415080225980655
TEAD2	0.28888454427100574
EED	-0.29963235915946396
SNCB	-2.577715374831855
TSG101	1.2325103981182166
ATP2A3	2.082276330546013
CA12	-3.0882292145057653
MGLL	-0.051065956414224525
NTN4	-3.4364432731247163
BCS1L	0.640623578177666
NUAK1	3.328803896886496
DPP8	-0.614291962246378
SLC24A1	-0.8622225241139821
ZNF532	1.9064101492752759
LMAN1	2.9542398853050744
ZZEF1	-0.17722097936027256
ENO1	2.8722797394539366
ANO8	1.7563537498564903
TUBE1	-0.2002064311063437
ARHGEF10L	0.6815013512711067
KCNQ2	-2.6655235085567894
ACTR6	0.9414916139056191
TIPIN	-1.1896918113077526
SRI	0.5758154894085556
EIF4G3	0.22109626124764947
NUP37	-0.16514273385381437
SEMA3A	0.7822913030505448
GTSE1	1.089418382483984
SEMA3C	-2.3864731680839912
TTC38	-1.6250074328908046
ACAT1	-0.6166921044197503
GRAMD4	0.9557948778060233
CELSR1	-1.1395993789844316
ZNF638	0.6438631318549348
SLC25A40	1.2026485756218301
TIMM21	0.9248193447925148
ADD2	4.180322227053393
RASAL2	1.1905628224243743
VPS9D1	-0.25149001137347815
ZNF37A	1.0262960517040722
MARK3	0.8234670034054221
SLC25A3	1.8082717445703278
FNDC3B	0.025399761051823684
FOSL2	1.8214357404480888
CACNG5	-3.2635514634325418
CACNG4	-0.09051785150524257
FRYL	0.3968528244598973
TMEM131	1.2365590597676304
FSCN1	1.781455336559704
ACTB	4.638834315297954
MOCOS	-3.213597305051944
PLD1	-4.948308992725031
ATP12A	-4.183717847149814
WDR62	1.106657991440889
DLG1	0.1976526540995992
RAB7A	0.966250190789607
BCAP29	-0.1795051668003946
SEC31B	-1.6532530965351782
SART3	1.9965344604695012
PAX2	-4.7473384894370385
EXOSC7	-0.5409175296320996
KIFAP3	1.6287941595810849
MKRN2	0.33649899683168233
MCM6	1.77527305938882
REXO2	2.2182017498493325
RBM7	-0.4609819231684199
RBMS2	-0.44625290120973427
BAZ2A	2.751585733929554
PTPN23	0.5900405070543124
MLH1	-0.7738143685633343
UNG	1.091817830710469
KLHL20	0.09926674902612549
RGS11	-5.217153806064968
SLC46A1	0.20107320410029061
PLXNA2	0.9874575474796937
SPAG5	1.9565392941151611
ANKRD13A	0.8757722599726258
TPD52	3.7175844328003804
ACACB	-1.0193153759639964
TRAF4	1.871279954522522
PAG1	-0.6497193094591599
GPATCH1	-0.2229149238161853
NT5C2	0.8337784925377146
MCAM	1.2209847588958591
GPC4	-2.013961798779712
MBNL3	3.3130716714903037
CAMSAP3	-0.10093382103212084
RAP1GAP	0.8519770961583849
XAB2	2.511002455975615
ARHGEF1	1.6794746040518265
STXBP2	0.8182803831222502
MAP2K7	0.4919749378185781
NMRK2	-3.401679542159086
DGKD	-0.7538394940070168
CTTNBP2	-3.0026969674842587
ACTL6B	1.3943423695077897
TOP2B	2.6160696632076115
TM9SF3	1.3479765253069336
NFKB2	-1.5127032400850013
UBE2T	2.5854329832465153
PPP1R12B	-0.008677180090013554
DNAJC10	2.76307156809047
GTF3C1	0.571926480978217
USP33	1.2239453419280386
PAK3	-0.7111958515189065
CAPN6	-3.7004186362438243
DCX	4.142155591868735
SNRPA	-0.48674260832794675
SPAG6	-3.4416629891234876
EXOSC5	-0.42660033322296625
DYNC1I2	-0.20883959119871345
LRCH4	-0.6403380518022226
FAM76B	-0.34188225314223186
SIRT6	-0.13200786673261278
POLD3	0.8013510254144686
ACTN2	-7.812435088886047
CAPZB	0.46389782058364193
GPR137B	-1.4232170423002135
NAALAD2	-3.6102922558768187
JADE1	0.6042426296043917
UBE2A	2.4636719189074308
FGFR1	-0.8972759349161418
FBLN1	1.1182981533002665
MAP2	4.740960560005857
PIAS2	-0.606745926693437
AMPH	1.8814301738825814
ARAF	0.12491445734501468
MCCC1	0.15193808925262547
LAMP3	-1.2536700229745372
NEBL	-0.8261471889820567
ACER3	0.4551785926636504
UBE2K	-0.45930500597291757
PIK3C3	1.0580866203348458
N4BP2	-1.1788404317217533
TULP3	0.16191574595347136
SYNJ2	2.7761541573996142
ADCY2	-0.708672602503459
PPP2R5C	0.13628440239837314
PMS2P1	-2.381754060344733
RBFOX1	-3.129609394855453
GNB1	1.3837339199937868
HOXA9	-2.7187080280186877
MLLT10	-0.09025852141814598
ZCWPW1	-2.630716244945035
VDAC3	0.028236536779302625
PCM1	2.228848530829448
TNRC6C	-1.0825058757302457
CBFA2T2	3.1672083955032933
BRINP1	-0.8224297120904167
ITCH	-0.4456672965418161
TP53INP2	3.4688500047739192
SDF4	0.624535306696982
MYH7B	-4.136602844020002
TP73	2.947466586799267
TOLLIP	-1.111745371838041
UBE2D4	0.7368216232647956
CLUL1	-1.6224283985701953
RUNX1T1	2.446448966747701
THOC1	0.6176807573685327
FKBP7	-0.13066129358991688
OSBPL6	-1.4303472270000859
XRCC5	4.1349670979504
LXN	-2.4115104586371885
MKNK1	-0.44757487391669737
TNS1	-0.16951238953895337
REXO1	0.273652307933669
SAR1A	1.9141470332889545
CDC14A	-1.4578516647398225
CEACAM1	-1.1695729588308237
SENP1	0.862483508467276
CIC	1.0736498012872047
LIPE	-0.4464767827126786
FDFT1	0.07418854792594252
PAFAH1B3	2.220386994506902
OPHN1	-1.5473894203541942
KIF22	1.3929078725771689
SCGN	3.1306977132536438
PGM1	0.039645521680987346
DDX1	0.19514254946511386
DNM2	2.510897187640787
EPB41L2	-3.8254688712047464
RIMS1	-5.487899020035044
MOXD1	-4.085671378350306
STX7	2.5147868497853945
RABL2B	0.17779482863301707
KEAP1	1.0268898926754668
DDX43	-4.52745783351434
PTPRH	-2.8291231939994095
SLC35C2	0.7289408076617517
CRYBG3	2.0466518727554264
EPHA6	-3.354058389149185
RFX3	1.5001950260733659
RIF1	0.43750190575854747
RAB21	1.880509885603513
SLC4A4	-0.6297230845323553
SMARCA2	-0.30339516368283825
SESN1	-0.10106505145547903
MID2	-2.0852228328657416
SRCAP	0.8959959824617901
CHRNA3	0.08352518236774437
KCNN2	-4.245697544197927
CNOT4	-0.036982830888959047
PSEN1	1.6400086575440955
CPOX	0.24256946556488973
CLDND1	1.532123154159716
MOK	-2.3098567367164917
HSP90AA1	4.236202204650182
RBL1	0.22464091695996904
DLGAP4	1.7794955097733225
IGSF9B	-0.9116891575534222
CROCCP3	-1.6372667336369229
NDC80	1.5105484515919283
AP4E1	-0.8896533821538667
RSBN1	0.28786028368330663
MAGI3	3.558572285524976
COL4A4	-0.5097242994168826
TCF7	-1.0268392196124496
OSTM1	-1.8498720412776046
CDH7	0.5992607106099723
PCNP	1.29754075494562
EXD2	2.0007434260697123
ARG2	0.35022785717548766
MEF2C	-3.584867908828965
PKP1	0.2276569742237668
UBA5	0.48968059444018414
STK17B	-0.26970738860553434
CDC14B	-1.5873746356077307
ZNF510	1.0533857963717124
LRP2	-3.1397885790631457
ZNF506	0.23680043917836405
JMJD4	0.9895531413295939
DUSP12	-1.600679749316068
AACS	2.6758147833120223
CADPS2	-0.5191497068430098
PCDHB4	-1.5068256267352416
PCDHA6	-4.188578281968424
PCDHGA2	-1.9643579258089825
PHLPP1	-0.5038170826307609
ATP8B1	-0.688946887265359
IL12RB2	-3.2025834118114807
SMARCD3	-2.211923211431105
WDR70	0.8201281529971027
STRADB	-2.401957526040325
BZW1	0.30558772235826814
C1QTNF3	-0.009678045740467205
ME2	1.3440321563976938
C5orf22	0.4355307781251945
CCNT2	-0.9167568839704114
FAM135A	-0.43763736903577427
EPB41L3	3.2067734760002615
COBLL1	-0.21805087672126286
DLG3	2.271427509378372
KCNK2	-3.6587935684945103
SERTAD4	1.9668084457028083
TRAF5	0.37921358798471194
MRPL22	-1.348276732486594
GEMIN5	0.25968392074016294
OPRK1	-2.4990603970835625
NFE2L1	3.946016675423058
SEMA5B	-1.741864473436705
GSK3B	2.7740015469904873
ITGB5	-3.585814215984081
ERC1	0.31715545907975806
XPO1	1.8443362975319806
RNF13	-0.5558354280018852
TRPM3	-2.65576568954796
PALB2	-2.311283934985819
LYRM2	1.4312126798335256
BCKDHB	0.8497321434058372
KAT6A	-0.16628443186885347
ULK2	-0.35242976772388707
GRHL2	0.19348605736284277
TNPO1	0.6883929114296639
PLOD1	2.956595974419329
ITGAE	-3.4084765657801466
DIS3	0.7792408856331695
PIBF1	0.0604946318561383
TDRD3	-0.10509812433599558
NUFIP1	-0.9407061695517421
PDS5B	0.3903287377552574
OXCT1	2.501434404053801
RRAGB	-1.0642387838841834
CYLD	0.11840171674585018
ZNF324	-0.1634084314980282
ZNF671	-2.8026933420144537
ZNF416	-1.8154480078622102
ZNF586	-0.8665344675437525
ZNF446	-0.5223427735053267
ZNF264	0.6086338847420032
RPS5	1.72041740279279
FAT1	1.4653637347703543
YTHDC1	1.5217807182107077
CHMP2B	0.9070056378827083
SMAP2	0.6882825579975704
PPIE	1.863032772160151
ZMPSTE24	3.8211993749855373
STARD7	1.9053212154091081
NOA1	1.349677821187278
REST	-4.772538210515374
SSH1	0.7809526026503096
GSTP1	4.9507779707384305
APLP2	2.710826594783987
SLCO1A2	-0.09342262898167794
WBP11	2.2467249059650465
EIF3I	2.9579900360874336
NKAIN1	-0.03821054165571379
COL16A1	-0.9353685339855116
TXLNA	0.6921715054523608
NCOA1	1.5168822251151817
AGBL5	1.5058286480009235
EFR3B	1.2891952630293322
KIF3C	1.2386002431784295
RAB10	2.5363661472847023
HADHA	1.5957837851316732
MAPRE3	-1.1659089172132884
CAD	2.079122774277629
CD59	1.0490871818390815
CD82	-2.4498719925223837
BCORL1	0.7131087326769212
ATRX	1.3235310011393617
TAF9	-1.6858990865224657
MYNN	0.1835058177297349
MECOM	-1.3667358273374088
SCAMP1	2.368244299778204
PREP	3.0102579618639145
HACE1	0.7512294891758108
SEH1L	0.14310543796052927
WDR47	-0.319538163301608
WDFY1	0.7242655917800177
SLC25A24	0.6413492985590261
MAP3K4	-0.8581290354868124
IGSF9	4.64208877561389
ZNF213	-0.7632401644268502
AKR1B1	0.366156571674337
CPNE3	2.83625294648324
RRN3	1.4939790761751814
CTTN	1.676178151600937
WNT11	-0.6043770157381415
MTIF2	1.9457539243950448
DDHD2	0.05723700321838655
TTC39A	-1.3547620012742008
EPS15	0.5167960008623819
ORC1	0.0005971129061277254
MGST2	1.8612137246671003
CHERP	0.6333210872000359
ATG16L1	-1.9623537014395367
USP40	0.12373733542210709
POMGNT1	2.019417445132958
RAD54L	-1.2548915217171093
MAST2	1.9498411834430582
DNAJA1	1.9206549511368958
B4GALT1	0.6840965343006592
CHMP5	-0.011568549667282433
NFX1	0.85166392210091
DIMT1	-0.75882397944539
IPO11	-1.098641033375457
EIF2AK1	2.142000009262285
EPDR1	-3.911427613578472
SNX10	-0.7356796266161101
SEPHS1	2.2093186567126617
MRPL28	1.0149626147208095
ITPKC	0.20401052393676233
CEACAM6	-1.4402861652538625
FAT2	-3.0987435882309415
RBM22	1.8702913553134966
TMED2	2.5429849046267905
ZFAND6	-0.1636457274745712
TXLNG	1.6595948338080473
PPEF1	-4.104270146513465
LAT2	-1.241731267836009
HUWE1	2.0902349358997836
ZW10	0.37870994019157483
ALG9	-1.4952404034863112
ACOX3	-1.7888620487955709
MTMR2	1.457017924004308
PPP1R15A	2.343056754937786
HSD17B14	-0.8011182329434062
TRIP6	-0.4476569753068828
FTL	2.8365691707073037
SRRT	1.078801700252379
BAX	1.4157662393943804
NLK	1.7470208017324986
PIGS	1.4605454203591295
ADAMTS2	-0.6798396830741511
ATXN7L3	0.48258309278670974
PGS1	0.8375571760618898
PSMC5	2.2862286423345815
UIMC1	-1.1436904717411853
MMP2	-3.8531746473843107
LPCAT2	-2.678690761791043
GNAO1	2.6256740924111157
OGFOD1	0.7564209137342428
SH3BP2	2.7007306401820825
NOP14	-0.05549216249093954
ADD1	0.20325487059241268
L2HGDH	1.0070625409736527
TXNDC16	1.885067760001863
NID2	-5.003328773288951
GMCL1	-0.5127432387902483
SF3B2	1.195218479191366
KLHL42	3.4238233959772826
GNAS	5.1812858732839375
DNM1L	2.320442478336935
PHACTR3	-1.991724476611113
ERGIC2	0.48097593459792276
TFAP2C	-5.69960967352458
AURKA	-0.30552276185534644
PIR	0.41418704590004757
AAMDC	-2.4009594073565426
RFX2	-1.0971711537382625
METTL2A	0.916291444984487
SULT2B1	-2.778187932728676
ALG6	-0.3426198168689518
CNOT3	0.5982859862449884
PTPN4	-1.5024729263433965
DDX18	1.5643528139582696
KHSRP	2.5283257236334853
GNA11	2.664098417166115
ASAP3	-0.6583072123233752
EDEM2	-0.01794095589657884
DNMT3B	1.3375559629395701
TPX2	3.135512600491686
PDRG1	-1.1851827988275454
EPB41L1	0.816533954422566
SLC15A1	-3.013968076649313
DOCK9	0.1323211428499634
ANKRD10	-0.018360589382189374
TGDS	-0.5302237861269399
DOCK3	-0.35243578139242504
C3orf18	-0.4203044398608091
COQ9	-0.6562332658059381
KIF9	-1.3056878646402605
ARHGAP28	-1.2000261519070425
CRLS1	1.7433099109820154
PPP1R13B	-0.41482461530583203
ATRN	1.7646459645947035
SMOX	-3.1522713463094307
FKBP1A	2.7381708370497595
NSFL1C	1.9073298551444344
SLC4A11	-0.36971566138174655
ZNF343	-0.3756226752670912
EBF4	-1.5412117751008612
CPXM1	1.725110129358668
MAVS	3.079969493345679
LZTS3	4.579452250719343
XRN2	2.3678517401474517
KIZ	0.8954187422551109
DYNLL1	1.5731363856903704
TESC	-0.5064774334313338
SNX5	0.6495837457286694
RPL6	1.1976735241809393
MAPKAPK5	0.811916227603914
ESF1	0.48080199246267086
RBBP9	2.6703210510737088
ANAPC5	1.5680171433493706
SLC23A2	0.6681780961906647
SLC8B1	-1.2666695982804936
TMEM230	2.442023110379859
DZANK1	-0.9575464723878476
KDM2B	1.195491630940078
CFAP61	-3.3174650614227756
TASP1	0.041462071839382886
OAS1	1.0519588573215495
RPLP0	3.0849721522887257
PXN	1.9932422711620892
RPH3A	-1.7625218530834703
KIF16B	-0.6721941053444648
TRMT6	1.3621723331723847
CHGB	2.863946058324984
PEBP1	3.5554995658637303
TBX5	-2.5352127615649565
BRAP	0.8152708135230148
ERP29	0.9120918209520985
NOS1	-1.5893628837136984
FUS	1.1835518756360441
IGBP1	-0.9689073142077058
ZNF302	1.6194049995830948
GRAMD1A	0.959042432973119
FXYD3	-0.34671861646266433
CDIP1	-0.6672341226980044
KCNH4	-1.6006619617211058
GANAB	2.2719117855204964
GMIP	0.1743565909739291
RBM41	0.6056668789576569
BIRC5	4.300182574509783
LAG3	-2.0587651829147444
MLF2	1.4810695330747727
OTUB2	-2.5342285519573826
DDX24	3.5649540297131592
ZBTB25	-0.9291517068932983
NECAP1	1.2729749188796193
ARHGAP4	1.4393045241332982
ANKRD24	-1.3425678711510503
DHX32	-0.5006861875121275
RCOR1	2.221379783159395
GPATCH2L	2.291463686251585
LTBP4	-1.8748519637071304
SLC9A1	1.7267641139123242
SPTLC1	1.1408130352136494
PAPOLA	2.3118214590198645
CCNK	-1.4258361493563865
PCBP4	0.9346852318269525
YPEL3	0.2978276780755779
MRPS33	0.04528977431959169
NDUFB2	0.19498033880860652
NUDC	1.7807183951431287
MAEA	0.45452937329336834
STRN4	2.1333443414288964
IRAK3	-1.1177375243726633
MUL1	-0.19165299127407665
TFAP4	-1.1640984123066063
PDCD7	-0.6343055045499737
SPG21	0.9181194397360432
DNAJB11	2.5217835752924196
CHRD	-2.3038599775694033
RAB11FIP3	0.9837126020434369
GNPTG	-1.6554450627742656
ZNF268	-0.0450938491423943
GOLGA3	1.1115438521004986
PABPC4	2.657165529662171
CERS4	1.2714503547994283
MCOLN1	-0.972113708374136
USP48	0.23177623569623124
EFNB1	2.288349979466913
PDPR	1.015114587495829
GLG1	0.6966885602204137
KIF4A	1.1545860215831645
TNRC6A	0.6103259073827543
PLEKHG2	1.767970651437477
DLL3	3.160180047902007
NAT14	2.87027428080679
PITPNM2	2.0433781701480274
EXOC1	1.0683496256024338
RBM27	0.4890790701344309
POU4F3	-1.7309059326753349
OSBPL8	2.4104279858057143
DTX2	-1.5570656949057267
PUS7	-0.09252860519120214
NRCAM	2.0349429190267614
LAMB1	-0.7659059015040827
DLD	2.270176992337494
WDR7	0.3230950476951016
TXNL1	1.1118999173481356
IL5RA	-2.0611537204153128
CMTM6	1.6678056430289705
ITGA6	2.523788615656932
RAPGEF4	-2.8419863181142127
FH	2.4089918677507254
SEL1L3	0.40008232740710853
CDV3	2.9727700161849375
MYO15A	-1.5743072235277955
ALKBH5	1.691779140539453
NLRP1	1.3228823210474
PITPNM3	0.5272092476276581
SPAG7	-1.1876327386796721
ORC6	-0.8939572654999164
ZFHX4	0.7694426898171571
SLC17A6	-0.7334997742602294
ZC3HC1	-1.3107595480806822
ESR1	-4.5487825274610225
RGS17	0.767102686680309
ANGPT2	-0.14704299443852734
TMEM101	1.4872705241265392
CD200	1.4101178775307486
PSME1	3.2459352353194566
PPP2R3C	-0.7670223928429366
HAUS4	-1.36670863260345
SLC7A8	-4.45845887449848
OSGEP	1.2916924193557004
SLC22A17	0.47790373917173484
RNF31	-0.8410419884172496
SCFD1	0.1839690340589287
G2E3	0.5448104253463008
HECTD1	1.72560778819845
HNRNPC	2.4475368890911127
SUPT16H	2.75690521133953
TOX4	2.2112353616956937
GEMIN2	-0.9130574302122141
TINF2	1.961803393556923
SEMA6A	0.8750660053875433
TRPM7	-0.1873311579379901
TYRO3	-0.8032155053402413
WDR76	0.7744345293871796
SNAP23	-1.0042754462349237
TBX15	-1.4055190524487144
PHGDH	3.639770330643491
COL9A3	-2.2412046941933284
EZR	3.2318117553944608
MYL6	3.1167326983202015
AGO1	1.1062724694232924
TEKT2	-0.6017611234459558
CLSPN	2.2241306962971694
RFFL	-1.2880663471918807
UNC13D	-4.031290757726704
MFSD11	-2.278628348245627
DPYSL2	3.989593282051854
TGFB2	0.7332039160871384
GPATCH2	1.7034504174682636
NUP50	-0.7104052831223284
CDC45	-0.2176704655652846
COMT	0.8656237509725776
ECHDC1	1.3275421948141457
LRRFIP2	0.000955805104386944
SEC22C	0.4163006891120647
XYLB	-1.9366430413543556
HDAC6	0.8643385501558044
GABRP	-1.7660381363001807
CDC6	0.9199372079121074
UPRT	-1.1771998840874964
CDC23	0.3805655041809348
AAAS	0.5669758421634284
CBX5	3.776767464983657
SUCO	1.3191364367387095
MSH2	1.6427725934161936
MAP3K1	-2.1946954192584966
DHPS	0.6131980374752007
HOOK2	1.1545836042923692
ARCN1	1.942269265529926
EPB41L4B	2.361124080350169
TMEM38B	0.11085025206449667
PSMD5	1.634475169405608
PTGS1	0.011325423455676031
NUP188	1.5419042902830502
CRAT	-1.768210119275862
SH2D3C	-1.8125868870656052
NANS	0.2851142855281453
TBC1D2	-1.378275874843084
CWF19L1	0.6756375634818497
SEMA4G	-1.0647498519618133
BTAF1	1.4598353414504979
IKZF5	-1.8137238148730417
TLL2	-3.0426738015090278
SORBS1	0.6836040964410671
CRTAC1	-0.33887696791535393
BAMBI	0.6233609983896815
MYO3A	0.753151306395691
WAC	0.8406253582690871
CREM	-2.020039877112022
NUBP2	0.5942059787286194
HIVEP1	0.17170472683983298
KCNK16	-0.3707885941547923
FKBP5	1.2897685012174902
SRPK1	1.9449924499061544
BRPF3	1.3422479952682245
MRPS18A	-0.011304266386375206
TMEM14A	1.375449559891077
EFHC1	-0.5837273641512337
HSP90AB1	4.902598379464203
CDC5L	1.534061839683098
ITPR3	4.252511099920632
ZNF184	-0.6131284995129973
DSP	3.766701441618059
SIRT1	-0.07341734225771364
HNRNPH3	0.8281485820517115
IFT74	-1.526657506404258
JAK2	-1.055239363214336
ABL1	1.9509043257742864
ACOT7	0.6179592746525683
SH3GLB1	2.4291214005126913
CDC7	0.8084183383728687
SYDE2	-0.2685232812234729
PCSK5	-3.5804593452413487
SCD	3.994838154054295
TMED1	-1.4715026136534
ABLIM1	1.1388682472103036
ERMP1	-0.8351743062574285
RAB18	0.6816284702322039
NRP1	-0.12681274281175786
HSD17B7P2	-3.7614951110618087
PRTFDC1	1.1888701430769248
PALMD	-4.003225136099036
TSPAN15	1.088132164353284
MAST3	-1.7314799039370226
MZF1	-1.7460542919615842
OCEL1	-1.0624240230620206
MYO9B	0.6157697308689373
CATSPERG	-3.8027502332761953
PSMD8	1.6780517987897043
FBXL19	-0.49225186632681217
HSD3B7	2.183129069526791
SETD1A	-0.3467067565639991
BCL7C	0.06968916779484292
EFNA2	-5.68766382853878
CIRBP	0.6396673287827783
PRKY	-2.1409213090948964
HNRNPM	2.2978398835234644
NDUFB7	1.9895668904763661
TECR	1.0036109798041206
TIMM13	1.865550981305445
CDC34	0.3566575815353355
MTAP	0.6989059007360897
MISP	1.8823579336248988
CEP170B	1.3823376263465834
POLR2E	1.58231498106493
POLRMT	-0.4238422601341086
HCN2	-0.6432186388878066
RASSF7	0.309871051940788
PALM	0.15067492083351738
MKNK2	1.016694930102682
ARVCF	1.209960660670597
TRMT2A	0.9108559527460468
RANBP1	1.458953240197595
ZDHHC8	0.6258754782873593
KLHL22	1.6543262421281435
MED15	0.010577767628290994
SNAP29	0.5375214865479607
CRKL	1.5709700692511603
LZTR1	2.449210974914991
MMP11	0.31377895526267763
CECR2	0.00926046411911233
SMARCB1	1.3313487846939487
DERL3	-1.37341341596321
SLC7A4	-0.00838369031771283
BCL2L13	-0.7840106952078839
DDTL	-2.147477449044398
DDT	0.6116558849371164
CABIN1	2.002579953262115
TBC1D10A	-3.2143159034050073
SF3A1	1.71341094931744
RNF215	-1.5228545235577104
SEC14L2	-0.4871979061490989
SPECC1L	1.0002089523353666
PPIL2	0.8284693766496145
YPEL1	0.9413504708811938
SNRPD3	2.6201287568714546
PES1	-0.21128067485081745
MAPK1	0.5643637843823338
PRODH	-2.835788322853535
PPM1F	-0.2906048469747234
SLC35E4	-2.395848044735933
TOP3B	1.210033623502745
CRYBB2P1	1.6838676553521057
MFNG	-1.8040831880471175
CARD10	-1.5004638175248912
LRP5L	-2.4967619904811413
SLC25A1	1.0367250549918499
PLA2G3	1.5525708710294075
GGA1	0.2967499337218931
HIRA	-2.3758672511575534
SH3BP1	0.2308305810012309
SEZ6L	1.8256596206559192
LGALS1	-1.728449125090526
HPS4	0.31191493799731324
PIK3IP1	-1.4190531425784687
SRRD	0.05283743795496721
PATZ1	1.4411005321229977
TRIOBP	-1.0684001279516795
TFIP11	0.3210569224430192
GCAT	-1.2509452204816016
ANKRD54	-0.7653227466939293
EIF3L	1.74249293857012
MICALL1	1.0455610932604333
CCDC134	-1.2554812988082749
DEPDC5	-1.5044756665839456
PICK1	0.08815279302811647
TTC28	0.7626012211048113
CENPM	0.06963061147289079
SLC5A1	-1.5912901227636074
TPTEP1	-4.815668810407875
DDX17	1.8276414549367195
DMC1	0.18179022307026066
TCF20	1.6832365111441494
HSCB	-1.7984615872496832
CBY1	0.5802011208678408
TOMM22	3.356601836961203
XBP1	1.211140159796814
RTCB	1.6938486934509007
JOSD1	0.41467064807749876
FBXO7	1.2465798964801267
GTPBP1	2.0464027325399425
POLDIP3	1.434270948169893
RAB36	0.6359214593883
PPP6R2	0.5398631934235262
SBF1	1.382113034986089
SUN2	3.4675501178295174
CYB5R3	2.4639412070426343
DNAL4	-0.7078744283550361
LMF2	3.203693166595358
RHBDD3	-0.008614051984737364
PACSIN2	1.6687679868706304
TTLL1	-1.2488471149947433
AP1B1	1.656997844245617
HMGXB4	0.5761922378591908
TOM1	0.6636068780149388
NEFH	0.1669725854114557
BIK	-1.411407511528076
HMOX1	-1.5667857956424158
MCAT	0.2939586367165728
THOC5	0.08795364200743742
MCM5	1.922089072758088
ARSA	-3.208420837070588
TSPO	1.7596826244680779
RASD2	2.204456547500272
TTLL12	1.7082343099260813
CBX7	-1.0775700781021038
CABP7	2.467731555247702
RPL3	4.250074083021403
ZMAT5	-1.6871206566495198
RBFOX2	3.890270461029421
SYNGR1	0.8026376372248321
TAB1	-0.6177047306498066
ASCC2	1.9961083559342412
MTMR3	-0.3710109108702239
MIEF1	0.8784098072380436
APOL4	0.912921542609195
APOL1	-0.9345715081533588
PNPLA3	-3.541352367669957
MYH9	4.066483182052813
SAMM50	1.6547405715876369
TXN2	-0.8318404700328488
FOXRED2	0.8342489283240873
EIF3D	0.7605233480188639
TNRC6B	1.7125021055725647
SGSM3	0.7105191080949628
IFT27	-0.38108177477859984
KIAA0930	1.9822973996627786
SLC25A17	-0.915136622560165
FAM118A	-0.725960618235627
KCTD17	2.2225097882147273
ST13	2.6597046402395925
RBX1	-1.9180597885203305
EP300	1.3686822357544914
L3MBTL2	1.4154839035266176
RANGAP1	2.09543285139598
ZC3H7B	4.7083476950115495
PHF5A	1.5695973978246431
ACO2	0.5121690605511552
POLR3H	1.0758577481839962
TRMU	1.0305567453760454
PMM1	-0.18159384733024325
DESI1	-0.562580057386776
CERK	4.038501359089126
BRD1	2.0270186352713617
ZBED4	0.28979906052707477
MLC1	-3.8106256669183214
KCNK10	-2.052728801719363
ABHD4	1.087453415479957
KHNYN	2.1763274036138776
FKBP3	1.8144323849311152
SDR39U1	1.8057456016306184
RBM23	-0.693937737139158
PRMT5	2.035015334998721
COCH	2.047522568121229
AP4S1	-1.7583221301488543
POLE2	0.4368714951242363
VCPKMT	-0.19962476756891578
SOS2	0.08296864241649267
NIN	1.7376362968580268
PYGL	-0.9106166813926296
TRIM9	1.247726053846421
PSMC6	-1.5119154024760733
GNPNAT1	0.6201504454150758
DDHD1	1.0832760458717134
CDKN3	1.3948846689428487
CNIH1	1.7157757465207604
CGRRF1	-1.0421929336114562
ATP6V1D	0.8044388136778043
PLEK2	0.18316126081893816
PIGH	-1.2517011562358653
PSMA3	1.6558933374107287
VTI1B	0.9404516507330566
TIMM9	-0.8985337672181933
GSTZ1	1.6839580384236428
KIAA0586	1.7005831235665565
TMED8	4.787365238841074
SAMD15	-0.041701659126552076
AHSA1	2.09911742859353
DAAM1	1.5044474051588812
SPTLC2	1.929350105064893
LGMN	-0.013680079967433676
ALKBH1	-1.1791620565321002
SNW1	0.6940273904183629
CHGA	4.576888256205659
ITPK1	1.9596161748908554
DHRS7	1.7935940205880816
PPM1A	2.0789468811294913
SIX4	-0.05965573413278016
GALNT16	0.04444094087960588
CEP128	1.1803443669931277
ERH	1.456875203181563
HIF1A	1.3715902136974683
SRSF5	1.9979904269933086
EIF5	-0.06475917657753819
DICER1	1.751035951028435
ZFYVE21	-0.7030840026622166
MTHFD1	1.5162025829211274
ZC3H14	0.9993759492225102
TELO2	-0.20608313486619512
GSKIP	-0.06769373310647858
VRK1	0.4621199377353677
PSMC1	-1.6332249528275484
PAPLN	-2.0101369372619238
RPS6KA5	0.8143939317320996
C14orf93	0.3849497862276191
PSMB5	1.9377661324994706
YY1	0.2925533622024326
ACIN1	2.578135248528117
CCNB1IP1	1.7039836327519229
TRIP11	1.723518606886479
APEX1	3.033050380284112
PABPN1	1.556688775716926
EFS	1.756799911657116
ARHGAP5	2.5529271631266144
CINP	1.0423316844438395
SRP54	0.6521328934866135
CHD8	2.225518162274396
PCK2	0.8223201536573231
DCAF11	1.3573065953424488
PSMA6	0.1911071845679707
NFKBIA	1.3041581081985874
EMC9	-0.053771392815151725
PSME2	0.8742394774789228
BRMS1L	0.38611914656551644
REC8	0.2658886598170193
TM9SF1	-1.687881378638362
SEC23A	1.255196690013176
GMPR2	-0.05956873013635359
PNN	2.2237329177478085
RABGGTA	1.9697334496213081
NFATC4	0.6203444930301364
PLTP	-4.431664379672148
PCIF1	-2.064333336369763
GSS	2.2457116144972984
TRPC4AP	0.7498012006613334
PYGB	3.2351433252250312
ABHD12	1.7038832015012904
GINS1	0.4334985897787229
NINL	0.8908717772794528
CD40	-2.1748536881000975
UQCC1	0.5552394250572685
ZMYND8	3.292722723967655
IFT52	0.887750834106752
MYBL2	4.499335452089338
NDRG3	0.8728066633964727
NFATC2	-1.4030249717699788
RIMS4	0.700236572981721
PABPC1L	0.6450982916656562
STK4	1.804884496332285
SALL4	-4.74209091127578
ADNP	-0.08723256564212373
PFDN4	-0.34883623371147227
DOK5	-2.095996638384455
CSTF1	-0.9812730391843698
BMP7	1.3315496967385014
RAE1	0.22304057928912135
TPD52L2	3.2769561378842376
DNAJC5	1.022698519067992
NELFCD	1.2336191567873747
CTSZ	-1.6801881365424691
PRPF6	2.1476304686144254
HRH3	-0.1448932083138589
MTG2	1.129868129863212
PSMA7	1.6830122035896686
SLCO4A1	-2.0226590655201493
MRGBP	1.4459661649924664
TCFL5	0.8016796779505032
DIDO1	0.4208712526104712
GID8	0.7462012888853031
SLC17A9	-3.236837776102619
ARFGAP1	0.8659789615193045
CHRNA4	-2.1678433148827114
EEF1A2	1.165449007475659
GMEB2	0.9889483262274643
CDC25B	3.3290450179807607
ISM1	-3.1469989936679745
RNF24	1.0066197782589628
ARFRP1	1.1068144992101536
NDUFAF5	0.3478589522205036
TRIB3	-0.11296491005304835
RASSF2	-2.312135077219313
CSNK2A1	2.147968959721201
RSPO4	-5.611889915797216
CDS2	0.19825362545554742
HM13	2.099297970819576
SNPH	0.32744287560712354
SEC23B	1.3465562973619396
FERMT1	-3.2347353974508573
CCM2L	0.5790710079072241
PLCB4	1.7089542221523941
MYL9	-4.494474172593539
TM9SF4	2.1095205432157704
CRNKL1	2.640370161046848
POFUT1	2.0325469420551294
SAMHD1	-1.8391214300149372
KIF3B	1.1842744274641352
NOP56	3.0952445983234287
MANBAL	0.6590323451396075
IDH3B	1.7397824032150384
MAPRE1	1.6016364815734967
JAG1	1.5732695346373098
CDK5RAP1	0.5191595948960656
SNTA1	1.838357673780655
TTI1	0.761777274599809
E2F1	3.762470915483119
RPRD1B	0.2512437643599794
PXMP4	1.2272323756305314
CHMP4B	2.36207302382377
CST3	0.7783036324238446
ACTR5	-0.287661374130902
WFDC2	1.6236572984469437
AHCY	1.4254359467554079
PPP1R16B	-0.09741147959678624
FAM83D	1.6634198986680304
DHX35	-0.7060244945460868
DNTTIP1	1.0766315225286314
MAP1LC3A	0.28965364762297013
SYNDIG1	-4.021694450812876
PIGU	-0.3254038497229619
TNNC2	-2.6404642499981263
ACOT8	-0.014785997976869095
APMAP	3.455222456789972
CELF4	2.744924972690559
ZNF516	1.0079436639803216
CDH20	-1.8722006864954905
ADNP2	-0.6195471231782052
RBFA	-0.3060363897885165
USP14	0.6771592378040294
VAPA	-0.867168343281689
METTL4	0.18134132492564964
LPIN2	0.8661955132421809
SMCHD1	2.87848301842804
MYL12A	1.0163816161072559
CEP76	-0.032233042457790184
ST8SIA5	1.4143834468499692
CEP192	1.938138673757544
RNMT	1.2196834219793073
SMAD7	-0.8955810744928782
LIPG	-0.08791924499365479
LAMA1	-4.563594148598679
ANKRD12	0.6135189011819707
NOL4	1.9498629571819412
POLI	0.2576054786271944
MIB1	2.934740438919177
RBBP8	2.4390893440466725
RIOK3	2.0840893831506864
CSTF2	1.7456222595696689
MXRA5	-1.2671384377201262
PSMD10	0.8862584240222814
ATG4A	0.014085183518434082
STS	-2.5931219688134655
TBL1X	0.16154179497604534
GPR143	-3.6973818748318115
PGRMC1	2.6190460486965605
POLA1	1.0702021443156438
MID1	0.9042506846022882
NKAP	-1.0653523630512525
NXT2	-0.2212997243225142
ALG13	-0.13310188217635388
PRPS2	2.0757940943536832
MOSPD1	-0.41580466666435417
AMMECR1	-0.48046811626705666
CHRDL1	-3.1797638948894678
WDR13	0.6703539401288026
SUV39H1	-0.9873817209972497
XIAP	1.1125257075060626
STAG2	2.7038788180459745
ATP11C	-2.3403698942417077
ABCD1	-0.4801237448508483
CCDC22	-0.2788373058597605
SYP	2.4767294319736024
PLP2	3.636411504386455
BMX	-2.7675201131514355
PLS3	-0.21061533042589167
NAA10	0.14759953235389903
RENBP	-1.551596516589123
ELF4	1.3850109888765725
SMARCA1	0.5002358863653955
RBBP7	1.6999607829296663
KCND1	-3.1318482411114954
SLC25A14	-0.30840842485521813
FMR1	-1.7285559315314
PIM2	-1.183203098175549
SCML2	-0.5292335690781071
SLC35A2	-1.3555952725111402
PQBP1	-0.35347266192540877
PCSK1N	1.8812179147004175
EMD	0.45961822199642083
PGK1	3.370860165662671
MAGT1	-0.20588547034749663
SMS	1.8385626535783235
PHEX	-1.2759916415563695
UBL4A	2.7939222145695513
CD99L2	1.012654684378863
EEA1	-0.9251829772873414
GPR50	-4.665779969951064
RP2	-1.075676281441457
JADE3	0.8607196037328305
CDK16	2.0983995235496002
USP11	1.129778705165282
PCYT1B	1.4977465257480722
HTATSF1	3.0671901284560543
TIMP1	-2.362955908818782
KLHL4	-3.8034896257432553
GABRE	-5.28583457888933
PCDH11X	-1.8361780379156942
FGD1	1.68158494165634
PIN4	-0.3276817032827059
PORCN	0.6767688962066958
MAGED2	2.8122748024206965
RBM3	1.4641171296347517
SYTL4	-0.4237071996261899
ZDHHC15	1.0487463275846147
CENPI	1.1241097388163388
DRP2	0.3943648441996763
TAF7L	-3.7720758740369282
PBDC1	-1.219279900404594
GLA	0.27393488140502226
ARMCX3	1.6938273881629868
BEX4	1.1676806332476894
NALCN	-4.388992928509111
FGF14	2.155372106645964
NDFIP2	1.3129503188694496
FNDC3A	1.13954949617939
CDADC1	-1.4370424926003798
CAB39L	-1.797036691680161
KLF5	-0.38726120313647405
STK24	1.6413756934883017
DNAJC3	1.2099201421159318
UGGT2	-0.9466843988484738
ARHGEF7	0.6258024676552222
FGF9	-0.23245842391909638
SGCG	-2.669301628025264
PARP4	2.6423514829285
SUPT20H	0.9262268247661848
MRPS31	-0.585780558176477
SLC25A15	0.3046399040393705
KPNA3	1.4785318498376607
FLT1	-3.3918965686982965
VWA8	-1.4930765980721465
DGKH	-1.4426524906284584
KATNAL1	0.40422418893058043
INTS6	-0.7326769038520705
DHRS12	-3.1597378913032528
TSC22D1	1.083167159160061
CLN5	-2.900476872825315
MGRN1	1.731859495954458
ZNF629	3.4333167909100384
TRADD	-2.6018438404968722
HSF4	0.11415087410815396
CORO1A	0.5078792718003403
MAPK3	0.7308191130128565
ELMO3	-1.583851783232016
PHKB	0.2852500999104614
LYRM1	-3.4382541801979962
NUTF2	1.3030527291986853
NUP93	1.7125411071425143
CENPT	-0.46264133948091535
TSNAXIP1	-4.630170936299549
NFAT5	0.9972493467115271
LONP2	1.1890259349166465
N4BP1	-0.5668230206269936
CBLN1	-0.8801984437570639
ARL2BP	0.15608629669166854
PLLP	-2.8256157157586035
ZNF423	-3.8288696906171977
DHODH	-0.4815484518251356
CTCF	0.39500387822215666
ACD	-0.26160774355536615
POLR2C	1.8807864029902486
PARD6A	-0.699673568852198
ZNF821	0.611728360681242
MMP15	-0.5498640700475277
USB1	0.9545557798119604
CYB5B	0.915920507856554
NME3	-1.3626931821683628
NDRG4	1.3540877229897212
PSMD7	1.0125874445559777
SETD6	-1.8382989418429982
SLC38A7	-0.060490529125207415
VAC14	1.0383517896369077
HAS3	-0.9207934847050353
TANGO6	-1.4194839632817509
COG4	0.525931093861734
SMPD3	2.2594850585568667
SLC7A6OS	0.6803594089479289
SLC7A6	0.5996264631223761
PLA2G15	-1.7565360184074927
ESRP2	-0.7995018311294244
FA2H	-0.09918028004506324
WDR59	-1.5251300855194367
MON1B	1.2290256338929735
CMC2	-0.9892708096306784
AXIN1	-1.1248268711553766
HCFC1R1	0.47703642014888037
NPRL3	-0.12840192841256817
MLYCD	-1.3283394184106216
MPG	0.28872908091189453
HSDL1	-0.08537502771070445
TAF1C	0.6800152431076922
SEC14L5	-1.5597696538492298
COTL1	4.5581581213511155
USP10	-0.4112246205137066
CRISPLD2	0.6280951632927623
TSC2	0.5138871443163292
ZNF500	0.5434321345842329
NME4	0.12479969486096161
ABCC1	0.25408520955159536
NOMO3	-0.29137436454216104
MTHFSD	-0.2961566300932142
CLCN7	1.359731029971667
SLC7A5	3.145846536439458
METRN	-2.229714511363951
FBXO31	-1.3420132654220012
STUB1	0.9371834335730224
RHBDL1	-1.4509966477822929
NUBP1	0.4103083725272027
UBE2I	3.188931000219451
CRYM	-3.0123815417034447
EEF2K	0.6277859461827761
CAPN15	-0.15819802959696405
PIEZO1	-1.9026834581328254
GSPT1	0.6802545361497624
ZNF174	-2.317682431257075
CLUAP1	-0.5916017496541802
UBFD1	1.0315094237611828
EARS2	0.2493318708672002
GGA2	1.4765334394297684
CPPED1	-1.00953701698522
USP31	0.4247438529247275
HMOX2	-0.94222350396759
DNAJA3	0.38936736924643084
BFAR	-1.3607364111396707
SALL1	1.3071055417939055
TOX3	3.0002595649013495
RRN3P2	-3.161169509432421
RBL2	0.762910860397254
QPRT	-3.2570901988786742
XYLT1	1.0682923213110265
RPGRIP1L	-1.6239859776038528
MAZ	1.7297563626635244
STX4	-0.5033143827262737
CDIPT	2.076090344533589
BCKDK	0.3139579656444291
KAT8	0.09429202431613579
NOMO1	1.3887172646760904
SYT17	-2.0925575821949796
TMC5	-2.3952478329015667
CCP110	0.4848179587421885
RNF40	-0.18790973919032233
KNOP1	0.7002226105530928
AAGAB	0.8444539788976478
IQCH	-2.6700266276320797
LACTB	-2.1284863703197687
CORO2B	1.5661651191386048
CSK	2.161180666796283
HERC1	1.7627867525472884
TRIP4	0.34444216628124097
MTFMT	-1.5949159912696595
RASL12	-4.460271677731513
AP3B2	-0.38075255497939714
IGDCC4	-3.587095235458361
RAB11A	-0.08806313811251125
CTSH	-2.14626282988358
TTC23	-0.6450414426251709
CD276	0.7374182417978545
CEMIP	-1.0970391184955215
RPAP1	0.036172756569793886
HOMER2	-1.388143414219601
EHD4	-1.1713549259824412
TMEM87A	-0.22936876485380384
ZNF106	2.5796662334411136
CEP152	1.932163631149108
ATP8B4	-2.703552504604761
OCA2	-2.964859473258581
DTWD1	2.109929898430168
GABPB1	0.33018678867916507
TJP1	-1.215707863797743
BMF	4.051812869139226
DMXL2	1.6489491341879692
SCG3	4.552069656889171
DNAJC17	-0.662816411250868
EIF3J	0.15422136214289098
SPG11	-0.6516620104581737
RHOV	-1.5337138359916227
VPS18	0.6136080270117183
OIP5	-1.4801341388772065
SLC30A4	-1.5846000951448127
BLOC1S6	1.6799218484756493
MYEF2	1.7826323823151333
SGK3	-2.3193680766486757
PDGFRL	-2.507463184534403
CSPP1	0.41326237644134595
ZDHHC2	-0.5638182843145113
BRF2	-1.0592429171166422
TRIM35	0.6586148263017902
ZFAND1	1.5433477098106627
FZD3	2.3473449936210926
INTS9	-1.3383568727954391
RIPK2	-1.7682528683031806
EYA1	-0.8496442120420411
NBN	2.6853490244258458
TRPA1	1.221536231552623
CPQ	-0.9799104162801553
DECR1	0.7684959971619798
CALB1	-1.20036524631062
SFRP1	-3.2649652185753157
LAPTM4B	1.1074230481530192
UBE2W	1.2483244033951095
POP1	0.8995092930425806
NIPAL2	-0.5299190535933013
IKBKB	1.1916791688612864
JPH1	0.42530569369347054
STK3	-0.47550160910750033
GDAP1	1.1497543699764465
RAB2A	3.503219743522849
EIF3E	-0.34673175809163725
EMC2	-0.25382347213776835
ESRP1	3.635822656817481
NDRG1	3.196542356253042
ZC2HC1A	0.3495945645623372
STMN2	1.9198508721411502
ARMC1	2.362724132721172
TRPS1	-0.6071435576030066
SPAG1	-0.07188702178536178
CHRAC1	-0.31196889959189256
NCALD	0.21340972108476836
SNX16	1.674571108888979
UBR5	2.385427736051141
GSDMD	2.437597059235576
EEF1D	2.24428239110691
SQLE	1.463941099933081
SH2D4A	-3.065852437049232
INTS10	1.3786332429371946
ERI1	-0.9276757967153194
SLC39A14	1.9658011669774638
MTMR9	-0.13268892850321357
LEPROTL1	1.128691298300542
DCTN6	-0.23979539705331263
R3HCC1	2.7127469876522987
GSR	2.2652220482122005
TNFRSF10A	-1.5709561470194808
UBXN8	-3.3708607502616847
PPP2CB	1.8539828567921426
ERICH1	-0.03765273001130088
NEFM	-2.099308263342033
TUSC3	1.2174316568559396
ARHGEF10	0.036298269299854205
KLHDC4	0.34089876038596895
MCM4	3.772393318652614
KCTD9	0.11425947671876922
ASAH1	0.6872378633799923
BNIP3L	1.0236752795203932
MAN2B1	0.5520974047368115
KCNN4	1.397573993871441
NUCB1	2.7247937342480855
GYS1	1.4738715728229939
MAP4K1	-1.7813594642007151
ECH1	-1.9707519411835195
HNRNPL	0.07500628912615262
NFKBIB	0.6785325373026966
SARS2	-0.9703869042485643
SNRNP70	3.5080603277973204
CLPTM1	0.8904483067258468
RELB	-4.193867440971749
CLASRP	1.8165562944733578
LIN7B	-2.052594517702234
PPP1R37	1.6278716553323673
FCGRT	2.0003670398147793
PIH1D1	0.2177523775745213
CKM	-3.955621234975947
PPP1R13L	-1.918236171679112
ERCC2	1.010484485191841
DOT1L	1.637321619889357
PLEKHJ1	0.3502149682794979
SLC17A7	-2.154046945459148
RNASEH2A	3.1820237740313724
SF3A2	1.2195394865415685
AMH	3.3947509271834515
OAZ1	3.561100770933571
TRMT1	0.48178054447134583
STX10	0.13275217138880616
DMPK	1.2094868245672894
TBC1D17	-0.5101860020679363
TLE6	-1.3075723696531834
PTOV1	3.257407080192366
NOVA2	-1.623563745942459
SGTA	2.281912242892635
MED25	1.9509978902066654
SNAPC2	-0.07462887103381148
C19orf53	1.9013218112208883
TIMM44	-0.3883875612055015
CCDC61	-0.6883050095651138
ASF1B	3.5714716031957052
TNNT1	1.160372573527919
VRK3	1.0769130755200382
FAM32A	0.14302840374261733
PPP6R1	2.6984796092959344
C19orf44	-1.7597603444546082
MED26	-1.4559459296188721
OLFM2	-3.7747263365408315
AKAP8	-1.5362486944696123
ILVBL	-0.6602926679977326
ZNF419	0.3043793846272755
POP4	0.2656196083243554
CCNE1	-0.7022689121666638
URI1	1.4789047297190447
PDCD5	1.0752504366376956
ANKRD27	1.2736265338516572
RPS16	2.6176697316511364
TIMM50	1.0390137342133137
FBL	1.7923446300605899
DYRK1B	-1.1052645235458098
GPI	2.2327992153307066
AKT2	1.9038513837911097
PLD3	-0.9144040777010947
PIAS4	-1.4344356226559427
NUMBL	1.4331773121194078
SHD	1.7042860138278206
TBCB	2.1540468496749035
FSD1	0.82298256658618
POLR2I	0.33991716609789296
CLIP3	2.8970313266758163
ZFR2	-4.451375050931576
SLC1A5	3.2643466086214903
PRKD2	1.2521900544123743
TJP3	-2.7304145758819787
APLP1	2.565022007297741
CACTIN	0.20275301583498376
CCDC9	-0.8794484152975481
HNRNPUL1	2.096271613134976
FZR1	1.7594524043494182
BBC3	-2.4386422144752293
TGFB1	-2.1159764378083947
DENND3	-0.29671364241332193
PLIN3	-1.3895719504126394
MYH14	1.9407801683920742
MRPL4	-0.1744641630674861
CD79A	-1.2134106780123088
RPS19	3.3155793802837166
ETFB	-2.8070318969039123
CEACAM5	0.2733143540223843
BABAM1	-1.3019914588807222
TYK2	1.2305975378515435
CDC37	1.8595795473017256
NAPA	2.4754038156806946
RABAC1	1.926868512473733
ATP1A3	2.024320889904512
MEIS3	-2.760543591404492
PTPRS	2.481338182386226
MEGF8	1.401857688491706
KDELR1	5.1913016247777115
CYTH2	-2.210659925197733
GRWD1	-0.9249608116340233
GRIN2D	1.5615806685787152
SYNGR4	-0.9611004978273768
CARD8	1.6674618521800209
LIG1	-1.2576528149583077
ZNF175	-2.2277473824946226
RAB3D	0.9679358566604069
DBP	-1.2145342386792626
TMEM205	0.9561260626582367
CAPS	2.104140364852829
FAM83E	0.8978428406071544
RASIP1	-2.430352618488439
FGF21	-2.200944366983332
BCAT2	0.5372446109163613
MIER2	-0.7179133651227514
PLEKHA4	-1.493369727944442
PPP2R1A	1.915408566360565
TNPO2	1.8003487982667292
WDR83OS	1.0901957023203195
GCDH	1.623477880486104
DNASE2	2.217353821694016
MAST1	-0.5588900634910994
LENG1	-0.8307396772560008
PRPF31	0.6716490525544268
TFPT	-0.18640774957756698
RPL18A	0.03816936345168755
KCNN1	-0.6091256658431846
ARRDC2	-2.070094756380485
RAB3A	-2.125302452420372
PDE4C	-4.590980781770681
ISYNA1	-2.2812236991928705
ELL	0.164163876982938
CRTC1	1.9542120468853459
COPE	1.0412546637267999
DDX49	0.42883043094543905
ATP4A	-3.2639162508402735
ARMC6	0.14054577559976641
TMEM147	-0.5749360357006028
USF2	2.0184942417567706
LSR	1.527042565334041
KXD1	2.926583558913328
FKBP8	2.1795758315378335
SUGP1	-0.6282123703276487
ZNF14	-0.6142322974853792
SCN1B	-1.6125899093217813
PBX4	-1.2208198296563726
ERF	-1.2125050544432194
GSK3A	1.6981322110148296
ATP13A1	0.8151216849430347
ZNF574	0.19046323448215297
GRIK5	2.6663913821218554
SIPA1L3	2.404121208903956
ZNF85	0.3729049378921762
ETHE1	-0.263796077881976
CADM4	-0.08830557997418066
SMG9	0.14885031842957905
AVL9	1.9444780154228416
GTPBP10	-0.7758905828803484
RASA4	-3.797366736221311
CDK6	-1.4300149155137578
PMPCB	0.9932333353753411
DNAJC2	0.14259325156368294
BET1	-0.7837765898541992
NAMPT	-1.4113522251220385
PON3	-2.2305923438360433
PON2	-0.04916926265438767
ITGB8	-0.3827263805282929
HBP1	-0.08329103995550272
DUS4L	-0.7469836292287071
SP4	0.6779015421705467
WDR91	-1.3696556344706314
DNAH11	-4.213333394450195
CBLL1	1.122784749781792
DLX5	1.4597580405305481
MTPN	1.7703666636387618
STEAP1B	-5.403689548540902
PTN	2.0923757124807834
ATP6V0A4	-3.142238617004324
ZC3HAV1	1.1630452954977204
OGDH	2.244468957128954
MET	1.4510634205542194
RNF32	-2.8593619969442616
LMBR1	2.627991531232209
NHP2P1	2.106057903442414
DNAJB6	-0.36889534780058375
HOXA3	-2.673302959834462
LFNG	1.0843268851204555
HOXA5	-1.1862073473289585
HOXA6	-2.8007355828924716
BRAT1	1.6713390840722806
IQCE	0.6370188364186449
VIPR2	-4.200070198576498
TSPAN12	-1.3066421962671912
SSBP1	1.5145325448634581
HIBADH	-0.6599870065153787
TAX1BP1	1.455190991720428
CPVL	1.7578359835722446
CHN2	3.2297787011239976
GRB10	0.47269116296820257
ABHD11	-0.5333573724292819
COBL	1.8138144072325169
FKBP14	-0.16031288034422744
PLEKHA8	-1.5458042491972275
STX1A	0.9043887606947427
NOD1	0.7329516941293389
CRHR2	-1.2616256243862785
EPHB6	-1.6423867500369287
NSUN5P2	-0.6538016533643148
CASP2	0.7855608922402879
CHCHD2	2.3114701734337904
HSPB1	2.209577626211869
NPTX2	1.9481925783500122
PDAP1	0.7033351168552383
BUD31	1.2232024624103217
PTCD1	-2.87058295521189
ZKSCAN1	1.4806634516420012
EIF3B	2.6955932564148974
SNX8	0.039230031616405585
NUDT1	1.9520366042152728
PTPRZ1	-2.564924203291934
TAF6	0.32023028391257896
WASL	0.46306834879818193
AIMP2	-0.6725476121934852
TFR2	-0.36723941466794924
MOSPD3	0.21754263620699915
PAX4	-2.9873348611999235
PPP1R17	-1.8921551141883521
RBM28	1.4946247468351068
USP42	-0.469794696297377
IMPDH1	-1.2932024550773913
AGFG2	-0.6726818199981178
LSM5	-0.39158577106985587
AP1S1	-0.2245741468165384
C1GALT1	1.1655884645738455
PLOD3	0.12906754353709438
RPA3	-1.673177280069579
ZNHIT1	0.5930603497215672
CLDN15	1.3298309922311364
GLCCI1	1.8088432991911736
PHF14	2.110491721072941
NRF1	-1.273451785555695
TMEM106B	2.5152419524985214
EZH2	0.16821651257288328
CEP41	-1.0099149127631544
ZNF862	-1.0590354040880643
MEST	2.3809510080160523
MEOX2	-1.9539460331201706
ANKMY2	1.1903416797084807
ACTR3C	-3.191253329348112
POU6F2	-2.805528312991065
TSPAN13	2.173618864579408
AGR2	0.8374365957164897
AHR	-0.4104695197754849
CHCHD3	3.261012434065174
TMEM176B	-1.6691706933774029
GLI3	-6.853136994594908
PSMA2	-1.326994062494323
MRPL32	-0.14050422905295834
COA1	1.5801546833257938
BLVRA	-0.5524505721631999
URGCP	-2.5785000830215616
TMEM248	1.6048644230725344
STAG3L4	-1.6112764709639156
RHEB	-0.9902841132748462
PRKAG2	0.7486582505073901
AEBP1	-1.5882656128737678
POLD2	2.20447889350088
GCK	-2.5433611845180453
BCL7B	-0.1484769359475138
YKT6	2.2090922911966024
TBL2	-1.8261557620085667
CLIP2	1.0045203950015342
EIF4H	2.2792009969113507
LIMK1	0.27337716107577154
LHX2	2.6951628720485927
FKTN	1.9607647695738406
FSD1L	1.4550964430201587
CNTNAP3	-1.2660907627046945
SPIN1	2.261205314850258
NMRK1	-1.6022985987856286
TMEM245	1.4195101269115145
PRUNE2	2.039016925477377
MEGF9	1.744984644793118
TRIM14	0.9298154310976534
CORO2A	1.5757027315873158
TGFBR1	1.1782361391620537
SEC61B	2.493845932044407
C5	-1.82798384692952
TLE4	-1.6209991883270085
PTGR1	-0.04943552659988634
SUSD1	-0.3325393082351267
AKNA	2.5705986182858136
DNM1	-0.21647671107784133
AK1	0.6716818944343104
CDC37L1	-1.3803180758580134
PLGRKT	1.1947210745916912
TBC1D13	0.4879643655789295
RIC1	-1.4737721837603697
KDM4C	-2.034200487107887
DOCK8	-5.2702239581063965
KANK1	-3.828577754780926
ELAVL2	-3.616456549188128
NCS1	2.2721310982907656
TESK1	0.09960738669095202
KCNT1	-2.4713131846700467
CA9	-1.4668532788282627
FUBP3	1.0026738950644387
CREB3	1.0100771887791737
RGP1	1.2065654130560768
MPDZ	-0.6217304593729843
LHX3	-1.8936168590988767
EDF1	3.1341877766405797
PIP5K1B	-3.0563646723943094
BAG1	-0.2408015810436963
RAPGEF1	0.5771521037823026
NPDC1	1.2604997668150189
APBA1	-1.240782423920135
SETX	1.7017929352121504
SH3GL2	1.020960772532435
ABCA2	1.7013751110754818
SHB	0.07881919746875965
UBE2R2	0.9006429426806011
ABHD17B	0.03476734553128721
EXOSC3	0.3103732568717675
ZFAND5	1.5257442929133984
DVL1	0.4117609082925095
PDLIM1	2.357959565445757
CCNJ	0.6464259254291537
DNTT	-2.7264088450325383
ATRNL1	-1.1913925155839284
HPS1	1.9983014618763422
PHYH	-0.44496455601985635
RASSF4	-1.3174766115204823
DNMBP	0.14136737268927316
RAB11FIP2	0.41670424332141026
ERLIN1	-0.37152251632704897
EIF3A	2.7268257849887525
PKD2L1	-3.9630853067013283
TRDMT1	-1.6069110035396854
DDX50	-0.007570474058707918
MAPK8	0.4776890983712312
SEC23IP	1.0871205490784248
ATE1	0.27723640762118706
NSMCE4A	2.2222272228079016
PLEKHA1	1.134748298105642
PALD1	-1.9152524730923228
UNC5B	1.852284776339968
CDH23	0.20118132708023811
SPOCK2	1.8518387237284544
MICU1	0.38953598297987685
PPP3CB	0.9384747368827366
CCSER2	0.36788020031059043
BMPR1A	0.9715295848238344
MINPP1	1.1760574801058485
LIPA	-0.4003986068580522
TLX1	-1.698760985487339
LZTS2	1.9325586497512774
SFXN3	0.18889894989918346
KAZALD1	-1.0841283604903122
FBXW4	-1.4369775844382584
NPM3	0.9980584537802966
TNKS2	-0.16905344971135172
GBF1	1.6047185986573838
ARHGAP21	0.6538241353320149
CPEB3	-1.3497874511747154
FBXL15	-0.53046226968874
CUEDC2	1.0960365578079154
SUFU	-0.8538351095643896
ANKRD26	-0.39884156388289166
ACBD5	0.8513906441318615
LHPP	-1.860880180093634
LARP4B	0.07556219485687977
GTPBP4	0.5366184245598733
EDRF1	-1.1326730350288028
BCCIP	1.9880987930409675
MTPAP	2.441206412256628
NEURL1	3.5621302168268487
SH3PXD2A	3.0891700214734863
PITRM1	0.1426108585581142
EBF3	-1.5447350048187471
GLRX3	-0.47844048660958705
SORCS1	-5.356547216015068
XPNPEP1	1.6959410598135611
SMC3	1.3987989966545271
SHOC2	0.3760019974568613
TFAM	1.9858689383955872
CCDC6	1.7064866526185298
CUL2	-0.41041316233751834
CCNY	2.2606323931356664
UBE2S	1.9037048718180622
RPL28	4.400999377849724
ZMIZ1	2.7740999791194594
DNAJC12	0.13698218277177102
PPIF	1.6263302223051361
PBLD	-3.557837543726235
TSPAN14	2.582775662893436
TBC1D12	-1.0685801679465827
NUFIP2	2.541534350284185
GIT1	1.1641182840974438
RPL19	2.8835234973029413
FBXL20	0.11169957894279361
RUNDC3A	1.525964614243179
UBTF	2.6525691718965265
PSMD3	2.4706092842412137
CASC3	3.1953561542128064
RAPGEFL1	0.14856685669074818
RGS9	-3.039627680095789
RNF43	-2.446737503876662
RAD51C	-0.22580988162230484
MTMR4	2.1603750601948915
TRIM37	1.8780702432063021
DHX40	1.995099246072746
TUBD1	-0.46391089044816114
KPNB1	4.316718442504973
GOSR2	0.6905776711438762
PNPO	0.041434538080425874
RPS6KB1	0.4552505875229128
CDK5RAP3	1.6081159384364014
CBX1	2.341077498252021
RECQL5	-0.160930650481162
PIGL	-1.9897565243644415
GALK1	0.6405492884967827
INTS2	-0.8187104809540149
CAMTA2	0.10878834926976319
MED13	2.2179663273584707
HOXB6	-0.19986776919950833
ENO3	-0.14390745463741583
PFN1	2.287807400256451
RNF167	-0.6224958987934969
SLC25A11	0.9765220348640395
RASD1	-0.557657950470566
RAI1	1.7131457030512216
NUP88	-1.8882702367372566
C1QBP	0.7611671579793979
BLMH	0.9751568014514305
CPD	3.2038740658021494
GOSR1	1.8178279534340371
CCDC47	0.3656641568243441
MED31	-2.0859851227905355
DRG2	1.0957259667303503
FTSJ3	0.6847984876635836
AKAP10	-1.2348794650579074
SMARCD2	2.659582980572536
ICAM2	-1.707406028386133
SYNGR2	1.8399306127145363
B9D1	-1.7309323254160434
UTP6	0.9084728809249846
DDX5	2.6827207399314483
C17orf75	-0.7871889957545384
CYTH1	0.8996835303218652
PSMD11	1.233937945122427
LGALS3BP	3.8759329413305
PEX12	-1.8616423271825404
DHX58	-1.6686294242851418
KAT2A	0.6743475995708544
RAB5C	-0.15126057229832107
NAGLU	0.0637619113309984
MLX	0.13285503718084352
CNTNAP1	-2.6700332631221744
EZH1	0.6938448767135569
DLX4	-2.3228103839835725
PPP1R9B	2.1295037119730305
COL1A1	-1.419553827275283
MRPL27	0.2996292231643401
VAT1	0.3429973493245141
LRRC59	3.425645980310291
RND2	-1.902913438505196
HDAC5	1.6584710631982862
ABCC3	-2.0957706754077434
LUC7L3	2.3178412841990332
MPP2	-2.3961188283770953
SMURF2	0.839495269053904
DUSP3	1.0132379840477288
EFTUD2	2.6844191991466944
HLF	-2.778047474011967
PRKAR1A	1.9934671226688259
EFNB3	1.3880425183009168
YWHAE	1.7534734889816592
MMD	0.6765069792180698
RANGRF	-2.0157915376897106
DPH1	-1.4697005861138497
MAP2K6	-2.0654848719018375
DHRS7B	-2.050205884445013
WSB1	2.384260153983628
MYH1	-5.522180003470731
NAT9	-1.2087868846737608
TMEM104	0.6907926669772176
TNFAIP1	0.05063648263304319
IFT20	-0.9309142601588047
TMEM97	4.051000756478776
CDR2L	0.4646337062075599
UNC119	0.6909552773806682
ALDOC	0.9150987317865419
SUPT6H	1.1605380631685305
RAB34	0.17994171747826807
PHF12	1.1455902781379836
PHOX2B	-4.697956239325552
TMEM33	2.391221439658374
SLAIN2	-0.3899668912923317
OCIAD1	0.6580392985002743
DCUN1D4	-0.9885547897826373
USP46	-0.3352807260391329
CHIC2	-1.2967755462814892
NMU	-0.1684680649466032
LAMTOR3	-1.9188868130585273
NFKB1	-1.5621451140150389
MANBA	-0.7421056806748794
UBE2D3	-0.09142494764688494
MAPK10	0.001588008779895027
ELF2	-0.2940463769115577
NDUFC1	-0.6515447939067381
TBC1D9	-1.849944936520431
ZNF330	-0.7355724038903502
INPP4B	-3.1997968968203856
GAB1	-0.23772472064425143
KLHL2	-0.2442117257086254
CPE	4.724002130903582
RPL34	0.4296438970176518
WFS1	-0.2290845191330252
GRPEL1	-0.22285672927766326
GAR1	-1.7713063341761792
FRG1	0.6783822707606251
CLCN3	1.0311673327948292
AADAT	0.3853846795229182
GALNT7	-0.3390583520729402
DHX15	1.4225124336339903
SEPSECS	-2.0688524491549756
TRIM2	1.7004005931040533
FBXW7	-1.1117313188093425
NEIL3	0.7226608876327186
TBC1D19	0.456368307071843
CLNK	-2.6444496465303406
SH3D19	-2.7575730987816454
STIM2	-1.0355876444523997
MFSD10	0.4166492244243229
GLRB	-0.6336704352440128
RAPGEF2	-0.17525014606418776
HGFAC	-1.6868087441701565
SNX25	-2.3328252643122878
LRP2BP	-2.458170295661412
UFSP2	-1.0033120579131907
KLF3	1.5476232751388623
KLHL5	-4.750892506569852
FAM149A	-1.2312668441129113
NCAPG	1.653613388919929
UGDH	0.7437569250955806
PPARGC1A	-1.5445700264879094
DDX25	-1.4333312098323638
CRYAB	-1.9288633065493694
DBX1	-2.1399310553153432
HTATIP2	0.7299958959263732
CTSC	0.8008012288126336
CCDC34	2.1383738611377416
ZBTB16	-5.380790442575511
ELP4	-1.323847883674192
ZPR1	1.057107305824989
MTCH2	0.8248865245348715
FNBP4	0.8127781609010516
TECTA	0.38018722513979103
SC5D	0.9111157730685018
B3GAT1	-0.33479296286064064
HSPA8	4.503432035955316
P2RX3	-2.866576963239394
VWA5A	-1.9918645512664972
DNAJC4	1.753499662658557
SIAE	-3.677861505666929
DTX4	-1.9985665377608597
ATG2A	0.4737084610203569
EHD1	-0.6213483336690762
OSBP	2.8969968003950575
UNC93B1	-0.5322602995512666
PUS3	-1.2060853365839859
DCPS	0.5993884556180005
FOXRED1	0.7012470076655275
PPP6R3	0.9541396837574272
NRXN2	-2.7091757489893933
ST3GAL4	0.04268585725807682
CPT1A	-1.001789415106423
CCDC86	-0.6025070353858768
PRPF19	2.4334530932185094
TMEM109	1.1701072552247411
CCKBR	-0.9002876946990889
TRIM3	-0.29563288932937826
CHORDC1	0.5974246177197322
ANAPC15	0.5067902083016157
PANX1	1.8744364548790486
ARHGEF17	1.9566180842608778
CEP164	1.3320560938280113
RNF141	1.7312240803173342
EIF4G2	4.693456003857165
GALNT18	0.52470943047296
BIRC2	1.9139317455008225
UBE4A	2.440360304613188
DDX6	2.544688063724735
CBL	1.0177832812584588
HIPK3	1.803885255314323
KIAA1549L	0.40498198922330547
FBXO3	-0.4932882677069329
PDHX	-0.533599577186051
SLC1A2	-4.030351060747634
COMMD9	0.6074655346994904
CD5	-0.9771008550404495
ACCS	-0.9736438877803636
SCGB2A2	-4.283503749655138
MDK	3.789883776542381
AMBRA1	1.384713278213141
MADD	2.0145869019143734
PTPMT1	-0.3078970095245047
NAA40	0.33764899703904194
CD81	2.2240971327745394
SLC35F2	-0.873971685921392
CALCA	-2.2714948376657285
SOX6	-2.177968675313425
C11orf58	2.436360503056679
PITPNM1	0.37881726678548294
RPS13	1.813105155811653
AIP	0.19863345861585455
NUP98	0.6595777865007756
NDUFS8	0.3441095882184105
TCIRG1	1.329109495485638
CHKA	-0.737029034690391
EXPH5	1.8974769663062703
HPS5	-1.2109845957162009
GTF2H1	-0.681909680179505
POU2AF1	0.40240523019945446
VWF	-2.1345719398490264
PSMD9	-0.5148261375247458
PPFIBP1	-0.6694380712002377
PRPF40B	-1.8050738878769792
PRDM4	-1.6887435329376335
COQ5	-1.0763007639711357
CORO1C	1.1113401775100116
ASIC1	0.15349485545305055
CAPRIN2	-0.1977782974530591
TSPAN11	-0.4650756711618516
KCTD10	1.5666582246868213
SLC11A2	0.028302172277882277
MLEC	2.905804753819208
MVK	-0.8697521313947444
CSRNP2	0.8451200279443365
CAMKK2	1.2193594003390535
IL23A	-2.7742615657066003
PTGES3	0.8502486683539855
SYT10	-0.0895024021471419
BCL7A	2.9116744149032465
RSRC2	1.2797999699974918
LIN7A	2.586179463542069
KRT18	2.9976033850108497
ACSS3	-0.12872491149334467
PPM1H	2.6785192446132995
METAP2	2.6942187458036524
LTA4H	2.3745832924398256
ELK3	-2.4354693215468037
WNT5B	-3.6590060071928043
MAGOHB	0.056363264546449285
ITFG2	0.17858101085222988
FOXM1	3.687164821975754
PARP11	-0.7173901511735068
ARPC3	1.7249010415089823
GPN3	0.7109541431254488
VPS29	0.3088546633560974
RAD51AP1	1.0778363734055847
CUX2	-3.2955435506901796
SH2B3	-0.5084313061650089
MANSC1	0.5231743519783302
KCNA1	0.3325612981691652
DUSP16	1.3456906903654229
CREBL2	1.577563787041167
ACAD10	-0.35694084140697213
ALDH2	-1.4771039869161617
CDKN1B	1.7238706575133622
NAA25	-0.5640592730654399
SCNN1A	5.723463425551307
LTBR	1.557693952389511
CDK2AP1	0.30359764276072115
OAS3	2.6548916604612156
OAS2	-2.683254295168278
MGP	-1.478485461020949
RASAL1	2.5053095770565665
GTF2H3	0.1029505686951629
EIF2B1	2.3238120857847875
DDX55	1.341585535854157
SLC38A1	4.478406232292441
VDR	-0.5950932883894526
FZD10	-4.45573078692192
RFC5	0.9793683220106164
STX2	1.5342918064858249
COPZ1	2.5341411900750583
TBC1D30	0.052322417105079885
CAND1	2.670218486774667
RAB5B	3.2514211404960967
MDM1	3.081319296734025
NUP107	1.6022846508652742
CNOT2	0.8793446114378098
TIMELESS	1.2406613871203978
CPSF6	2.454484524046252
KRR1	2.634696328155101
MRPL51	0.38128215878509386
GAPDH	4.412700737057031
NOP2	0.310113846805344
CHD4	2.5956525668744055
ACRBP	-2.290003477842364
COPS7A	1.3665172847146276
ING4	-1.2685694740669349
GNB3	-0.4415357232262888
CDCA3	3.0246333593863928
CHPT1	-1.9258517853419557
USP5	2.067713265917596
TPI1	3.9771107519161224
GNPTAB	0.240759150684565
SPSB2	-1.7321837442633263
ENO2	4.089614778561224
ATN1	2.7052426179468063
C12orf57	1.3953525930237825
PTPN6	0.5179992214776965
LPCAT3	0.06598294698188642
NT5DC3	1.8551256601208583
SUDS3	1.5616041855270482
GOLT1B	1.5592850637360853
LDHB	2.576052931984135
PRKAB1	0.5642019264207726
CMAS	0.18545642759551326
HCFC2	-2.3523010437933913
ST8SIA1	-6.57151351234856
C2CD5	1.6759799096145356
RAB35	-0.6707245225204994
PHC1	0.14859729725910364
COX6A1	-0.006717272302477898
RFX4	-3.5343774533175867
RIC8B	1.001802317161331
SRSF9	0.9153850798057708
FGFR1OP2	1.423125042030282
COL12A1	-4.654934196307024
BTN3A3	-1.3764284922904664
TDP2	1.04937184426274
FRK	-0.6386425936339933
DSE	-0.5553197300494882
RWDD1	3.3625707470768225
RSPH4A	0.36549048728381583
MAK	-3.7769157572198373
TMEM14C	2.7561343807449084
PAK1IP1	0.9005365774636823
GCNT2	0.5567146465414098
SMIM8	0.9357495560121285
NEDD9	-2.3728024273129775
CEP85L	-1.504386848576927
ASF1A	0.9792721481465999
MCM9	-0.530288763661507
FAM184A	0.7028464050976782
RNGTT	0.020647536398988104
MAN1A1	-1.3413809202537623
SERINC1	2.672366759120769
HDDC2	1.3559964988417474
TPD52L1	-3.562215509799385
HINT3	1.7411935171354433
NCOA7	0.2814100586662333
SASH1	-1.5660333698676725
UST	-0.3062375407502091
ULBP1	-0.9733950730567652
FBXO5	2.2770948963455564
MTRF1L	-1.3201171220449281
PPARD	0.4587115290985298
FANCE	-0.1264593421073734
SLC26A8	-3.4513146059805018
MAPK14	1.5108885633422453
KCTD20	2.0143117465138305
STK38	3.689410127314808
SRSF3	2.1727991256847807
SOD2	0.2934457641195053
MRPL18	0.6050680083787604
MCM3	2.278108639095067
RNF8	1.3006249523539941
PHACTR1	-0.14397605171345945
MDGA1	2.4700104397621785
FBXO9	-0.5727546979453935
CD83	0.18936293830812725
MDN1	0.9126829296056099
SAYSD1	1.5966343930637983
BMP5	-3.244292612900499
BACH2	-1.2956519004294174
RBM24	-1.2493865470793057
CAP2	0.4488330369252819
ZNF451	0.44429387511494617
BAG2	-0.7781428925564052
RAB23	0.8264557530369597
GPR63	0.8621809000084918
FBXL4	0.7700147247434223
CCNC	0.9188080988405513
PRDM13	-0.5820035060749364
E2F3	0.5496449760299396
PTP4A1	1.7635229404751853
SIM1	-6.199817225045591
ASCC3	2.0621991323872995
COL9A1	-4.701064681704274
MED23	1.4647744429254097
WASF1	1.0078834687198088
GPLD1	-3.646384363318931
ALDH5A1	0.2364895791939976
ACOT13	-0.3886054479772551
SMAP1	0.04832946710996244
RPS12	1.8703255795897917
C6orf62	2.718941973994743
B3GAT2	-0.9784105885830414
GMNN	0.8596866490797738
EYA4	-2.662847111292709
SOBP	-0.20838341168059693
SNX3	2.4867918652476124
HBS1L	2.295809995786681
TRIM38	0.6914483041632133
PEX7	-1.772459734379606
ZBTB24	0.3947544659316968
FIG4	0.47887475424085385
PERP	3.5986622937741126
SLC16A10	1.8690213509452471
HECA	1.0943082933393256
PHACTR2	0.9255917037090665
EPM2A	-0.08964215084656375
SLC39A7	1.7663899244785581
PHF1	1.7092831912558728
CUTA	3.9928365328073334
QKI	-0.9095109173138508
PDE10A	-2.356301250623953
MDFI	-1.3324626301848106
TFEB	-0.6524453412648972
SMOC2	-0.2277193135990777
CCND3	0.39741644558932926
BYSL	-0.009706997521863301
FAM120B	2.0123710322884425
TBP	-1.1751116632436034
PRPH2	-0.8864000874524067
PPP2R5D	1.6231563846667203
MRPL2	-1.940682222128156
PTK7	2.7697357159804317
SRF	0.9960014470740285
CUL9	1.2691598753603917
DNPH1	-0.5382706201618882
DUSP22	-1.1372646888746154
EXOC2	2.111157497276718
COX7A2	2.102391671198063
TMEM30A	4.36810375636788
GMDS	1.2528672605787827
SENP6	0.694044452332671
VEGFA	3.8787327200791357
TTK	2.6177375981482007
SLC29A1	2.8625689559193153
BTN2A1	3.15602260388735
LAMA4	0.7419191841797572
FBRSL1	3.036117240784434
ENPP5	-0.952538915653025
PRSS16	-1.6965068675004231
PCDHB2	-2.2263702751760004
HARS2	0.8338721037454777
NUDT12	-1.764586454275369
CEP72	0.37732273028028757
MAN2A1	1.5527069048381845
SEMA5A	-3.15337056252282
GHR	-5.452249868675499
HMGCS1	2.6927141292145023
DAP	1.5580148614658516
BRD8	0.9674153245772442
KIF20A	1.7841687807437447
NNT	1.637091173427832
MRPS30	0.7512273754778517
HSPA9	2.2935139668864903
MRPS27	-0.19110851275705024
PFDN1	-0.5792176846431074
LOX	-0.8831830564611798
APBB3	-0.34506216901965947
TMCO6	-1.2690154858698173
SPARC	2.598923801965268
IK	2.5753534565680734
HMGCR	1.2687098010502231
FAF2	-0.10555651089469206
PCDHB3	-2.000246067959592
PCDHB5	-2.6075979071551045
PCDHB7	-1.9846288854942171
PDE8B	-2.630942153604171
CLK4	-3.639667936579298
PCDHB15	-0.9098331153063112
RNF130	0.16991498176970343
THG1L	-0.25936642378960517
ARSB	0.0049612916142322775
CLINT1	0.8928916398615623
THBS4	-3.288298757849569
CNOT6	0.5669505044457441
TTC1	-0.10188131705567875
MSH3	-0.22874773256960643
CCNG1	0.26327502523083207
POLR3G	-0.8351124328920028
DROSHA	2.1930726263958342
LMNB1	4.971275489472443
ARRDC3	0.10921070571297052
GOLPH3	1.9538868913836995
SUB1	0.642219869100762
IRX4	-6.154081412458962
LNPEP	1.8622601723209677
PDE4D	-2.4456469395329337
RAD1	-0.747674792657964
BRIX1	-0.6055187598783575
PRLR	-1.2528179424068395
SLC12A7	3.034470960677141
RAD50	1.7955445076002148
ST8SIA4	0.7246798027219965
GNPDA1	1.2184562876401894
SKP1	2.642048346893937
NUP155	2.5139125289511473
PPP2CA	0.9147518615626181
NR3C1	-1.218487018639096
C5orf15	2.442355961847361
PPWD1	-0.12941334061994028
LIFR	3.244522610354258
TRIM23	-0.8378076538266384
TRAPPC13	-0.9303114590232922
SEC24A	0.8463100256230881
TXNDC15	2.2926400305010333
TTC33	-0.14807160611713502
WWC1	0.3419487611918778
TCERG1	1.414463762856287
DPYSL3	5.53520208546091
SMAD5	1.7400880251364164
CSNK1A1	-1.339356760836348
HMGXB3	0.44714315629575996
ERGIC1	0.340759447062067
ATP6V0E1	0.46065677083454326
BNIP1	-1.3554811189179434
STC2	-0.05463751090970535
CPEB4	0.9135010117056926
DBN1	2.449629294773374
ZNF346	-0.08698440767288047
UNC5A	1.1139928601896476
EHHADH	-0.6618461199340836
SMC4	2.857121256902801
ACTR8	-0.3834614333278897
TBCCD1	-1.1910224293931488
TIMMDC1	0.8029582968538633
CRBN	1.0241495594323338
BCL6	1.2873423276165756
ARL6	-0.14813953217375228
AMOTL2	0.7738320883110456
NIT2	-0.9041448841909098
FAM162A	1.6428720623545263
OGG1	-1.8319941849701196
KPNA1	-0.29463444713053016
PCCB	0.7244986358682094
UBE3A	1.1314029687379916
ARMC8	0.9929623227648199
CEP70	1.4934001894445401
RBP1	1.7887288260965348
SLC25A36	2.6184652195498184
RNF7	-0.27779507993723485
TFDP2	-1.4487662664798973
XRN1	1.5806169369378897
KAT2B	-1.7625811486475047
BCHE	-3.494218427501277
PDCD10	1.1565969965831993
WNT5A	-1.4458580216678454
PFKFB4	0.08244719575826007
COL7A1	-0.5552329467805474
FGF12	0.9080705924228495
PRKAR2A	0.9107845186103585
HES1	-0.26727585307897866
USP4	-1.5503951064188584
ACAP2	1.69293836169803
ECT2	3.8923901790710786
GNAI2	2.2481828664590084
TFG	0.14743146028498952
USP9Y	-7.562440192800747
TUSC2	-0.6824650517383454
NPRL2	-2.1111919852922734
RPL24	3.041331504411083
CYB561D2	-3.772830438048378
FXR1	2.638350375364131
CBLB	-0.6210117855956453
BBX	1.7125384650023736
IFT57	1.652085730252973
GNB4	0.3378963909550354
IQCG	-2.0991028981392423
GBE1	-0.4367162620374351
UMPS	0.36110892278725115
NCBP2	2.2201738344901165
SNX4	-0.049563657523569025
C3orf52	-1.2752026635495222
FRMD4B	-1.8734866012447122
SLC41A3	1.8214864606082108
PLXNA1	2.2511123442064758
ATP6V1A	0.6531885705161941
ABTB1	0.2540517954643212
PODXL2	2.697324003457163
UPK1B	-5.62621472007557
CSPG5	-2.885385650124211
KLHL18	1.0465842240375556
SCAP	-0.4202256782029063
NEK11	-2.5175593053331133
MRPL3	3.111687197669088
PLSCR4	-2.346944372525391
HEMK1	-0.6272941978541442
CISH	-2.175360602482832
MAPKAPK3	-0.09528283539063932
ACVR2B	0.7720288947816207
WDR48	-0.8261165242993873
COMMD2	1.4361462860588334
GORASP1	0.4701817429101677
PEX5L	0.8374570950248232
RRP9	-0.7420631231622777
ABCC5	1.4622052526320952
ABHD14B	0.05576695920975019
EIF1B	0.4913981760286998
ARHGEF26	1.1717059727218393
KLHL24	1.852781032745008
PLCH1	0.337771721193109
DNAH1	-1.1788015993608443
SSR3	2.0525967649134373
ZBTB47	0.9552042806756706
NKTR	1.2318540862184912
CLCN2	-0.5583230854577024
FOXP1	-0.37470083157507733
EIF4G1	2.662562899402141
SPCS1	2.2828144023154864
NEK4	0.17921495551585162
SLC4A3	-2.153504414803957
INO80D	-0.06253365882383563
EEF1B2	1.292831065256554
ADAM23	-0.6188608881812954
DGUOK	0.9754961656737957
MOB1A	1.6746603282379944
KANSL3	0.9123851757055211
LMAN2L	-1.6741990474887032
RTKN	0.31183836671569853
TTL	2.565874825674105
PIKFYVE	0.7630871143030211
KCNIP3	2.248767293090332
FAHD2A	-0.49844356145241225
NCL	2.901823365758695
ACTR1B	1.7309725515709256
SLC35F5	0.5425440526791115
ZAP70	-4.575173635617329
ACTR3	1.9464679843592227
STEAP3	3.0867467716458203
EPB41L5	0.725005704926175
TFCP2L1	1.9914976567281597
SF3B6	0.37846297388715894
TP53I3	0.5432232361617659
DNAJC27	-2.1461755231583
POMC	0.16333392894178309
STAM2	0.7794982198044657
OTOF	-1.5626542333437494
GPD2	3.0917684686428353
CENPA	-0.806218137742453
CYTIP	-3.6098098392866986
ACVR1	0.7641691486114133
TANC1	0.6650624902261141
SLC30A3	-5.174837705414961
MPV17	-0.20277062643401086
GTF3C2	-1.1803943428699721
EIF2B4	-0.5602405093371312
NRBP1	1.0458866163762643
ITGA4	-2.3591229153721924
PSMD14	0.9386088591146178
SNX17	0.22534329084344287
PPM1G	2.8381647098560125
PDE1A	-2.3456577505018426
PCSK4	-4.10408709044049
APC2	-2.7369491828900134
IFIH1	0.8780879155112458
RPS15	0.5048818562849726
GCA	0.5088587742952068
MOGS	1.406727845786038
TTC31	-0.39709901767786593
NDUFS7	-0.37146280782119373
PCGF1	-1.5599544932809948
CLIP4	-4.3920755749391915
TLX2	-6.242467908726647
SPTBN1	3.128345661705869
AUP1	1.397367689514041
RTN4	2.0294254177698137
HTRA2	-0.5342005890092166
LOXL3	-0.341198928922259
DOK1	-2.34711867381628
GALNT3	-0.4046479705476261
POLE4	-1.825224057299249
TACR1	-4.305309119795698
CCDC88A	2.2178253754860964
EVA1A	-4.218586999223757
MRPL19	0.24497587084629008
LANCL1	1.7083729664467675
WDR75	0.24966664303191072
EFEMP1	-1.9520393875399085
FANCL	1.0848168737674908
FN1	-0.4731188232142395
STAT1	2.038976173258225
GLS	1.6723596858421677
PAPOLG	0.7316122267021772
PECR	-1.793444247905944
UNC50	-1.1818067144117128
IGFBP2	4.187958573286244
ELMOD3	-1.7833303566985546
IGFBP5	6.769736114541359
USP34	2.8843775794279036
EFHD1	-3.2077457800056015
CCT4	1.4751742601739606
GGCX	1.4775886471994288
EHBP1	0.6600186754371727
TXNDC9	-1.1268881539086046
COQ10B	-1.2585440707593263
SF3B1	1.7546930198616146
ST3GAL5	-1.8734026273423179
CHST10	0.8076821878351433
PDCL3	-1.1732930523141736
MOB4	-0.8027219658545757
HSPE1	-0.3905087049234322
KDM3A	0.7679869870584598
PLCD4	-4.334265987351565
CHMP3	1.732805279814701
ZNF142	2.6417889578813427
IL1R1	-4.976368388790013
IL18R1	-5.2611518299359
FHL2	-0.7476370954461239
CNPPD1	1.1770246189838396
UXS1	0.44184495870206036
ABCB6	-3.9441996682122786
STK16	-0.11308612005735395
HDLBP	1.5674533843849368
PPP1R7	0.5042507184315237
PASK	1.0968992938018611
STK25	1.3215010454650653
TPO	-4.809237495400367
ID2	1.0667391413017753
TAF1B	-1.2511628116374631
HPCAL1	1.3923658850746463
ODC1	2.7717968548237772
BIRC6	0.7200755783398083
NOL10	1.7261513919485894
PLEKHB2	1.4034030009899614
GORASP2	0.9496330038956323
STRN	1.6582619614772687
CEBPZ	2.7273296857917457
PRKD3	1.356534789031903
DCAF17	-1.001450429055242
QPCT	0.23279961806467664
RAB3GAP1	0.5807936638475694
SLC25A12	-1.4891217381310944
DLX2	-4.066765345195671
SRSF7	1.9140186740527534
SDC1	2.263596805309269
PLCL1	-4.119058159534213
SLC1A4	3.022038727809355
SOS1	1.811440335176172
WIPF1	-1.241591627698001
ORC2	0.9228266218704665
COX7A2L	2.3707825276599417
PNO1	0.1653034991978878
ORC4	0.5933893770289812
RND3	0.9111955028841453
ATF2	0.2881737565535199
THADA	-1.010549018025873
AAK1	-0.7066268037136868
TRAK2	1.1272742663176867
C2orf42	-3.6833122609294655
TIA1	1.5948173094426183
PCYOX1	0.7392416377163179
EPAS1	-1.3028127165895227
ARID3A	-1.5056306200315785
SUMO1	2.1182770625850615
VAX2	-1.4934715919559947
NFE2L2	0.8923659110686207
MSH6	0.36230532884582156
PLEKHA3	-0.48692749874117275
SPR	0.31125093025207495
EPHA4	0.016471670908308957
PARD3B	-0.263992131424692
FARSB	1.4433361045435156
ALMS1	1.7864794180459043
BCL9	1.7581742486630074
PRRX1	-3.6038900949551884
DHCR24	4.2196117378410065
DNAJC16	-0.4367307009960376
MARK1	0.12309574288688127
TNR	0.9962024558529038
MORN1	-1.1904299309998416
GPX7	0.36834802572324854
CACYBP	1.5173362608043088
SCP2	0.4521318573156779
PAPPA2	-2.0405054666181264
RALGPS2	-0.7150393497817735
CEP104	-0.2252191464754583
FAM20B	1.7500609623033516
TCEANC2	-1.2267614657639145
TMEM59	0.09712795556366008
LRRC42	-0.5144561741405099
WRAP73	1.1658951498490042
MRPL37	1.8982573528884095
ICMT	1.315926083418508
RPL22	1.329857425973116
CHD5	-2.260463571088277
QSOX1	-0.005253365857706347
STXBP3	-0.21408321883542678
PHF13	-0.4355909186453014
ERRFI1	0.18898173526404047
PARK7	1.5359591037401528
AMPD2	1.8349503215986274
SRSF4	0.004999276003143002
MECR	-1.1642953734748827
KCNC4	0.20255259833725414
EDEM3	-0.716659661815811
WDR77	-1.4383837505399306
RAP1A	0.5089111099464543
HDAC1	0.5655324641362425
CAPZA1	1.4376465047753368
S100PBP	-0.08205486647291758
RNF19B	-1.6164516588272435
SCAMP3	2.250063241474501
TRIM62	0.008325821222761029
ASH1L	-0.10657865955893646
DLGAP3	0.44155203517270425
SFPQ	2.706523904526978
RHOU	-0.8435152340061448
GON4L	0.8592675490076664
ARHGEF2	1.99083767288367
LAMTOR2	0.9967223630004388
MEF2D	1.6779511053789384
DOCK7	0.2128680454072503
SRM	1.0991960153549474
DLEU2L	-0.703710846511341
FBXO2	-3.7722421203821006
C1orf21	1.6151214874850404
SWT1	-1.626630960635332
MAD2L2	2.078099629020731
DNAJC6	-0.18001458543101306
IVNS1ABP	2.760769991717533
KIAA2013	2.9017126178554125
MFN2	1.477684486113462
MIIP	-0.0840973476016991
SMG7	1.224972773287065
NCF2	-3.7951905800813712
SLC35D1	-1.4526850752528133
GADD45A	1.0345919669735535
WLS	-1.5640415755998247
PRDM2	-0.5523302793631796
RGS2	-3.0668260796530995
UCHL5	0.5631460547858893
BCAS2	1.4142208789194504
SRSF11	2.0323804165922774
CTH	-2.6126284266769235
OLFML3	-1.8946391728161571
PLEKHM2	2.484966052462181
CRYZ	0.7667689613737488
PHTF1	0.2229063156291489
ZBTB17	0.28911903181062165
CD58	-0.25400507160730385
TFAP2E	-2.2131812441746637
TTF2	0.9136847074571628
KIF21B	-0.18764310247823301
TMEM9	1.2852913694851251
MAP7D1	0.41144496214911214
WARS2	-0.2602068909122185
OSCP1	-1.558985345216681
MRPS15	0.4754783277707419
EXOC8	-0.295053120244306
GNPAT	1.6735911647704342
TSNAX	0.18015621275490867
RRAGC	-0.2750851079592878
TBCE	-0.7392157107642415
NID1	0.5686550570012434
LGALS8	1.2843087829583826
MTR	0.6282842857546873
BMP8B	1.6251463468721692
MYCL	5.59373230033023
SIPA1L2	0.8824068898852658
RLF	0.7873293697007886
ZNF684	-0.8612836440291897
KCNQ4	0.2936217156484809
RIMS3	5.057775794385077
AKT3	1.5022457059616916
ETV3	2.5218387139412193
ACADM	0.4572678609900195
ST6GALNAC5	2.0374823371658084
PADI2	-1.9319325227413169
SDHB	0.40902868429809447
MFAP2	-0.38566069051374996
RPF1	1.0528522292438731
KDM5B	0.7790000891983415
UAP1	-0.11023864235658005
ACTL8	-5.644475373488856
CTBS	-2.098600853276108
RGS4	-0.7373281209602864
KLHL12	0.775320001743575
IGSF21	-0.21910446794195787
SSX2IP	2.608732986581042
ZNHIT6	0.5212772182879455
RBBP5	2.1518664711500914
GBP1	-1.923828444749513
PINK1-AS	0.9422786926149234
GPR89A	-0.6203826653222198
CDK18	-0.25356199923990325
RAB29	-1.8272035702430172
ECE1	1.1313093272637866
HMGCL	-1.0152470048877762
GALE	0.11459592549544444
ID3	-1.9518522134419327
CR2	-6.379388058986124
CD46	3.193721133600665
PRPF3	1.0007100895403318
APH1A	1.4298795720252526
SLC2A1	0.3052559507540038
EBNA1BP2	1.862451330631445
CDC20	3.1877798655503122
ARTN	-1.8987349165419318
IPO13	3.057242698355054
ATP6V0B	2.5692381997962115
B4GALT2	0.9869768694808613
ERI3	0.7342763472048319
PTCH2	-3.400895421633754
AKR1A1	2.7648081427222446
PRDX1	2.608772433625033
PIK3R3	2.9657715520636514
TSPAN1	-2.272769029706311
BLZF1	-0.4420559316148658
CCDC181	-3.6286065043202087
SLC19A2	0.5127134337082914
FAAH	0.2983095932908356
NSUN4	2.014364955418362
TMED5	0.18473566624539486
DR1	1.598892141478076
CNN3	2.8841310241859968
PRRC2C	2.287459138536596
ABCD3	1.2428444424297314
VAMP4	0.1893072044234889
DPH5	2.269118860278359
PTBP2	-0.14846215781248645
PRDX6	1.3338130197005011
DARS2	0.9189448096657884
IRF6	3.154152908672254
RCAN3	1.1157642341589167
SYF2	0.9412552891554274
RSRP1	-1.6057543489497943
SLC35A3	2.266991334564454
RCOR3	0.22605785077265428
STMN1	4.6242244186051025
MTFR1L	1.0422273294995625
MAN1C1	-2.0686012064425308
NEK2	1.069725310880153
RPS6KA1	1.7685717633042424
DHDDS	-0.41146569430384883
NENF	1.2918548834045054
NSL1	1.1700415599609182
PROX1	5.064344540536468
ARID1A	1.0559397327861453
CENPF	3.223719604418335
RPA2	0.7369653727355281
PPP1R8	-0.0956993645605527
STX12	0.5961951988034111
OSBPL9	0.2828989540109394
TXNDC12	2.8699918436313516
ESYT2	1.915690169900096
RCN2	2.7325481270513317
CHRNB4	-2.0038444092361343
CTSD	2.4156928350601072
STAG1	-0.7625531837484562
STK11	1.2981656847365404
KMT2A	1.7132035349849097
IFT46	-1.411297557041831
SLC8A2	-0.06743652502254584
KPTN	-0.782719043858495
RPS25	2.9424613846018652
KIF14	2.0412323254437736
DDX59	-1.3618593630905835
CAMSAP2	-0.6423779375450669
ATF6	1.6263582650575747
MREG	2.548034032177521
FASTKD2	1.0778145721281789
NRP2	-0.21451858224331258
CREB1	2.249168407743739
KLF7	1.7309740038156818
TTR	-5.581431207143621
B4GALT6	0.6103345822963391
CA14	-1.3964117003876584
SPCS2	-2.1135442387640015
USP35	-0.5550883054077187
ELOVL4	-0.0458135567909853
CASP8AP2	3.107608507687597
HMGN3	2.9434743339806553
UBE3D	-0.8042685060734347
CNR1	0.999014961948109
ANKRD13C	0.18986999669465715
SGIP1	-0.1678165547165195
PHF3	2.4373525091117654
PLAGL1	-1.9193941093118394
FBXO30	0.46956588119551357
TNFAIP3	-1.2687274254433092
MYB	1.6853743661119192
SGK1	-1.0909167498529297
RNF146	0.10471194884156704
PMFBP1	-2.708217918910431
FBXL5	-1.1192113399163695
MED28	-0.046880619039297626
SLC16A7	2.7139882624111014
ZNF430	0.23857197925313095
VAMP8	-1.1175315528310374
DCLRE1B	1.4698835794771976
MYL12B	2.546752784044959
FOXO3	1.6418193357050677
ARMC2	-0.5000282910544873
GHRH	-1.5296561296012985
RPN2	2.919422243963007
TGIF2	-0.7029059326222912
OLFM3	-3.796069170114939
PKD2	-0.9444610416621702
CCNI	3.1034329440520745
MFSD1	0.13831726760466848
RAB3GAP2	0.056354369727720975
PPL	0.47799523085781204
UBN1	1.3510244416272552
KLF12	3.291200338300372
UCHL3	-2.194367292378761
PCDH17	-1.3976473891616539
HS1BP3	1.1071141776673437
WDR35	1.0177873682977683
CCND2	-5.64221892305994
ELL2	-2.828019344659438
DNAH7	-3.1584997950598597
CYP20A1	0.6048348129949034
NDUFB3	1.0483353333038572
GTF3C3	1.37515899596211
SATB2	0.03772837709432141
UBE2B	-1.860059708865708
GDA	-4.789400161681897
KLF9	-0.8404695405380173
TJP2	2.2337620722674023
ITGB1BP1	-0.2695186955811409
CPSF3	0.9802780101955095
PIGZ	-1.5924586804174437
SENP5	-0.0994920707282943
CCDC92	0.9721513770141624
C1orf198	1.1025423092581417
TRIM67	-2.904878399880098
HEATR1	0.7554920246334537
PTBP3	2.8359084161213732
RAD23B	2.2937980519848056
FKBP15	-0.12282140040591769
CTNNAL1	1.4916924507065035
SET	2.718877786067339
GLE1	1.2650599976331394
RAB14	0.29679378708888093
CNTRL	0.4221410003515667
TRIM32	0.8909441202543535
FBXW2	2.3293397124953468
PHF19	2.1488337692862856
NEK6	1.0949345359279867
BSPRY	2.9678699251529554
PPP6C	-0.6443777332701563
NDUFA8	0.8498807411558346
HDHD3	-0.7097565918068239
RBM18	0.4040712221813977
HSDL2	1.2572970666459167
MAPKAP1	1.859106559003321
INVS	2.0431941342402413
GALNT12	0.7706488509687932
DENND1A	-0.05811532003858634
ALG2	2.157427092866771
KDSR	2.093685289747113
VPS4B	1.3601550475426347
ONECUT2	2.8256509595686445
C19orf25	-0.24528259837142308
ZBTB45	0.09561043037429749
YLPM1	2.1334842060830277
DCAF4	-2.6963273044268594
FCF1	1.581529328923629
PGF	2.745900670390972
IFI27L2	1.2205952183291917
NEK9	0.27890851773814906
ACYP1	2.584150733926951
IFT43	-0.6964021067675673
NPC2	-0.47132169214094943
DNAL1	0.4364987135658276
IRF2BPL	1.390548549712498
ACOT2	-2.7318391799758053
LTBP2	-1.2580250937822601
AREL1	3.605705802253632
MLH3	-1.4267803535897086
TTLL5	0.7128481828800737
FLVCR2	-5.372624348091157
ABCD4	1.1483260542532245
DLST	0.5948311392724783
PPP4R4	-5.109438182303283
TGFB3	0.26015935264327367
ZC2HC1C	-1.1549387127303299
SLIRP	-0.2560057765106333
RBM25	2.7045158705889962
ALDH6A1	-1.2478420761726239
GPR68	-3.365853379748076
EIF2B2	0.8222162374374207
NRDE2	0.2078802766277347
COQ6	-0.9229886194736241
RHOQ	0.8952080204565942
SUPT7L	0.10358652756494639
KLHL29	1.1059980366215256
DNMT3A	1.5405931260833432
TMEM214	1.5879381262484997
ATAD2B	0.6957865311734759
FKBP1B	-4.292093490723598
ATL2	-0.43787598177850495
YPEL5	-0.8397580526381344
FAM98A	0.8424080259980185
YIPF4	0.7318838242506136
AFTPH	-0.9663689432538973
LGALSL	-1.1434105599535158
BCL11A	0.7538443242915548
CRIPT	-0.35600550827241917
EPCAM	3.1745339541642807
SLC17A5	-1.1595021679051525
OGFRL1	1.2736499570113833
IDE	-0.3375126152237884
IFIT3	-1.4337380786152012
IFIT2	-2.3311800232173994
GPAM	0.7910284386541268
CUTC	-1.7304918746589566
PPP1R3C	1.2375168100399292
PYROXD2	-0.30854473841073016
CNNM1	-2.153030174270255
MXI1	1.6057050583289707
SMNDC1	0.08533281706497602
C10orf88	0.25812919078434704
HELLS	1.0625442360290613
TCTN3	-0.600847553207356
WDR11	1.5476548341200134
GOT1	0.171954391417209
SFRP5	-0.5711045762941254
GNA13	0.5944839504175757
HOXB8	-0.7150866313629031
KANSL1	1.5015124207232673
HOXB5	1.5655222520754015
CRHR1	-1.7319035252821509
HOXB3	1.677104993003417
DUSP1	-0.3838198146360998
PANK3	2.558319882577415
RCL1	-0.6294120854526962
CAAP1	-0.5359055383001566
MOB3B	0.2190446449079856
GRIA2	-2.3799464142771045
NUP43	1.3157741658963877
MTHFD1L	0.04865303415845703
LRP11	1.754299940385058
PCMT1	1.683860783946248
PLEKHG1	-1.762288419522387
MYCT1	-2.6474930829210632
CYSTM1	1.012618971693502
WDR55	0.29031701182345354
ARAP3	-2.45432574428725
PCDHB8	-0.3073718811080425
PCDHB10	0.37245575079202076
PCDHB14	-0.18199250970888403
PCDHB12	0.15254517706472684
MRPS14	0.29964006846211866
CENPL	0.805760336060338
GORAB	-0.4900655023567455
ACAT2	2.5940747259499255
TCP1	2.333215514289789
SNX19	2.593470689739142
KCNJ5	-2.2516996029474545
MSANTD2	-1.3964237874954208
PDZD11	-0.5046260632441603
NUDCD1	0.5203890017310592
ENY2	2.226869638186566
MASTL	0.399370312258058
KIAA1217	-1.286032957750637
PLXDC2	-2.5008007119201574
EPC1	-0.20524690459809466
IQSEC3	-2.3750016696940937
CCDC77	-1.2541502723499018
TAF12	-0.5080270194545489
ENOX1	-2.128551384584899
MTRF1	-1.4142168025405764
DNAJC15	0.21379971970710127
PROSER1	1.9618785565053816
UFM1	2.9725282153230257
WBP4	0.025146470486080236
ELF1	-0.29519902149195704
SMAD9	1.8565159601393275
HSPH1	1.5601157594988486
KBTBD7	-0.5777665681492182
ALG5	0.7608099291804131
EXOSC8	-1.3281478998378313
ETF1	0.5360881687419389
TGFBI	-2.167931800978596
FAM53C	0.7462698038881613
SIL1	-1.2136018771403485
PAIP2	2.042802173567235
KDM3B	1.7616797971276437
EGR1	-2.557161069555152
SERP1	0.8003888678653724
PLS1	2.195305341507118
ZFP30	2.154935162945358
NR2C1	0.40951446723454726
UTP20	0.5187269575117718
TMPO	4.286055924458828
ARL1	1.802415454683386
MTERF2	0.9589276282532979
SOCS2	-3.3981827492788295
NFYB	-2.1253529568376046
APAF1	1.3157370468653056
DUSP4	1.2945456927778924
CLU	0.4768826186639113
SORBS3	-0.6112666359464675
PTK2B	1.2645957581736136
ADRA1A	-3.6970869427509028
PPP3CC	-2.486446305556065
EPHX2	-2.7534697190259516
RNF170	-1.5096541644286319
UBIAD1	0.020049601579332287
TARDBP	2.2526497984827905
ZNF706	0.6619067599055368
LYPLA1	1.0604585146235388
CRISPLD1	0.6690970255052274
COPS5	0.2811534109832689
RDH10	-0.23368462779813823
AKAP1	1.4244001034247347
COIL	1.1396477661206155
TRIM25	1.35958070403367
SCPEP1	1.240773972661278
SPOP	0.15920014129703539
SLC35B1	2.8867402100733632
NACA3P	1.6092689870999202
FAM117A	-3.109751636139839
NCAPH	-0.15978919052385504
MND1	-1.3150812063435129
ADCY7	-2.89513661084271
CEP89	1.08056933092841
TSHZ3	-3.829116564466291
ECHDC2	-1.2467532006432949
PLBD1	-3.495980190682584
PYROXD1	-0.057465218230675866
PSPC1	-0.2117444413939309
ZNF549	-1.2100656342120755
ZSCAN18	0.7775304951409502
ZNF211	-0.7374665234667612
PDZRN3	2.197723125428058
RNF2	0.3102755388971858
TRMT1L	-0.3889276092961133
SEC22A	0.6602638738515852
B4GALT4	1.2764040753615191
NAA50	2.5466846896505198
KIF18A	1.3576469957173902
DESI2	-0.041723255939359105
MAPK8IP1	1.7124791723523902
CRY2	-1.1795997287749898
PEX16	-1.4166565596237979
DEPDC7	-1.1821513311216498
CAT	1.2446732955454147
PILRB	0.18096178724221743
ZMYM2	1.6639495146497356
TBC1D15	-0.5085737932941096
ZCCHC17	1.3244484794208082
FABP3	-4.286669611259468
KHDRBS1	2.5089327259446526
TMEM39B	0.16816272904609483
POLR3GL	0.5843439927058981
TNFSF10	-1.6937333620476804
ZNF639	1.0854138702846663
PIK3CA	0.589958252411934
PDS5A	2.041523836716398
LIAS	-3.5796857911173294
CPXM2	-5.372161771669802
TMEM54	-0.3354920787877851
ZSCAN20	-0.14741461749747348
CSMD2	-3.064351351182117
HPCA	0.8981509543296824
LRIF1	-0.30118682866759333
CLCC1	1.698277372989225
GPSM2	2.643632581978302
GTDC1	1.6219034987293512
CXCR4	3.33466616005856
ZRANB3	-1.0975180286288695
ACVR2A	-0.4697263090574095
POLK	-0.4325116796450049
SV2C	-5.482812977074158
RPL21	-1.4587971621903661
MTIF3	-0.7751543885342117
GTF3A	2.0320488565248316
RASL11A	-3.813106292560526
UBL3	-1.2494968280002792
FYTTD1	1.0401043287633087
MTERF4	0.17545232646185271
OCRL	2.032107146353413
MRPS2	1.1152949110635693
FMOD	-1.6866345105105738
MYOG	-2.281005609337209
KIAA1191	1.2549411222768954
COPA	2.4396299790766443
RBBP6	0.3108888732755324
ZC3H7A	-0.20134818799380116
SERAC1	0.9780582788820416
ANXA11	2.0511035709700987
LDB3	3.1974958409330845
ZNF205	2.3017254061501693
NAA60	-3.243997722648335
RPL5	4.210511358364855
ODF2L	-0.4331892988333724
TRMT13	0.15470697496961858
ZNF644	0.26651307039740674
CCDC18	-1.2014896148030936
RPAP2	-0.3116675433257962
BBS9	-1.5596212202490798
PMS2	-0.9867720301896845
ZMIZ2	2.775962796192683
EEPD1	-0.28974215209720594
KLHL7	0.7374399056978534
HERPUD2	0.3276631919392813
CBX3	2.4091862848986207
HNRNPA2B1	3.315592459434555
WIPF3	1.96330839219045
NXPH1	-2.2695003634201494
NPY	-3.405900250443794
HOXA7	-1.0232041812851203
INHBA	-2.4613974340451663
FKBP9	0.8522735226542691
NT5C3A	0.3184352655478959
ARL4A	-0.08681550771087067
CCZ1	0.014981603503764717
POLM	-0.04004295537229696
TWIST1	-4.543908263701042
SMU1	1.0275358602787463
GLIPR2	-2.013234849541526
SLC25A51	-1.7234152849348818
CLTA	0.789595971034423
RECK	-3.26900499848673
TAF1L	-1.801225880078592
ACO1	1.1250373123839972
DNAI1	-4.6854928466155545
DCAF10	0.042583854022923334
CNTFR	-1.257075593560934
KIAA1549	2.3461472986816885
TRIM24	1.8584519071138672
CALD1	-1.3838117759103818
NEUROG3	-3.2522600723335713
PLAU	-1.2749060242835835
CHST3	-0.4958488783355154
BICC1	-2.210832306829333
CISD1	-0.26295554051702213
ECD	0.6090515541303908
P4HA1	-0.2752772763722907
SLC25A16	-0.8139540310352485
ZWINT	2.3463051415433545
VPS26A	0.0035261971349568023
RBM19	-0.5263438481936142
CIT	2.487003214490015
IFT81	0.6661627889109992
ACADS	0.38488901453547114
NME2P1	1.482544630537318
DDX54	0.7168265203690031
MED13L	2.2768564543128327
CDKN2C	3.066309738578938
RNF11	0.8820668920930781
BHLHE41	-5.9454880293129255
ITPR2	-0.12005398620825058
CCDC91	2.32295971310928
NECAB1	-2.6234113581368694
WWP1	-0.9078919417390108
ACOT9	-0.627578377118714
PRDX4	0.9732136393117808
DDX39A	1.3098424050392687
PKN1	2.768466566199611
WDR83	-0.29960176870271554
GIPC1	1.0018257684034033
SPRYD7	-0.13588206345726356
EBPL	0.3745945273328607
ATP7B	-1.240922037310604
ZC3H13	2.0718318313163224
NLN	1.197857992018961
CENPK	1.4397289437201568
OPTN	1.5133404664394494
ATF1	-2.4410197891181786
TSFM	0.8687440883360101
NEUROD4	1.4741232683004233
ARHGAP9	-1.7823052685653475
NCKAP1L	-2.5208785880978817
PFDN5	2.4486464959311234
SPATS2	0.3683931039861861
ORMDL2	0.6946373978029597
NR4A1	1.809097634613621
CDK2	3.170945327328739
LRP1	1.5423404006855796
ATG101	1.1998129800735984
IKZF4	0.5907329410752626
SMUG1	-0.4807276461626636
TUBA1B	6.044355717257105
KBTBD4	1.2453763953428645
SARDH	0.2385965551658894
DBH	0.6745268317144996
ATPAF1	0.9548371346161438
STIL	-0.13177545137775637
HJURP	2.181789765821515
AMD1	-0.34909774692670525
NDUFAF4	1.4687499161921282
USP45	-0.31573046670296395
MORF4L2	2.83196107199754
RAB9B	-1.7093369898026523
NRK	-5.774817122801525
FAM199X	1.1996415058927579
RAB9A	-0.7338308394003653
METTL8	-1.8357459177091986
TTC21B	-0.12109412442450947
NMI	0.1009965263214441
ACVR1C	-0.8308687390256544
BAZ2B	1.5746833643005471
SLC36A1	0.24871828996421996
LPGAT1	3.281048705331359
BATF3	-2.1053800376485956
KCNJ2	-1.1704988891548587
RAP2C	-0.8199306041586224
EXOSC9	0.23014511778966112
PLA2G12A	-0.08102399569864838
B9D2	-1.6393272514300878
PFKFB2	3.033143937387804
ZNF137P	0.2663601104397345
RAB38	-1.0170977116905877
AGO2	-0.6336656197567639
MXD4	-0.13693016210394035
CKS2	-1.895845321014383
ACSL3	0.8373552669335793
CHPF	1.1448144330584256
DNPEP	0.17551625285802544
OBSL1	1.2882808609817171
SLC12A4	-2.8956201203607224
ENKD1	1.3842911013604986
HMGB1P1	-0.024221028265013652
FAM210B	3.021694678117546
SNX21	-2.037865234212846
SLPI	-1.2314531085640257
TTPAL	0.36036013785210697
PREX1	1.254432877988583
SDC4	2.342984032517035
NCOA3	0.1678727610877269
PIGT	2.7699910885283865
NCOA5	1.720702202521401
VAPB	3.04740692172733
PARD6B	-1.7818965053018836
CHD6	2.8887968291717305
PLCG1	2.812875755788984
TOX2	0.6448027764887322
SRSF6	1.6386498025603715
GDAP1L1	-2.722144421278252
ARFGEF2	0.8422026304003747
ZNFX1	-0.10849531753076755
CSE1L	3.2581608865448373
RAB22A	-0.009266157149047381
PTGIS	-2.7087728645973685
STAU1	0.49679318693866886
CDH26	-2.0775596969278673
SNAI1	0.3884066537106831
MOCS3	0.19532140877746676
STX16	1.1534191484209193
PPP4R1L	0.016481987811812503
PMEPA1	1.0557733527550985
RNF114	0.22290833274769406
DDX27	2.255759980310913
BCAS4	-0.9032608346330201
MTRR	0.056084287307174796
FASTKD3	0.4703980331923225
PEPD	0.6145038259270715
CHST8	-2.0698793867959995
IQSEC2	-3.6831392162335224
VAMP7	0.8071497684375354
STAMBP	0.24106365279000794
NAGK	0.22481122911331494
MCEE	-1.1130324638582734
PAIP2B	1.7382943603842775
SNRNP27	0.6335710382000291
MPHOSPH10	0.8109418609798098
ATP8A1	2.2144534958458078
USP22	2.9760336199484057
POF1B	-0.4865737975796523
ZNF576	-2.5588627746188584
ZNF45	0.017547455216572472
LYPD3	-2.50739000292805
NDP	-2.0690133468847463
USP9X	1.3274529501638295
F13A1	-4.05180680303367
GRM4	-0.6305669672362162
TRERF1	0.9024902161962021
PACSIN1	0.7727841884569279
BTN2A2	2.2972190242981343
SIRT5	-0.06072094593196994
MRS2	2.2906844310972985
WRNIP1	0.9392860079684042
RRP36	1.9819074381783894
BTN1A1	-3.3635873275715262
SNRPC	1.9390859771237832
SERPINB6	-1.452606633753212
XPO5	0.6595332244402261
ABCC10	0.32437723644220934
PEX6	0.8551615405558232
NQO2	-2.8419531786956886
OARD1	-1.2151372320458318
UNC5CL	-1.2972248345726012
AARS2	1.4652469931410952
ZNF391	-0.9003282626326168
RPS10	-2.527130122718938
MOCS1	-1.8095194279740914
MED20	-0.9107993275527082
TBCC	0.2300397220648872
SPDEF	-0.43116292943291956
MAD2L1BP	-1.327463473525966
KLHDC3	2.890078929642271
MEA1	1.7513996734559705
COL21A1	-1.499795281483419
CDKN1A	2.953786264522822
SOX4	4.839410798025399
GLO1	3.0945030609339623
CPNE5	-0.572597940833409
KCNK17	-2.321047633661662
RREB1	-0.2069842616748028
SSR1	3.1344891603752645
RIOK1	0.7920938028906662
NRN1	-0.14156706883357348
SLC35B3	-0.8183316356484686
RPP40	-1.6865111615861115
NUP153	1.8821596952557105
DEK	1.9589539792580748
EEF1E1	-0.8446555981330705
RUNX2	-3.971329229561696
LRRFIP1	0.25465327067749477
RAB17	-0.6013269091991774
CXCL6	-3.8390287248976422
MYRF	-1.6738704527980275
SCGB2A1	-0.7109254602681064
AHNAK	0.37946243588915096
EMC3	-1.5853525473974006
SH3TC1	-1.3102770756646127
CNOT1	2.010014651888203
BBS2	1.0503223003354731
MT1G	0.24167463540982348
MT2A	1.5302505268173734
GOT2	2.6240680331418584
DOK4	0.768507826486435
PIWIL1	-6.031032426958487
CLYBL	-2.2132995584806405
TMTC4	0.9239093274064728
RAP2A	1.555921924849162
ABCC4	-1.0574350078269874
EFNB2	0.7232068068022345
SOX21	-1.223471901759572
TM9SF2	1.7262798676960098
IRF1	0.11843482151730798
UPF3B	0.9486005987541077
RNF113A	-1.6660065692861838
TMEM255A	0.4609314687857253
NDUFA1	0.32068019825844746
FAM193A	0.3128813620734441
GRK4	-3.3943544966065646
SOX9	2.895943424717016
MYH2	-5.756132592507466
SLC25A35	-0.9233932172247536
MRPS7	1.0890265692826855
GGA3	1.0773728740763528
ARMC7	0.0072075372754817155
NUP85	2.174484083899225
SLC25A19	-1.4369938510636973
MIF4GD	-0.0788970842381866
NT5C	2.215122726141238
MSTO1	-1.2615988316209272
TTF1	2.986798879507531
GTF3C4	2.303618875473079
DDX31	-0.7211128814953626
BARHL1	-0.7416708687582323
PPP1R12C	1.4444503503118602
MBOAT7	2.7764273180503016
SLC2A4RG	0.47324498935231263
PPDPF	3.415301066421347
CHCHD5	-0.7152908242313557
PAX8	-4.812206433580626
INSIG2	-0.6692772793450863
POLR1B	-0.8538014673729156
CCDC93	2.150112009661015
PSD4	1.1159594735448353
SLC25A23	-4.361374699150144
PSPN	0.4953539836454231
GTF2F1	1.650422810272521
ALKBH7	1.1127932919707797
CLPP	1.3567001854282892
THOC2	1.1251630621554256
MED1	1.8665436838638798
RPL23	3.287178365528967
ATG4C	-1.252672403713754
SH2D3A	-5.381156876335784
TRIP10	-4.334609855424195
GPR108	-0.714340611350433
FOSB	-4.779243266087816
OPA3	1.7424197777953365
SNRPD2	2.5267161513965224
RTN2	0.1220107755262891
EML2	-0.7500170771531016
VASP	0.872151386517131
SYMPK	0.4178054816506899
GPCPD1	-1.066038850317417
PANK2	-0.3252426739594438
TGM3	-2.1428062747205763
FOXA2	-0.636856885742732
CD93	-4.933631845992445
GZF1	0.4484648076181102
NAPB	1.5913213017721088
NKX2-4	-3.184406347830651
CENPB	1.8283291085313103
PSMF1	3.4584358697691107
NKX2-2	-0.5836089377062786
DTD1	0.9644858788084706
RBCK1	0.080930623937185
TMX4	3.6077128911211434
STK35	0.8351686499481416
SNRPB	0.9067831248473694
NRSN2	3.335630516899938
AP5S1	-1.2932596833628718
RRBP1	0.864686788954576
BMP2	-1.4948454808315152
ZNF133	1.0214911656873453
FLRT3	1.644283958249601
OVOL2	-0.028695753454533277
PCSK2	2.2482265885475576
MKKS	2.042191921862067
BFSP1	-1.4632545983192606
DSTN	4.300112759603009
SNRPB2	1.8787180465478108
MGME1	1.4255279454077956
TBC1D20	0.9399107349160992
ITPA	-0.20095117394160106
MCM8	1.7255768391184811
TMEM74B	-1.380211454414491
FAM110A	1.8808408032800632
MRPS26	1.5534131044423933
NCLN	1.1848170809762921
CITED1	-1.9151002274709188
HNRNPR	3.2813480918855933
ZNF436	0.7780459702529235
MAX	0.8007623432272367
ARMCX5	-1.1267944689829077
MMP24	1.2904545115879449
NECAB3	1.0034779508251261
ID1	1.4770616819733575
RALY	4.407317427954146
DYNLRB1	1.2747375730156043
EIF2S2	-0.8251719936741567
ERGIC3	2.6387509252452452
ROMO1	-1.027472318827496
CEP250	1.6179756048797613
PLAGL2	2.5980641912145077
GRPR	-1.9273087599087932
KDM5C	-0.16348534902617418
AMOT	1.4003582806771957
TMEM115	-0.04327761007823929
PSMB2	1.793092691836795
AGO3	0.9119472887734087
UROD	1.415093732038792
ST3GAL3	-1.0321716069723998
TMEM53	0.09532147654982548
HECTD3	1.8400221623076016
KLC1	-2.08563717173172
XRCC3	0.05190995120933712
TUBGCP3	0.7137820509432731
MCF2L	1.038765367644946
PCID2	-0.25574911584217525
LRFN3	0.10269225506832766
CAPNS1	0.7881216528802869
PDCD2L	-1.95065085681542
RBM42	-0.10783329602515125
KIRREL2	-1.5064746655958934
UBA2	2.1682572932651927
COX6B1	1.3322749954746957
THRA	2.860972199530758
NR1D1	-1.5342296115187453
FRMD8	3.144367605438221
PRDX5	1.2312902381679218
BCL2L12	-0.6228570825337064
IRF3	0.18259819778657155
PRMT1	1.9214334931332624
SCAF1	0.8526165932389249
PRR12	1.4327267293853068
FLRT1	-1.0901164463767987
SBDS	1.1489267728999208
STAT5A	0.09022894829421582
BECN1	1.08084380881843
TRAP1	0.7964488268834612
GLIS2	-1.0515289481621897
NSRP1	0.40296651117074855
DNAJC8	-0.29536430148791076
AHDC1	2.1511964809491726
IFI6	2.9309435363960774
DACH2	-2.9442321896566908
ZNF384	1.3508056363560412
EMG1	-3.4316368407821107
UXT	0.19729776853055053
ELK1	0.8870455600044705
TIMM17B	-0.21917226592671196
ATG14	0.7450521843665165
KTN1	1.8991400099591378
SIX1	1.2372058640886971
RHOJ	0.7858239678691717
DLGAP5	3.1041883633567187
L3HYPDH	-1.2935450472052066
HSPA2	1.7292974141614632
ZBTB1	0.39101068143043993
TRMT5	1.2346884285166004
SGPP1	-1.2326673214409
PLEKHG3	1.8827039458571428
RHOT1	0.1429284833806111
OMG	-3.87217986731042
AIF1L	3.644015513437625
NUP214	0.4046444272786593
SLC10A3	0.41076456410226947
MAP2K2	0.579474413040044
HNRNPH2	3.569771097397611
ARMCX1	-0.9532670265806517
TIMM8A	-0.009027394305629705
ZC4H2	-6.082315622824472
CANX	1.0107855833949253
IPPK	-0.5345091155222995
ZNF484	-0.02284664253897622
FGD3	1.4561930060907031
HIVEP3	-0.4056517721021238
PPCS	0.07592332308013044
EDN2	0.037180671089095924
BCL11B	2.044872529206426
COX7C	0.8711285257039736
TRAF2	0.6138064897772277
ABHD8	-0.3454866119570838
MASP1	-2.725475946664113
HELB	-0.9354527318436509
RAP1B	-0.030191557742983863
TSPAN8	-1.0747737125039267
BEST3	1.4841831165101547
RAB3IP	3.082062862658311
DYRK2	1.475955911088624
YEATS4	1.2729568322232476
LRRC61	1.680226137920303
IDUA	-2.2570261065746666
FGFRL1	-2.94831122233815
TMEM175	-0.7558333764026516
AUNIP	-1.4573449407601822
PIN1	0.44279877454241096
FBXL12	-2.137897325176375
EMC1	0.8262432630738344
UBR4	1.3063790294941304
HP1BP3	0.9507724506987228
SIN3B	0.11321649846933726
SLC35E1	0.634518727391842
EPS15L1	0.624423891257632
KLF2	-1.480414211014451
UQCR11	0.0812409425806773
GFER	1.04689017346031
SYNGR3	-3.3635968658194964
PKMYT1	-0.6070727967643744
WFIKKN1	-1.4107973427721054
WDR24	-0.35286272885385356
FBXL16	-0.20914753796170563
CHTF18	1.1446356611860953
TUBBP1	2.8851096549379447
MACF1	2.605235934679261
SMARCA4	2.0164043773275484
KDM4B	1.7510058439715124
TICAM1	0.4162141382304398
METTL25	-1.958855161481743
EMC6	-0.8104001402489527
METTL16	-0.5409994533938034
TUBA4A	1.1396934701587118
VIL1	-0.10645731032837355
AAMP	1.55591230205164
PNKD	-1.3415652384661716
TNFRSF19	-0.10095255425536424
RNF6	0.34971716526478386
ECHS1	1.4416466801486567
AKAP9	2.4399428106859644
HIP1	1.4688168564861765
PTPN12	0.5032097726878306
POR	1.0295126101580026
STYXL1	-0.49847845110153344
GNAI1	-1.064488815342643
PEX1	0.18652550722930694
MTERF1	-1.1073267055961526
SGCE	0.1704326722819123
RBM48	-0.9897989673889205
CASD1	1.4103142879909158
ZNF780B	0.2998662118001907
ZFP36	-0.8600679743857538
SRD5A3	0.09329460902524513
RASL11B	-1.3984553156974247
PAICS	3.538938942202953
PPAT	-0.6207838561697646
TUBGCP6	0.9566940120668096
ADM2	0.7895430145261344
DGCR6L	1.1134119431437757
DGCR8	1.519593754109008
ASPHD2	-1.2464342344624337
SDF2L1	2.16317709450188
YWHAH	1.321608063236224
GNAZ	1.8264653323406164
MGAT3	-0.6978489758201069
ATF4	0.9529786812764198
A4GALT	-2.2149880253681054
CDC42EP1	-3.6619166436474337
APOL3	-1.472129110885394
TPST2	-0.33895845558817184
MPST	1.8560232382324175
TST	-1.5276101044080832
APOL2	2.086642178779386
APOBEC3F	-0.3137592609213637
RIBC2	-0.9065481070941142
KRT17	-1.0506075033543674
EMC4	1.409932299249062
RNF112	-0.847906800818397
SPECC1	-2.983780824559322
CPA4	-3.126500649316047
DOCK4	-0.7221215117999839
POT1	0.24935020294508095
ATP6V1F	0.7213299422413116
LSM8	0.3528411013577762
CDHR3	-0.7679714732234808
PRKRIP1	-0.8016371570472085
VGF	-0.5795892207690381
PODXL	1.0133175506164436
FOXP2	-1.5812626506829401
STRIP2	0.7901637204045744
IFT22	0.8926408817231857
MKLN1	1.0005696112090046
DNAJB9	-1.1280998225389947
FLNC	-1.7713677227285802
LRRC4	-2.6706055945918172
CALU	2.931344317975451
CCDC136	-0.14082609211926156
SMO	-0.6471859095369917
KLHDC10	2.0437864414138947
NDUFA5	1.5521705585785022
FEZF1	-2.7387194832654105
MRPS12	0.008438511080136048
MYO1B	2.645840214021002
HOXD1	-2.3949671657433855
MTX2	1.5670068457930002
PDE11A	-2.2967692113501896
CHN1	0.16805758629574707
GAD1	-1.52594420514527
EIF2S2P4	3.504749312153841
OSGEPL1	-0.2889902901992533
ORMDL1	1.4106337861328466
HAT1	0.49038450955120066
HOXD9	-1.0098626829150843
HOXD10	-2.6296654300461513
HOXD11	-3.524413323213858
HOXD13	-2.9015021503795806
HERC2	2.7277204353584406
SNRPN	-4.787593182179559
PSMG2	-0.36057736285955855
TWSG1	1.9727737405393448
ARHGAP22	-0.8181921357774571
EIF2AK4	0.726217738509042
MYO5C	1.2073583304099087
CGNL1	2.2298793135315926
TMOD2	1.1387573490016594
TTBK2	0.12611411227461006
INO80	-0.9658395490040919
ICE2	-0.43883289299014966
DLL4	0.43158320582891085
IVD	0.8866035781735359
KNSTRN	-0.057332818858352994
DUT	1.0966494082086966
CHAC1	-2.157596961084004
CLN6	0.7325934844302261
ARPP19	2.3556536655684
VPS13C	1.0112079090879946
CALML4	1.409958925367871
ISLR	-1.7766650869939413
THAP10	-1.6830398737462697
LOXL1	0.38754283598711586
ANAPC13	-0.8534856279735511
MBD4	1.4892600671093696
COPB1	2.423155784099311
PSMA1	-1.2418040886923827
SUMF2	2.0558471511032073
PALLD	1.7392397698354427
SPCS3	0.6913217329383667
BBOX1	-3.921149107175758
SERGEF	-0.27428145098772105
KCNC1	0.5763200181944539
TPH1	-0.5751652424161311
E2F8	-1.061049045142758
DCTD	0.9016949023743721
SOX15	-5.68097530407837
RPAIN	1.1326794080652098
USP6	-1.9485782152611437
PLD2	-1.2048150088963518
TXNDC17	-0.2864342404638184
FXR2	0.2536128535758996
KIF1C	0.2813115967719056
MPDU1	-0.5225673188988404
PHF20L1	0.9972311542078451
CCNT1	-0.2121537523418354
PUS7L	-0.4189936967983769
KRI1	1.4599937172576052
ILF3	2.102782014006265
SLC44A2	1.3879598889583988
AP1M2	2.446919572039085
CDKN2D	2.7565667983781856
MTUS1	-0.30254430677430405
KLK14	-1.8336491438037943
NGDN	0.40827475494988114
RAB2B	2.577533772254699
BCL2L2	2.6289303724965825
AJUBA	-2.765341921104118
DTD2	0.3357620309711847
PARP2	1.8227628508733706
HEATR5A	0.012477895638458025
FOXA1	1.9922633222729875
SNX6	0.7274587708486119
EAPP	0.8700719678741728
EGLN3	0.9288608548191963
MIS18BP1	1.3238388356784128
NRL	-2.0885071869047027
NEDD8	-1.9993998334082517
DAD1	0.5329166388748177
TEP1	1.9828713656585322
EPB41L4A	-1.2772010127664548
REEP5	2.720460220738376
ITFG1	0.17123758656396232
QRICH2	-0.12201390513897621
FOXJ1	-1.3574956979714523
SEC14L1	0.6143002057283155
ARHGEF6	-0.23769412275595703
MAP7D3	-2.6471627931184534
FGF13	-5.280073464653888
ASH2L	0.09429294747009018
TTI2	-0.5128467307562974
CDKN1C	0.7614996534285313
KLF16	1.249510690751799
DOHH	-1.378985217632871
MAU2	2.1474326640301795
SHC2	1.187420952642238
ABHD17A	2.0477976011926007
SYT5	-2.8880221015860617
CBFA2T3	0.3528085005923025
GAMT	-0.634877470890246
ERMARD	-3.2928757060018397
PHF10	0.6380273255641828
PRRG3	-1.2418444322807511
CRACR2A	-0.697577008479771
STARD8	-2.5137111167114496
SAT1	0.6048762340933744
GNL3L	0.25361164403039227
SH3BP4	3.3629481506889918
MOSPD2	0.015514194406707262
DOCK6	-1.5075329470308028
ECSIT	1.087550427375392
LDLR	0.40526120608722155
ELOF1	0.22928226176620364
PRKCSH	2.6579575880431374
CDC16	1.7675712066459497
THEM6	0.5601690825193247
APOE	-1.296244729565958
TOMM40	-0.8255067011703796
GADD45G	1.118179469655073
LRCH2	-3.4105318709793964
DPP6	-1.9628616441965938
XPO7	2.4292952625579054
FAM98C	-1.6713813132750268
SAFB2	0.11440925982824995
RPL36	1.706543507592007
NCAN	-2.151291643367722
KIF1A	4.706653417361982
GTPBP3	0.5063383968771624
BST2	-4.419857821003892
SLC27A1	-3.7117522977855346
NSUN5	0.377011940100942
COLGALT1	0.9677351236670526
DDA1	0.3794903010565897
MRPL34	0.24366459893563383
PGLS	-0.16086157858568015
LSM7	1.9022354919324076
TULP4	1.4141015946234912
SNX9	-0.1485156591321892
RTN4IP1	-2.25378996722798
QRSL1	0.7300838420656626
RSPH3	-0.693976165659766
MLLT1	3.0642962935297686
ACTN4	3.8965880963871466
STK33	-0.45955209108566847
NDUFA10	3.229954087557437
ARPC1B	-0.24611444170258626
ZSWIM6	-0.865782872240561
FCHO1	-0.1698688790230853
UNC13A	1.821786577043922
MAP1S	0.07122829358127596
SCO2	-1.0463406679164895
PXDN	0.008373239824833217
SSBP4	-0.486717197126232
PGPEP1	-0.4458527797012783
LSM4	2.4836009297756156
JUND	3.083104908457071
TRPM4	-0.8673903226186359
SULT4A1	0.5856344406734646
ZNF557	-0.6154950730840507
CRB3	-3.2177383309034258
OLFM1	2.227566062639257
CAMSAP1	1.3270126529851494
UBAC1	-0.19887772556609118
ZBTB46	-5.780284552723933
HELZ2	0.5319324341382359
SAMD10	0.4104357849512484
H19	-2.9680707650083504
COL5A1	-2.794680200703145
ATXN10	0.578711747787808
TUBGCP2	0.9651853295514321
CALY	-5.402021203956895
PNPLA7	-0.6131403198457213
PAK4	1.1668229620100936
MNX1	0.13497964580747918
ZNF337	0.8829390267922176
CEP85	0.7317384624708522
TAF4	-0.12257227483582071
RBBP8NL	-1.011267095685423
LAMA5	1.555830324686105
OSBPL2	0.24109387919172917
ADRM1	2.236734480738375
ASS1	0.8350266386280685
EXOSC2	0.6870241257345748
POMT1	0.6133927125982964
UCK1	-0.20320892313503153
PRRC2B	4.0550384280925424
CHMP2A	-1.1287706530625923
UBE2M	1.4987719370659611
TRIM28	4.469323725202077
YIPF2	0.6608156056015051
ATG4D	0.6367824577598038
EIF2S3	1.252889020528246
TMEM160	-0.2105836735299761
ZC3H4	-0.04006317815127394
MAP3K10	0.05159481643295351
ARHGEF16	1.5030957018348619
LRRC47	1.2834108129730777
SESN2	-0.9782804975341138
SMPDL3B	-0.33063986727463407
MED18	-2.1647315324189798
CLIP1	0.24867504107158142
HIP1R	1.9780774046393534
ZNF317	2.689560601944515
EIF3G	2.1905322246554575
DNMT1	1.0943673794049853
ZNF426	-1.3075435528484514
SLC6A8	0.9150305071982819
PNCK	-4.5368071974603295
DKC1	2.035508747129954
PLXNA3	2.517616821372154
MPP1	1.2602202271306868
ZNF331	0.586796689328547
ZNF236	-0.36481892767405716
LRP3	2.337096471922775
NOL11	-0.16442604791006243
UBE4B	1.0849747824008773
CASZ1	-0.01155535381703978
HABP4	-0.26493500386637314
SLC35D2	-0.7781052269383074
PRRG1	-4.357176066963313
UBA1	3.698122593820681
TXLNGY	-4.533661027827157
PPIL4	1.7690089378747276
AKAP12	1.602687600608428
SYNE1	-0.15219861073466273
LATS1	0.826635604835315
AAR2	1.6904768306923663
RBM39	-0.02282323787099297
COX4I2	-2.4880525239059073
ZNF341	-1.6789899603690968
GGT7	1.0978443711883497
ACSS2	-0.8467925839410645
ARHGEF9	0.9368246624928753
C1QL1	1.7585571343413928
GFAP	-2.8116591916463896
ATP6V1E1	2.1184027615720415
ZNF227	0.3910479623172989
ZNF428	1.1728558584412005
ZNF141	0.6595576594205985
COX4I1	3.5393551607454783
EMC8	0.07950136112127587
GSE1	3.4950154609369286
GINS2	0.11974085842205301
CHMP1A	-0.969169546206865
SH3BGRL	-1.1389440095708865
COX7B	0.7716953984972268
F12	-3.360904426098062
PRR7	-0.07537778593261286
NFATC1	-2.941588306239268
CAP1	2.6862630561565615
PPT1	3.6405484221013014
RAB11FIP4	2.4964975669959
RLIM	1.0893430941211037
ABCB7	0.6498675622731929
TRAF3	-1.445115929877661
HAUS8	0.20015266802845744
MRPS25	-0.4834333185294752
SH3BP5	0.18066215423810494
HACL1	-0.10709822352356933
TBC1D5	0.017429280765881794
CAPN7	-0.9664179805838209
RFTN1	-2.795952047959249
SLC6A6	2.782631101003274
KCNC3	-2.3449060750494612
NR1H2	-0.8999223123940617
PDLIM4	-1.4349744114679945
KIF3A	0.5274768838150755
MGAT1	-0.17766989925047136
GFPT2	-3.40615781452316
TUBG1	1.9992132733819117
PSME3	2.999936015005487
RPL27	3.1771951581297997
PSMC3IP	1.3864745474831235
ACLY	1.9633137823094282
VPS25	1.7917646332793609
RAMP2	-2.1571056314795842
NDUFA2	0.791811567245657
DIAPH1	1.6099817852339064
NDFIP1	2.168321373146897
UBE2D2	-0.4174237687305016
EXOC4	0.4302733398157365
ACAP3	1.5528511926266984
C1orf159	0.3427880015349156
ANO1	-1.985066414439598
PPFIA1	1.2926056669704162
THOC6	0.6040737564051847
TRAF7	0.33820400346450136
BARX1	0.27364464074377054
NINJ1	-0.7045256483275801
NPHP4	0.974441295015294
MAP1B	4.633299601891528
IL13RA1	-0.2943232243396599
WDR44	-1.2410650748845482
ZCCHC9	-2.2093678751136125
TNS4	-3.7531933492989813
TOP2A	4.666328412226994
STARD3	1.7748286666526376
RARA	-0.5479405486044923
PPP1R1B	2.5406541821870685
KHDRBS3	0.5993738966282228
CHD1L	0.8867897538562098
PEX11B	-0.07790799727476955
FMO5	-3.359200997312854
PIAS3	2.641524870035811
PRKAB2	1.1412544463828531
CLUHP3	1.025782130787576
PDHA1	0.043675108924951196
RAI2	-1.8651419900731132
MCCC2	1.0169559163194137
ZNF304	-0.07933017561165627
ZSCAN5A	-1.3720150992258378
ZNF132	-2.9233304349616445
CHSY1	0.742765336695604
SNRPA1	-1.9749419050971724
LLGL1	3.3910505284219483
NR0B2	-1.4753709228263836
LIN28A	-4.7364435214982015
THAP1	-1.5626338146505345
RHPN2	0.24247214251318838
C19orf12	0.8949963110560407
LRRC9	-2.4637856729112264
ACTR10	1.227951813265896
GCH1	3.9260633019518916
LGALS3	-2.343324250465254
DNAJB1	1.5423037624984115
ZSWIM4	-0.31532320645195344
FBXW9	-1.5394859136503654
DCAF15	0.7189150848513356
CC2D1A	1.5654575237878863
RTBDN	-0.9863472834290787
TRIM21	-0.9906536061293217
SPATA6	-0.6481554244876316
LRRC41	-0.9407600732855275
DHX30	-0.443441470183677
RAF1	0.7199239867736306
SLC6A11	-5.981739028928149
NUP210	2.7408460507654264
HSD17B7	-0.617434551230309
ENOSF1	0.8740107237623816
EMILIN2	-0.9357762091976759
ARFIP2	2.079990865598506
CNGA4	-4.938193041936823
RRP8	1.396718228913552
TIMM10B	0.9487989683467082
EFR3A	0.913544621820434
PTCD3	0.0159613116774853
IMMT	1.7070531928236627
MRPL35	1.1148632389548823
IQCA1	-1.04161254656391
ILKAP	-2.6273694258892775
PER2	0.6682560485620268
RAMP1	-2.441554966103385
RAN	1.0355160845281075
PRKAA1	0.6095773015435766
RAP1GAP2	1.1212876278599941
CLUH	1.8902148327234813
INPP5K	0.5321022873777534
MYBBP1A	0.5286357722363058
RPA1	2.4300183584087476
UBE2G1	-1.255417111599561
EEFSEC	0.33156658931647964
TBC1D14	0.9310108339702174
TMEM128	-0.09612328122659071
COQ3	-0.5560425880366746
PNISR	0.4947452206711537
POPDC3	-0.8277527555897586
SEC61G	0.7656030134403412
LANCL2	0.7810142439088269
FIGNL1	2.2094716687905755
DDC	3.01571147754113
GRSF1	1.847025299948613
ANKRD17	2.0161640250999566
UTP3	1.734175501070165
WBP2	0.44780097831209004
UNK	0.19406939328768075
TRIM47	1.3497649970013224
ZRANB2	2.499150641430523
EIF5A	-0.06421245340049136
KDM6B	1.450955590129863
GPS2	-1.6139064673608707
DLG4	-1.2355593229288324
VPS13B	1.5739815968426452
MATN2	-1.258568174585113
REEP2	-0.002232498104850118
PCBD2	-1.198913442108971
SDF2	-1.2968640926502595
FLOT2	2.8930683568934574
ERAL1	1.2550858473040045
PRMT7	-0.5868628895713456
NIP7	0.5639725893635832
TERF2	-1.1564623610714062
VPS4A	1.4231996083422325
ANKEF1	1.8167474699591255
PCED1A	0.5473557234005209
SNAP25	2.1517092510445934
BTBD3	2.124848731924805
PCNA	1.7331237731335452
NXT1	0.26231310752016906
POLR3F	1.4189949392128325
RIN2	0.1714904074936316
PTPRA	0.841495100235397
DAP3	0.3573473565670055
NES	-0.3105034235244787
ARHGEF11	1.5402458622540731
RAB25	1.6602224583559415
DCAF8	0.053498964430537935
SYT11	2.0656101972568135
IGHMBP2	0.13246762739821458
ALDH3B2	-2.7283970641338087
MMACHC	-0.15523231806437443
DPH2	0.7275503462910348
TOE1	0.1020291273962193
NASP	-0.06914017439220564
MUTYH	-0.0756181794697389
CTNNBL1	1.3815073298764293
LPIN3	-0.4701070868796116
ZSWIM3	-2.205013087857885
RBM38	2.259253517109001
VSTM2L	2.0064948017689073
OSER1	1.359131278727253
SERINC3	2.5551149527710324
PPP1R3D	0.04311030229673707
AP3B1	-1.6506475205536584
ZBED3	1.4918891988492653
KANK4	-2.413577957395933
SYT4	1.5751775979489637
FBXO44	-2.1057055983425714
CASP9	-2.2303523683286333
DCTN4	0.6196791451003213
ATP8A2	0.08395861000674493
MTUS2	-2.2375683343739614
ZMYM5	-1.616473762964146
USPL1	1.16682427928756
XPO4	0.7443164786672597
POMP	0.876774038575021
CDK8	0.9538609902372885
HMGB1P5	5.3192514120122345
WASF3	1.3034259779151245
GPR12	-1.0196335512672674
MYH10	1.5253253674657292
PEMT	1.8870574625635774
SCO1	0.6449532946752806
MPRIP	1.8918804271517018
PIK3C2B	1.3290768029138946
DSTYK	1.1308639378594054
SLC41A1	3.6348525124377185
LGR6	-0.04932710147660247
TMCC2	1.3468241340653486
DCLK1	0.7272199732922843
CCNA1	-1.0804625434480868
COG6	0.2706218557610628
EPSTI1	-3.799208926685513
POSTN	-1.639206523065067
RFXAP	-0.599554837139649
TPT1	2.2569688002215154
GPALPP1	0.6557780499497947
KL	-4.200301557448923
RFC3	0.5957666998527487
STARD13	-1.2963151824010533
MORC4	1.0033687348750306
BEX2	1.3814819120067017
TBC1D8B	-4.314658910596377
TCEAL4	2.36733745876377
BEX1	3.1944322555268974
SLC39A11	0.3022168293544756
EPHB2	0.3118963946717636
SRRM1	0.42142559839383403
BTBD2	1.7030031386296938
ZNF414	-1.1662957733250852
PDE6B	-1.3119951025753451
HSPBP1	-0.19282512115759448
CSNK1G2	1.1320425327231562
CNDP2	0.7534894212094815
MACROD1	-0.25433650017839715
WDR74	1.0831577024827166
RTN3	4.2763074683900815
MED10	1.3471204908487238
PDZD2	-0.8658787308636526
MORC2	2.0210139360786443
GSTT2B	-1.1166904608997736
MYO18B	-3.5602705123892058
SLC2A11	-1.101316054811275
C1QTNF6	-1.171345063587287
FAM83F	1.2341608384049356
ADCK2	0.06795655683008792
MKRN1	1.0431174169893567
AGAP3	1.824292287259805
KRBA1	-0.25450843326428735
ZNF767P	0.16843481986637981
ACTR3B	-1.8409568399790677
NTS	-0.7938142033722578
BTG1	2.7874130040492866
LRRIQ1	0.6380385038978067
ATP13A3	1.842746395771065
DYDC2	-1.864032737428584
TMEM254	-0.4351347374515307
TMTC1	-0.2284112278744513
KRAS	2.3013698188657217
IPO8	1.6484244608004859
SPINK5	-0.42260871487297935
IMPA1	2.0805637156368038
LRRCC1	1.1199733347338314
E2F5	-0.06985799174425344
CCDC59	1.2417891440404059
SWAP70	1.744681059828851
AMPD3	-0.5807202572303953
SBF2	-1.2127770223234577
MICAL2	1.5579474244365497
RRAS2	-1.7653106876528457
HSD17B4	2.8499990905969295
ZFC3H1	-1.050950077588443
TEX15	-0.9153145270865894
SARAF	1.041890612774017
RNF122	-0.8800603796016307
DUSP26	1.5631948987237825
DPF2	0.056856907744266744
MEN1	0.8738182960187454
GSC	-5.680409553356532
UNC79	-0.6589694095008638
NUMB	1.0897186096628473
COX16	-1.7712050794187395
TTC9	0.6905325925016902
MED6	0.4813841482981149
EIF2S1	1.7387409971481984
LOXL2	-0.3728589888714786
ELP3	0.736093526326931
CTIF	0.10683987165588041
MBD2	1.3163253559138743
IER3IP1	1.1464408536863797
CCNB1	2.5400615167163165
CDK7	-1.866750568508046
CAMK1	-1.5244073413955814
THUMPD3	0.43224223212780216
VHL	0.4875607334929844
BHLHE40	-0.10398989645399095
ARL8B	-0.042103501820090344
EDEM1	-1.0650988905275567
CHL1	-1.3986404059970612
MEIS2	0.6573097237627569
DPH6	-0.3801231575871372
KATNBL1	-0.8302673988191653
EMC7	-0.38974340011349545
GSTM1	-3.344474808430018
PRPF38B	2.6560535125567237
TSPAN2	-2.048923570074204
GSTM3	0.2618917315261424
SYT6	-2.311489559839126
VAV3	-1.8105696095981902
PSRC1	1.5841484813363265
SORT1	1.9152636978528175
PTGFRN	2.307147553806449
LAMTOR5	1.7882796984032738
NOTCH2	0.8804910215179446
TRIM45	0.3325158910574697
CEPT1	-0.6367019505382567
NGF	-3.94965321427175
AP4B1	0.39901307575579503
NAPG	0.19934376812539
SPIRE1	-0.5324280459038743
PPHLN1	0.397453415950366
FKBP11	-1.009404595475425
ARF3	3.4162337408582513
TMEM106C	3.255577514962013
SLC38A2	1.9798935461762006
PLEKHA8P1	-0.7899758197232867
YWHAQ	3.7784454969575867
KIDINS220	3.0263530703743893
GRHL1	-1.6633487529994258
ROCK2	1.0723434165861994
RSAD2	-2.2978698603494325
LPIN1	1.6018238767459472
CMPK2	0.5019264538819757
IAH1	-0.8999026106122132
LDHA	3.260734873989374
IL6ST	1.3369485985123961
FST	-0.13995191123533304
NAV1	2.8525619637921062
CDC73	0.5992355061194196
TIMM17A	-0.054721192540391955
CRB1	-2.9908690550320958
RPS15A	-0.12849015137010275
RAX	-4.409595870896708
GRP	2.22354461920336
RBM17	2.5873908442670235
ANKRD16	-3.280426403151089
ECHDC3	-1.112767287161509
CCNH	-0.45104969664534483
TMEM241	0.29741134774470823
KCTD1	-1.0871654098216188
CABLES1	0.38544152344907895
DOCK2	-2.373091436472514
SOX5	0.11207771719326275
RERG	-2.3350753535719857
SPX	-2.332576881954008
LRP4	-0.11269017008578486
DDB2	0.6473746890323215
ACP2	-0.08076222888386127
RBMX2	-0.13431972177187648
PIWIL4	-3.778406237280177
MTNR1B	-4.362501529163594
PUM1	1.0376565587973916
PHC2	3.3727101285986154
CDCA8	2.3401984149928947
GNL2	3.2108722828485137
AGO4	0.7906141943983434
HOOK1	1.8393110259950247
CYP2J2	-1.290861834017028
BTF3L4	1.3201707921343802
PRPF38A	1.9867195756516887
DSC2	-5.191698860717799
RNF138	2.0215839641311164
ELP2	1.611293424201172
DTNA	0.3053598140597011
FHOD3	-0.9131734900498918
TPGS2	2.4823731712818353
DAGLA	0.8376105907752687
SLC43A3	2.0561149954860096
TIMM10	0.6278490319623823
DHX34	-0.19808322172430687
FADS2	2.662935457680667
TMEM258	0.7933924029676537
TMEM165	1.11997994561839
CLOCK	0.4095563264165218
GGACT	-1.527668258751752
COL4A2	-4.076250544904596
DZIP1	-0.21802491757978787
UBAC2	-0.1791635194604483
ARGLU1	0.7270897292328126
BIVM	-0.4022133628557422
ERCC5	-1.0358432337340315
TPP2	1.2167131846809485
CARS2	0.7573316780983589
ARHGAP32	1.489218076113017
STT3A	1.9325718078761323
ETS1	-0.08908791701976171
TMED7	1.5178443566630941
APC	1.2201444567541968
NREP	4.836476483692769
WDR36	2.079863314769051
OSTF1	0.38420245979652945
RFK	1.6583836557984508
UBQLN1	2.1827672354442074
NAA35	0.541791026966454
C9orf40	-1.450095453426212
ANXA1	-1.1008167134692945
AGTPBP1	0.4802842741322117
GOLM1	3.2976824411151378
PSAT1	2.6402519372907567
ISCA1	1.3780425934511928
ADAM19	1.3989967984483282
CCNJL	-1.2886133592276217
TAOK3	0.10807858893353502
USP30	-0.585462339074891
MSI1	0.5512623528406275
FBXO21	1.9516297386640922
TBX3	0.05625384603211973
HRK	-1.6152622119048183
RNFT2	1.6493958030195897
P2RX4	-1.463013407506553
DTX1	-0.5479661685732486
TRAFD1	0.7521413963263115
DMTF1	-0.10935171078675203
TMEM243	-2.1374642164441644
CCDC146	-1.7411427062321647
TMEM60	-0.5908908076946748
CD36	-2.0888966000661204
PNPLA8	0.5548522511392018
HILPDA	-0.13919426547849098
RINT1	0.3381502357443972
SRPK2	-1.4140498621740107
TES	-0.15632938325615722
MDFIC	-4.6590228111731005
MTO1	-0.5491980769885133
ANKRD6	1.4825304992256816
KHDC1	-1.5460144060383356
CEP162	-0.2482933055116226
SYNCRIP	2.5215527907162856
SNX14	-0.2947653377386562
MRAP2	1.0887877432747979
EPHA7	1.3817016568923484
AKIRIN2	1.4300439694487603
ORC3	1.1146787072913453
LCA5	0.5152839503115161
MAP3K7	-0.17498485115630422
PRR5L	-1.5198281037481172
LMO2	-0.8641279104095151
PHF21A	1.0291430036632803
NAT10	1.2956379971973793
EHF	-0.09375042392577959
PRRG4	-0.7462143230168043
CAPRIN1	2.5857817791793924
DNAJC14	0.6994657328860009
CD63	3.3407032271344836
PRPH	-0.9930348886012867
AVIL	-0.331257444872055
GDF11	3.025934512830401
GLS2	0.027228264695114628
ITGA7	0.17318540358249482
AGAP2	-2.0769636391563244
BLOC1S1	-1.0603665529183277
KRT85	-2.7362842819641475
CDK4	2.3105207263679794
PPP1R1A	-4.930686998915824
TROAP	0.7072665898151526
TSPAN31	-0.7720809837710884
B4GALNT1	1.199441493603139
TFCP2	0.20704143862640176
COQ10A	0.7506358614569727
FAIM2	0.16283726810015783
PAN2	-0.019238494088415718
ESPL1	0.9547267647988467
KRT7	0.711257266061467
ZC3H10	-0.35406423238467605
HNRNPA1	2.7480938775637545
ACVR1B	1.6749480026004893
OS9	2.1429726703603236
KCNH3	0.9759122848543398
LTV1	-0.9913173162418711
MAP7	0.9867310689784418
CD164	1.7305739871966566
NHSL1	2.9654150330698807
AHI1	0.2615087346580421
HEY2	-1.2473172343697807
PKIB	-1.7561560396980973
SMPD2	0.5510752138702557
MICAL1	3.0415571904438687
REPS1	1.7256038525507784
TEC	-2.904964463363349
PRADC1	-1.0643454516918283
SEMA4F	-1.091422002526168
CCT7	1.7120439948891686
RAB11FIP5	-1.9820237573765092
SMYD5	-2.420519357253654
DYSF	-4.0877403484988335
CCDC142	-0.7411941666677131
EMX1	-2.5049373125244365
KCNMB4	-0.9108927621054337
USP15	0.03710775018894136
GNS	2.287120738898778
CPM	-0.9448981399131704
MDM2	2.9094051488897135
KLHL36	1.9204810022228136
MPHOSPH6	0.003210792968861917
KIAA0513	-2.2913751059039402
DYNC1LI2	2.0808821232463846
FHOD1	-1.4016553488544123
AGT	-3.318987445879799
KCNK1	-1.825201026623836
URB2	-0.03485614881364314
EGLN1	1.521247294926291
CAPN9	-0.636385351600938
COG2	-0.14449412843795395
ABCB10	-0.12044490603270058
NTPCR	0.4239883279638089
TAF5L	-0.32269139671196373
GLUL	3.632625708750671
STX6	2.0392117816635906
RGS8	-0.9302155411286938
RNASEL	-0.08254134757972591
DHX9	2.42508001600393
KIAA1614	-1.0889727674357368
CEP350	1.1342121826078166
NPL	-3.117860084384002
PIGC	-0.07380063949185693
LAMC1	1.4131549932022227
RC3H1	0.9885819593008814
SP110	-2.331423655227221
MRPL44	1.7404322129464191
PAX3	-2.6645204550350057
DOCK10	-3.259822533581205
TTLL4	-0.7085693040730603
USP37	0.2837552916336231
ITM2C	2.834495564321344
SERPINE2	-0.6047864053619775
DNAJB2	2.8082296694737408
WNT10A	-3.1975598666242435
TMBIM1	-2.8011824369238667
CYP27A1	-1.2692916659789004
EIF4E2	-0.5527384127251819
ARMC9	-0.8562590532097712
CAB39	0.6925084456305906
COX5B	2.223651135030692
REV1	-0.4490274547950514
TSGA10	-2.425349691564381
MFSD9	0.7823338319778528
TMEM127	0.4836760336189774
TGFBRAP1	2.80879514895709
GCC2	0.8133169965094862
MRPS9	0.3825065414932707
C2orf49	0.2673786555482298
ANKRD36	0.11443806761128565
EPC2	-0.1849067533804236
ARHGEF4	-0.5152701347799976
ISCU	-0.04707457071542736
ALDH1L2	-1.7070176250839164
USP44	-3.5101093305980458
SCYL2	0.9243260907463062
CKAP4	1.5689186085202942
PLXNC1	-0.1802032482003325
APPL2	0.0676865405632815
PWP1	1.198374586889492
DRAM1	-3.1653985670847873
SLC41A2	-1.4046374322982293
FLNB	3.333662402338281
NEK3	-2.5788285670787428
PCDH8	-0.8463594151107416
VPS36	1.930342557405332
RNASEH2B	0.5992743611428617
CKAP2	2.39463224422629
TBC1D4	-2.1078918559899766
BORA	0.30661211970165075
LRCH1	-0.4878850912233119
SUCLA2	-1.0331892056113707
RCBTB1	0.8749868753923161
MED4	-0.30281719457953776
PHF11	-1.9127518475874976
RPL13AP25	-0.5549087076659955
COG3	-0.6593281616413884
LMO7	1.311771278140044
ITM2B	1.6702474239819909
SPRY2	-1.0336326420068906
NUDT15	1.6325035441912337
RCBTB2	-2.2606477024466325
LCP1	-0.35464320207701183
SETDB2	-0.2735525411622242
SCRN1	1.6097990737885408
TNS3	0.8330262264039691
CHST12	-1.5009498368843646
IGF2BP3	0.9998993392234679
GPNMB	-2.7245899509447753
RAPGEF5	1.2756029304890657
RAC1	0.971716765989077
KDELR2	1.2931224947018256
ZDHHC4	1.0583602426043597
BZW2	1.7384479489196158
DGKB	2.0512829186403017
TBRG4	1.2433066285868313
DDX56	0.5285012874296474
HUS1	0.14336625089563118
NACAD	-2.3011285429955146
DBNL	3.2647429202434797
CCM2	-0.37537034656119544
TTYH3	3.1450025907283536
CIDEB	0.9660447408187665
TTC5	1.0610512005344062
NKX2-1	2.149433814005428
ZFHX2	-1.110179063015684
ADAMTS7	-1.8031678817521068
ABHD17C	-1.0674446181464803
IREB2	1.4838857521499438
ALPK3	-0.6833832768922965
CIB2	2.2779767502458323
CALCOCO2	1.2226788261751966
RSAD1	0.724627339431636
NMT1	-0.4321295050327285
SRSF1	1.185354092765322
VEZF1	1.9843833740846546
CHAD	-2.2028577097994546
TACO1	-0.7676214388632209
TEX2	1.1767956206785903
DCAF7	3.2363248407762577
LIMD2	0.6621997367847731
BRIP1	2.9181217624987723
KAT7	-0.2709425704721348
ACTL6A	1.8494707160313935
NDUFB5	2.0289274325419995
MRPL47	0.7353035075475257
TRA2B	2.003005148397887
SCN2A	-1.0381233656669229
TBR1	-4.7999086380560305
GALNT5	-2.4897560056738945
TANK	-0.2784777909659443
BLK	-3.4906313747448903
SKIL	1.3371410999789888
VPS45	1.1815192297059045
KCTD3	2.5539191042384712
RPS6KC1	1.496806515798897
SMPD4	1.6255999452161316
WDR33	0.3139715342318926
SAP130	0.7182528316311316
BIN1	-2.6978012268569347
IMP4	1.512180847900722
HS6ST1	3.0037848627778128
UGGT1	2.0037719070664015
GYPC	-4.7930963922516225
STAM	0.7526254460233016
GAD2	1.5225816938625107
ABI1	0.6324983196531431
YME1L1	1.7817859469265624
DNAJC1	0.2856565123614285
NIPSNAP3A	1.275670715370176
LRRC8A	1.8482001602719054
CDK9	0.28881607190116637
TXN	2.3181948411043902
ODF2	2.1777494194813087
TOR1B	0.0061396046022785325
C9orf78	-0.12109949616833436
SMC2	4.589835611893549
KLF4	0.005875425880316681
TOR1A	0.6494654185771096
RALGPS1	-0.34265944711557556
ST6GALNAC4	-0.07410779954747398
TMOD1	0.4813386177084613
DAB2IP	1.685983950957486
STXBP1	3.096149697197842
SLC2A8	-0.7709829295208458
ANGPTL2	-1.811874104580286
CDK5RAP2	2.152271733015151
ZFP37	-1.4944089282195883
SLC31A1	1.2909372042389746
ZNF189	0.05304198916889673
STX17	0.9708508654558955
PRPF4	0.8091590815335566
FPGS	0.2941432069384634
USP20	0.5770710640711373
KIF12	-2.082680208795068
ATP6V1G1	3.2529137600664817
TEX10	0.8243142041452912
GARNL3	-2.853246575011826
MRPL50	1.102703498782514
DPM2	0.8971661638338515
TSTD2	0.5682060327973789
GABBR2	-0.7694434542084221
PSMB7	1.5511794309590978
RABEPK	1.737832715841867
GOLGA1	0.6562898877569591
XPA	-0.23859104686005045
NCBP1	2.0644648688078906
ANP32B	2.200910714244941
PDCL	1.9699355308725655
RPL35	4.091263545004202
CTSV	-1.1088350198217676
ARPC5L	0.4111893839384416
ENPP2	-4.65395431519528
DSCC1	2.019137108585045
DERL1	1.3587140332193817
MYC	-1.2214004800551546
RANBP6	0.47176201422816383
POLR1E	1.257615349853714
PLAA	1.8615393289483646
IL11RA	-1.1308835158593973
UBAP2	-0.34368720068293945
APTX	-1.1503676427880067
RNF38	-0.22675168985847305
TLN1	1.7622261444132716
SIT1	-0.7448248315336455
DNAJB5	0.4019686069153325
DCTN3	1.3041745448538877
TMEM8B	-0.3286059439281583
GRHPR	0.985349027395049
ALDH1B1	0.13507370844249644
HINT2	-0.16808538097455553
ARHGEF39	1.4798575872867443
IGFBPL1	1.667431073453635
DENND4C	1.3081670257157483
RPS6	3.696662512767607
CNPY3	0.8809067818055872
FOXP4	2.957077725456494
PPIL1	0.7103676369849665
KLC4	0.8094938381068607
KIF13A	-2.6308317181451106
ZSCAN9	1.4293790821427081
PIM1	2.550268548192597
GMPR	-1.5639348572139684
CMTR1	1.7533675423437327
TFAP2A	1.9722259584947253
YIPF3	0.13738206187916885
TMEM14B	2.235911327243529
TMEM63B	0.9098080444503026
FRS3	-1.6118251151956293
TJAP1	1.528668642430071
KIAA0319	0.5642691833838358
SLC22A23	0.6972355252874017
TUBB2A	1.142051639456349
LRRC1	0.3756695344144353
BPHL	1.6157547340682286
RIPK1	-0.046780265228610035
TUBB2B	4.022824057096158
UQCC2	0.3728170853791615
HMGA1	2.7334908789574555
TCF19	1.0322270197200043
FLOT1	2.636901683425925
MDC1	1.4937380818017225
PGBD1	0.9197685075699222
ATAT1	0.269722781866652
TPMT	-0.2684196627616115
RNF144B	1.664753603546951
NRM	1.8940667573829588
MTCH1	1.723030445420639
VARS2	1.2796850425515203
TAF8	-1.2987321859420273
FAM8A1	0.2550854391920338
CPEB2	-2.136584832398253
FHDC1	1.9708688340370122
MYO7A	2.4616757071600155
FCHSD2	1.1263011241590601
ARRB1	-1.615907733015358
ANKRD42	-1.2481382026204524
IL18BP	1.2428278078584256
NUMA1	3.1509749139721466
CCDC90B	-1.2675063957764188
SYTL2	-0.6222036926476343
RAB30	0.18738159437879348
CREBZF	1.8880299476288573
PRCP	0.8062179162145587
NARS2	0.1645255997407213
RNF121	0.23102459129612526
MRPL15	1.282272883741286
PI15	0.1070698232877615
GGH	2.046246019650732
SLCO5A1	1.1929692161911476
SULF1	1.3575540670466686
TGS1	0.5752576580601304
SDCBP	1.44334271494251
NEK1	-1.3029606358473276
DDX60	-1.197304381156772
SORL1	1.9391201818832962
TMPRSS4	0.9463044958846533
BUD13	0.5514311952302697
DCUN1D5	1.0372443360594208
YAP1	-7.223362190707079
TRIM29	1.3111844577305287
SLC37A4	3.1179180490967044
POU2F3	-2.920299651025103
RDX	1.441879881758163
PPP2R1B	0.321355711695369
FDX1	-1.021654543161305
FXYD6	4.261188763464871
ARHGAP20	-2.331098827430907
ALKBH8	-0.7230562984790809
MAP2K5	-0.22558336345609045
UNC13C	-1.928379244053367
CTDSPL2	0.9306886984557269
SLTM	0.314698691168002
THBS1	-1.0081881577600764
MAPKBP1	0.224602519829764
NUSAP1	1.8917336918935412
NDUFAF1	-2.3461100117985927
KIF23	2.08654055498329
HAUS2	1.2610757634813072
RTF1	0.4856838693346523
PARP6	0.5189206782587569
RPLP1	3.4575021087566484
PAQR5	1.299105903554312
LRRC49	-2.7697251182111904
TUBGCP4	-0.28528531640504345
RMDN3	-0.855948209383027
UACA	0.9339936874582976
SMAD6	-2.6102435294618376
PLCB2	-0.558252134993091
TMEM62	-1.6291648874418307
ADAM10	-0.36698826484070735
DUOX1	-3.6373726793491414
STRA6	1.8107525801142996
ZNF280D	0.006790080938556556
SEMA6D	1.298938834931759
RSL24D1	1.317418786634379
SPTBN5	1.2349930641509124
GCHFR	0.2496377062328639
BCAR3	-1.095559209420721
TTLL7	2.201266629226682
FNBP1L	3.1133371544023114
GTF2B	0.4284280396666778
RABGGTB	-0.7362869821228258
IFI44L	-4.87550532982446
GIPC2	-5.271784841800981
IFI44	-1.5865525164383754
SLC44A5	1.2789070601986816
RPL7P9	4.517118699880747
DBT	0.6179646946114289
RTCA	2.302642720643818
IFT172	-0.08116736709006366
HADHB	0.15854385166575144
KHK	-1.2758625585579793
ADCY3	0.8289210206902433
PPM1B	0.8058336108794841
PNPT1	1.5824691100870703
DYNC2LI1	-0.07600523425100426
THUMPD2	0.6496142805957641
RAB1A	0.6943454461238457
ACTR2	2.398688418882295
PREB	1.4276530156378344
SLC5A6	-0.005572261479697184
PREPL	1.6535472671182863
EMILIN1	-1.8933314760926256
FBXO11	0.23298432731593788
SIX3	0.1433420068253978
ATRAID	0.6504295218067611
CENPO	-0.38554418934096746
LRPPRC	2.39544540792574
DTNB	-0.2248386445137126
ACTR1A	-0.4744943965802775
MYOF	-2.833183047790257
LOXL4	-3.5668526625954495
STAMBPL1	-2.881981379205442
ATAD1	1.592384207290758
KIF11	2.48213023141545
TACC2	0.5657012280480175
DUSP5	-2.7292069540587227
CALHM2	-0.43462374651711244
ARL3	2.09423719470014
CEP55	1.058187374049802
KIF20B	0.6772792585468809
EXOC6	-0.5207853087657334
PLCE1	-3.8897119461555727
RBP4	-3.8604276460304083
DBR1	-1.4766198422865195
DNAJC13	-0.05232945792994068
ANXA7	1.1256827783074226
FAM149B1	-0.5708743991544675
ASCC1	-2.342498594770899
ADAMTS14	1.8686253113866071
RPS24	4.124935518214347
TET1	2.2733764834242045
DNA2	0.21208891218191017
ATIC	0.7174516932614768
SMARCAL1	-1.2249818517251643
BARD1	0.9721021736075183
CARF	-0.9636134765620972
ASNSD1	1.7636995271021005
METTL5	0.07991242414039584
SSB	0.2661457980637323
NAB1	1.713287032945436
PPIG	-1.288042089084383
FASTKD1	0.0414990376133435
HECW2	-1.191254356294919
IDH1	1.411350481001725
OLA1	3.628507855635276
CIR1	0.4581876683156142
CHRNA1	-1.0781665871208352
FAM117B	-1.0963185655642458
WDR12	-0.5082623631089702
ABI2	-0.3561985131727753
ITGAV	0.6177902485524401
SLC40A1	-1.9820135738000155
SLC35A5	0.8307799346538165
SENP7	0.3990151859109714
COX17	-0.11369844592745613
PARP9	1.3282599161353958
MNS1	1.6298655645212554
USP8	-0.5655628226156896
SECISBP2L	1.0973266136167008
TMOD3	1.1773698530393426
SPPL2A	0.7644785168024294
GLCE	-0.11985969159566517
SHF	0.18766947669358597
APH1B	-1.4755083303155772
PARP16	-2.167416511864393
PPCDC	-1.3326356090142115
HCN4	-1.6379872284152504
UBL7	-0.5721520166815282
ARHGAP24	-1.7324628787498542
FAM13A	-0.2089107575982919
HERC3	-0.7070203832409402
HERC6	-0.48274293307670507
HERC5	-1.4812244841123563
PCDH10	-2.647448121683828
NDST4	-1.277184213372619
ZGRF1	0.5211628830199707
AP1AR	0.3183333111328425
COPS4	-0.7724644853531192
HNRNPD	0.19037821565321122
PRKG2	0.20885524859067753
RASGEF1B	1.2870204451567344
SEC31A	0.7987607093465817
FGF5	-2.354785011938947
FGF2	-3.23119173152108
BBS7	0.1697129841960185
RAP1GDS1	0.4590591955692684
LARP1B	-0.40869294463512806
PDE5A	0.20862975198262768
PRDM5	-2.1203954671929774
NAAA	-1.841470907498314
NUP54	0.053315764760704584
BMP2K	0.3830925651745305
G3BP2	1.5388018806229866
FRAS1	3.3708379849082695
SCARB2	2.4704690055437637
CCNG2	1.7806614389091855
CNOT6L	0.9895787572916515
USO1	1.359121046498573
CDKL2	-1.8444093694140853
SHROOM3	2.469472448623154
ANXA3	-4.081805258908437
PPA2	0.5012816382206413
CENPE	3.420491063969324
GSTCD	-0.04724912239666892
INTS12	-1.015425005735968
ENPEP	-3.9655025401445534
CASP6	0.26553700768993577
LEF1	-2.0821659732412354
HADH	0.8951663023523353
PAPSS1	2.4665075560085636
SEC24B	0.3413976352946068
PPP3CA	1.6977627433986444
SLC39A8	-3.0441589102507582
FBN2	-2.08265504444826
MAPK8IP3	1.2736881111904
RGS3	2.40082667184129
GUCD1	0.980683327113048
RNF185	-0.004596090569380288
PARVG	-0.9645295864128708
B4GALNT3	0.3835040838334118
ETV6	1.4885032940229699
GABARAPL1	-3.2103137648415885
KIF21A	0.6238020013195033
YARS2	-2.0367783476622243
FGD4	0.06211479803613031
ALG10	-0.24180697679807528
AEBP2	-0.3846342656140069
ETNK1	2.08623227089759
ZCRB1	1.4550152924756903
TMEM117	-3.7184976569514743
PRICKLE1	-4.090846891601262
C1RL	0.4257257601585347
NDUFA9	-1.0875019428317725
CLSTN3	1.2285291341265965
VAMP1	-0.5473035776155248
TAPBPL	-0.5128361296054216
PEX5	2.1721357251625064
PIANP	-0.9560645417476739
SLC38A4	-4.437190383064924
AMIGO2	-0.4563212070200481
SCAF11	1.6418490971101933
COL2A1	-1.519791589835444
PPFIA2	-0.8355996377078716
ANP32D	-2.3109571785695926
LLPH	-0.10442379128995742
RPL14P1	3.388950639600069
LRIG3	1.148799486143168
INHBE	2.280358568392529
PHLDA1	3.065503251456766
TMEM19	2.3912544086897505
LGR5	-2.6174487104899105
DUSP6	-1.1682234534162497
POC1B	0.6867519513481823
TMTC3	1.9700320309331363
LUM	-2.9977456036473678
SNRPF	1.7264808531906501
NEDD1	0.6022218567862266
ASCL1	3.9154378264506406
GAS2L3	1.2427376509853
SLC15A4	0.7086110252047042
TDG	0.1818892130185323
RITA1	1.5961051347731052
SDSL	-0.7268583446775605
MMAB	-0.6607374579971432
GLTP	1.268599339993748
GIT2	0.24550497183829487
TCHP	0.44182010543979056
FAM222A	0.44644997300382
FOXN4	0.302142356221145
MTMR6	-0.48412128418976347
SLC46A3	-2.1725677604238274
SLC7A1	3.130801651207359
LNX2	1.6595200843618165
SUOX	-0.3028192795182871
TARBP2	0.006857866279162221
NABP2	1.5376009649680142
N4BP2L1	-1.2449518897304894
SMARCC2	2.5726722889874836
BRCA2	-0.32591415253568684
KANSL2	1.0905616260463318
CERS5	0.31066704458320915
MAP3K12	1.205734685185647
ITGB7	-2.967659627895326
GALNT6	0.817909350227144
CSAD	0.2367048968925011
LMBR1L	0.07073888537083271
ESYT1	2.1050087270956195
TMBIM6	2.101914880693845
ANKRD52	3.416102937782385
ZNF740	2.631448643021964
WDFY2	-1.2717361205643305
HNRNPA1L2	1.0976894968491706
LPAR6	-5.410705335379808
ESD	1.9410423089889224
RB1	0.06750387060470578
SBNO1	0.5780366485609478
MORN3	-0.5518900392475546
SETD1B	2.280858175893161
VPS33A	-1.3376042433213657
VPS37B	-0.4583575533142741
RHOF	-1.596798224932503
DENR	4.627431182729701
DIAPH3	1.7486691268487038
SLAIN1	-0.6022913893867163
RBM26	0.6217318998346684
SRRM4	2.6231286920322785
MBNL2	1.415426681858204
ZIC5	1.4133040954984495
ABHD13	0.34276720600945
RAB20	-4.960091897333439
GRTP1	-4.000129376742793
CUL4A	0.21931938176138585
TTC6	-0.9725825442592035
SSTR1	-2.118643361586601
CDH24	2.5853895730639502
NOVA1	-0.21504215395499285
TMX1	2.84182803987792
FRMD6	-0.3436296391875709
PELI2	1.6787219129463884
RTN1	1.4559313157118787
SLC38A6	-1.3057921214890202
NAA30	-0.1127335217371607
DCAF5	3.0348462589333733
RAB15	1.9430965189220908
WDR89	0.5094448592850811
KCNH5	0.8555951167401828
STON2	0.8527730523757354
EFCAB11	-0.4263586967308754
PTGR2	-2.6384306142862792
JDP2	-1.328719028076756
AK7	-0.2282616738999656
FAM181A	-2.8942197940329137
WDR20	-2.9268991807038747
NIPA2	-1.7660881842831313
SLC12A6	0.15444803645934949
MFAP1	-0.04602772255707143
TCF12	3.0595064262677214
SORD	0.6255461950182698
SERF2	0.42918008219306575
ZSCAN29	-0.1896116149128922
DUOX2	-4.246726914649456
LYSMD2	-1.0340423380857857
SLC27A2	1.1387905440671697
HDC	-4.553111251733915
BNIP2	-0.2113838197121191
GTF2A2	0.6912089698372048
SRP14	2.437568037618955
BAHD1	0.673090581303628
DISP2	0.29141395242034124
CDAN1	-1.588439065975987
TLE3	1.7215094771301664
ANP32A	3.080742953499285
COMMD4	1.6681660571924897
UBE2Q2	0.23597140271495518
PSTPIP1	-1.1788827381384819
ETFA	0.9728676560450251
HMG20A	-0.254988645456646
SCAPER	-1.8683718127638982
TSPAN3	3.227450489305175
NCOA2	0.7301565101294165
NEIL1	-3.6290567348340264
MAN2C1	0.5296342503479119
DNAJA4	-0.3630852097227796
TPM1	3.102643439126066
IGF1R	1.3937578966860524
ARRDC4	-0.13915129234717316
PIF1	0.1246280622027234
USP3	-0.4083512189935188
BBS4	-1.1442794636275972
PML	1.9155883505726536
ADAMTS17	-1.9608097760769538
ULK3	2.3722849664064833
PCSK6	-5.670096888911393
SCAMP2	0.8237893533661842
HAPLN3	-2.1753870907108332
POLG	2.036399775123427
FANCI	1.8751964825202558
ABHD2	4.081099067568544
TICRR	1.5391875600416791
NTRK3	-5.600376009339943
DET1	-2.193157791346702
MFGE8	1.3119320252662023
ZNF710	0.45574301684710933
UNC45A	0.20933643522048362
ST8SIA2	-0.7049507181902188
MCTP2	1.1717253853373828
FURIN	1.421665462819687
IQGAP1	2.472884539940559
CRTC3	1.754648240634045
SEC11A	0.4446456043227497
GLYR1	0.05529374038108084
PMM2	-1.9919854482163577
TGFB1I1	-0.39891295854175646
ARMC5	-1.9443765151148344
PARN	-0.6143647440796656
FTO	0.3193128777499125
UQCRC2	2.031927263264306
CDR2	-2.652748941218741
ARHGAP17	-1.5517711810724941
MYLK3	-3.0402838167442403
NKD1	-1.1036080257637568
DHX38	1.5601487271217682
TXNL4B	0.5627108655729331
MARVELD3	-0.050817823246615865
ZFHX3	3.044628775938744
CLEC18B	-1.0650011465680427
CPNE2	1.599857143513171
NLRC5	-0.36412553468808934
KATNB1	1.224301024574359
KIFC3	-1.2709084214052944
ADAMTS18	0.7614442277628514
NUDT7	-3.3712033036688798
CMTM3	-1.6809311881365423
CDH11	-3.003115087083193
NOL3	-0.6153008961501447
MAP1LC3B	-0.7521609914099376
MBTPS1	1.3167818374988836
CDH13	-2.4467258915905394
ZCCHC14	1.434431270815929
RHOT2	1.33756478617109
ZSCAN32	-1.7009392863995654
RPS2	2.7596496030202795
NDUFB10	2.3082118322578156
PDPK1	-0.04481556111013556
TIGD7	-0.9334213357808216
DEF8	-0.28283715484679844
TCF25	1.0528015584286095
GALNS	-0.8670865163842834
GAS8	0.4301021949830972
MED9	-1.178535250388484
NCOR1	-0.23782137528436864
COPS3	-0.4310936642958077
GID4	-0.9533922805437705
ZNF287	-1.7499541529990656
KSR1	1.4471282977716446
RANBP10	0.6944451228647927
GFOD2	0.39600373456592
NOB1	-0.3441875299114804
PRPSAP2	-0.6085439278686969
PCTP	-3.436424723887236
TOM1L1	1.60624347243072
TOB1	1.501586355117525
VPS53	0.7368233044136289
SGSM2	1.3368707583704795
NPEPPS	2.2073050260750553
SKAP1	-3.5481787317323072
SCRN2	0.6547403707978751
SSH2	0.6382342463755765
RHBDL3	0.7240524873751302
ARSG	-2.2802907658668685
ABCA8	-5.768245064648272
G6PC3	1.4265812730351908
CLTC	4.37357550880052
BCAS3	1.2751691651137664
PTRH2	-0.8310176174290042
SS18	0.9649273328123724
TAF4B	-1.8454759776072558
AFG3L2	0.733437576179243
IMPA2	1.2265140926288045
GNAL	-4.511730735068273
SLC39A6	3.100970299786823
RPRD1A	1.9571593419279547
C18orf21	-1.9298360929416276
GALNT1	0.6254650370070618
ASXL3	-0.17188312264405098
ADCYAP1	1.629096401281928
ESCO1	0.5454558317524768
OSBPL1A	-0.035711799709662685
GATA6	-3.8751768125704453
GREB1L	-3.7175627767451833
PELP1	-0.3923275306107703
NPC1	0.20808208490698887
SLC14A1	-2.0242219961946413
ARRB2	0.16356644978187904
WRAP53	-0.5302499229140162
MINK1	0.3402212123978019
SAT2	-2.167860446889138
PIK3R5	-4.933758412889988
TP53	1.8407478422327854
CCDC40	-0.47724138145650064
ARHGDIA	1.481482106735711
TMC6	-0.8747872073228291
SLC16A3	-1.9006197402764518
TTYH2	-0.8540799181227625
RAB40B	-0.8111763110537984
EIF4A3	1.6764094355355739
CSNK1D	1.7399658068399484
ANAPC11	-1.0453750136645832
TBCD	2.4149079971983087
FN3KRP	0.6048644499099557
NARF	0.6852202497354307
RPTOR	1.317922277302409
FOXK2	1.8156052618496115
TRIM65	0.6420088133769231
CBX8	-0.10614305871677614
SECTM1	-2.8303846794311593
RNF157	-0.2380110340630591
CEP131	2.1227509616790368
ZNF750	-0.8577756846675091
WDR45B	1.6443456175814883
CBX4	0.5776713184504708
DYM	1.5904889637607196
MAPK4	0.3155219541398647
ELAC1	-0.8928395379852971
MBD1	1.2336804755083155
SMAD4	1.0025897224653317
TNFRSF11A	0.87918382437984
ZCCHC2	-1.780432133536184
CBLN2	-0.17461845087800634
PMAIP1	2.262481210410253
NT5C3B	-0.26006612898047354
ERBB2	-0.06284701057951653
GRB7	2.5263820454542034
MIEN1	2.287057494137218
IGFBP4	0.9921283273379986
FKBP10	-1.1100994632448404
TXNL4A	0.834333862765471
CACNA1A	1.7535155018778275
MIR1199	0.6443298246498639
SAMD1	5.08105472404555
BRD4	-0.40064917586945853
SLC39A3	0.40658755160913485
NFIC	0.5594085684131305
TPGS1	-1.0816291286740582
PRDM15	-0.3278032743830618
PFKL	3.519610002703671
FEM1A	0.6935167080682462
MVB12A	-1.5773897179840122
SH3GL1	1.1064673980246127
DUS3L	-0.2112272739565511
DPP9	0.655089642025527
CCDC97	1.6517488269155092
TMEM91	-1.7467874011078044
ZFP14	0.2642581237485948
SIRT3	-1.3481651817239597
IFITM3	-4.287518696978988
HUNK	2.2439947962199454
COL6A1	-0.4015211150486952
IFNAR1	1.8874277255354013
SOD1	2.6140867729419024
COL6A2	-2.3808029010082925
SIK1	-4.198692133518238
TRPM2	-2.1468626106812025
SCYL1	0.9648784408376799
TMEM50B	-0.23787454193938246
APP	4.120265491760421
URB1	2.4863804274856984
AKT1	2.7399800575238844
EMP3	-1.3895989646304758
SAE1	0.33726813864059607
GEMIN7	0.8276714895992441
CBLC	-3.9137244956047854
SLC6A3	-1.3116365258234906
RNPEPL1	1.7490756244348997
CAPN10	-0.13602358330753975
ERVK3-1	0.5304155197100967
ZNF787	0.07531964568247752
FBN3	0.20693112706506428
CARM1	0.03413268249550514
EVI5L	0.4831046594257581
SLC47A1	-3.4389858981469037
PSMB6	0.42633013136026415
ZNF473	0.29647117017209235
RPS11	3.7352712707285396
PTH2	-4.237495742697254
RPL13A	2.0137044367233576
CTU1	-3.475561282652075
NOSIP	1.2103529777333506
RCN3	-1.2257683795148686
ZNF614	-0.7490586860072067
RERE	2.6190140733451406
PRDM16	-4.2900047829771815
ARHGEF19	2.528221283528734
EFHD2	2.3709286588790794
PEX14	-0.061445148667593825
PGD	2.313537963096511
SH3BGRL3	2.9188013329966065
CNKSR1	-0.06600581140805056
RPL11	4.914328430957408
ZNF593	-1.2359534594597297
C1orf216	1.823701521193824
KIAA0319L	-0.29174448282430243
DMRTA2	-0.6841252764516199
PLK4	-0.43638596497478727
MAP3K6	-2.3551013805296903
GPN2	0.6138395611991049
SYTL1	-0.5482818534960369
WDTC1	2.3161438228798263
NBPF3	-0.44575958768060153
HSPG2	0.9494428868123423
ITGB3BP	1.3624503126439984
SERBP1	1.7421150122962201
BCL10	-0.9411440158498745
PRKACB	0.9438234721791711
PIGK	2.914812843716437
TINAGL1	-1.8603604655288852
RPS8	3.691379000820408
KIF2C	3.1819032257320314
PTPRF	4.661932369406791
MOB3C	-0.7003673646486982
CYP4B1	-2.448712728386683
TMEM61	-2.437832929340459
LMO4	0.31396721713192216
BARHL2	-4.870956800269376
MTF2	1.4658463423544374
SLC44A3	-1.3981782652011718
IGSF3	1.3542292303168233
ZNF697	0.7547787863670435
CTTNBP2NL	0.515923223642006
STRIP1	0.8798285996572389
PSMA5	0.9204516977797693
CELSR2	3.340533805044631
GPR161	0.73045177420782
ALDH9A1	0.8880674337086868
ATP1B1	2.4622404335005124
TIPRL	2.1804848635837537
NME7	-0.25343389942425676
POGK	2.5477208005128076
MPC2	0.8657593020106669
CREG1	-1.8527060681912804
DCAF6	1.2619032712434186
UCK2	1.6039844437678856
TMCO1	1.628291266587309
POU2F1	0.5309200019369839
ILDR2	0.37277049284461683
MGST3	1.852128103438441
UFC1	0.48558461646660217
PPOX	0.32526270952101155
NUF2	2.2294134612025465
RGS5	-1.6121244486724344
SDHC	1.149351961964074
PFDN2	-1.4369478683217807
USP21	-0.37654132586361416
PRCC	0.3481693015667534
MRPL24	-0.832113718054604
PIGM	0.008890064409385237
ISG20L2	0.021895169776858833
CRABP2	-0.7028526881344092
HDGF	4.771185478588343
ABL2	-0.021215947751455543
XPR1	1.855851048464117
RGS16	2.096328784522079
TOR1AIP1	-0.3729551563070673
RGL1	-0.7929957613353811
LYPLAL1	-0.539807081782629
LHX9	-1.862768093263486
RORC	-0.2284262615181261
TUFT1	2.4686175883973
SF3B4	1.752929006791008
ECM1	-1.241537953512231
ZNF687	0.215018423520423
TARS2	0.052865458302774886
CGN	0.9273907625068234
SNX27	-0.3784576406281542
SETDB1	1.582640754836709
ADAMTSL4	-3.9125547681036976
MCL1	0.1281173483111487
CTSK	1.2619186050496547
RFX5	0.3950801474981619
PI4KB	1.178638058187859
PIP5K1A	-0.7987223068487458
ANP32E	2.5111023078629544
SELENBP1	0.27628488512850635
CERS2	2.3231165658309667
ENSA	1.443043571865599
SEMA6C	2.1997549631406925
MRPL9	0.9717805289624678
ARNT	-0.30710503620008006
POGZ	1.6281418667822576
C1orf56	-1.6224649805530669
GOLPH3L	1.1437547734552302
GABPB2	0.608832451338128
SYT14	1.7079429241642965
KCNH1	-1.3318655848108287
DTL	0.7349755371389526
DYRK3	-0.8869226271707232
EIF2D	0.16574684049599572
INTS7	0.28849155398565024
VASH2	0.4102883742001125
TAF1A	-1.4043890514264292
SMYD2	2.370731661791448
SUSD4	-0.6196119065265111
DUSP10	1.0195667867054117
TP53BP2	1.2570225744694865
ATP8B2	1.4023965424199167
ADAM15	0.2256755174471294
JTB	2.7378223829484734
RAB13	2.276649576614454
TPM3	2.3975868540675105
SNAPIN	0.5573857161385175
SLC27A3	1.9767988398464404
UBAP2L	-0.5351475792268051
SLC39A1	1.532628361795121
HAX1	3.6482396918487634
CREB3L4	1.2482383899101002
EFNA3	-0.6375227287857989
KCNN3	-1.313438250329962
C1orf43	1.5928978590343605
GATAD2B	0.4999465617347708
ILF2	2.080056160266647
RIT1	0.469121571666649
INTS3	1.7691753154220122
HCN3	1.1149942033146678
ACTA1	-5.240847348797455
GALNT2	1.3840358379015836
TTC13	-0.30608612088272796
SCCPDH	1.506028613662288
LYST	-0.02105925110207377
CEP170	0.8423483566706453
ACP1	1.401684042693374
SNAP47	0.2095352657809336
SRP9	2.5512761535943764
NVL	1.0780998113762026
SDE2	-0.4438034458579886
DEGS1	0.2749678930833334
FBXO28	0.2165696408709402
ARF1	1.5659724739423562
CNIH4	-0.24446384984115907
ITPKB	1.2881056758540634
GUK1	1.8338897672787606
CDC42BPA	2.4517762720400427
C1orf35	-1.959872427323861
MBOAT2	1.0671135552740278
PARP1	2.2410451194807544
PSEN2	-2.0599129645641954
PYCR2	0.7018775093454129
LBR	2.5499694512535105
WNT9A	1.6550766724787056
EPHX1	2.009200536681254
SOX13	1.5808046375997866
ETNK2	0.2176888304450086
PPFIA4	0.2808821854943148
PLEKHA6	3.339212309611022
SYT2	-1.883178269260842
ARL8A	1.426670461610429
OSR1	-3.4137847857532844
PDIA6	3.478567422285675
RHOB	3.6299821273333013
ATP6V1C2	-1.5182242646031576
HNRNPLL	-0.32932801857886024
CAMKMT	-2.7601776757339835
EML4	0.5007495734333123
CALM2	1.1984732319782792
CHAC2	-1.2209236712887919
RPS27A	0.04709738125532067
WDPCP	-2.010080799674836
VPS54	0.31652075481025677
ASXL2	1.2429937790541092
ETAA1	-0.9941528374893839
SNRPG	-0.5198432082243125
MEIS1	0.2514366966980598
TRIM43	-6.998960013155246
CIAO1	2.0820932460828514
ZNF514	-0.43279004957593165
SNRNP200	4.160823922621991
MRPS5	0.7798159897955509
TPRKB	0.23283535808686504
EXOC6B	1.1062505630199782
SFXN5	-0.8155861462698435
TEX261	2.0900836371669578
DUSP11	0.8426010000698665
ST6GAL2	0.07926383159380679
NPHP1	-2.5028193618417003
MALL	-2.591014009757679
THNSL2	-0.6801501461703535
RALB	0.07550887125577865
C1QL2	-3.052579856535143
TMEM177	-0.9150933941327958
RABL2A	0.12650281837586783
SLC20A1	2.9529172321401873
FBLN7	-0.6803214235544338
ZC3H8	0.5246611813802917
CNGA3	-2.046518459719238
FAHD2B	-2.8183082684706875
AFF3	-1.9384666025186486
UBXN4	1.536099014734512
SPOPL	0.9385228579447246
THSD7B	-0.5769551456326534
POLR2D	2.156425441446116
AMMECR1L	0.1956922961815706
GALNT13	-0.7677107613461923
PKP4	2.0997969024600294
SCN1A	-2.029433408062182
SCRN3	0.7486758593364944
ZNF385B	-1.8059445054683934
CDCA7	-0.6777856967483242
DLX1	-2.1852557376931836
UBR3	0.46862927385055925
GULP1	-3.639051021529803
FAM171B	2.0775767080288468
HSPD1	2.160144560187801
CCDC150	-1.749421792300635
METTL21A	-0.4922104615616827
UNC80	2.0874914496529686
PTH2R	-1.5745720993382755
NBEAL1	-1.2526277739953053
KANSL1L	-1.940690216857332
SPAG16	-0.7770904492033166
SUMF1	-3.0573097183771174
NYAP2	-0.13194085975492656
RHBDD1	1.5784782508620903
ACKR3	0.884220011884253
TRPM8	2.154158511365693
HES6	4.3278776349027686
ESPNL	-0.7242550633909743
ANKMY1	-1.647135160564875
COPS7B	0.30798671848152875
DIS3L2	0.07310603314850522
FANCD2	-1.4834685955579718
VGLL4	0.4065765976092633
RAB5A	-1.6323249788769567
CTDSP1	0.02132833351278652
STK11IP	0.07043809548047768
GMPPA	-0.7866136146659308
GRIP2	-3.617120169075825
EAF1	1.4313109025864843
CNTN4	-1.2760879604668858
DYNC1LI1	-1.7876152551375009
GADL1	-1.7064431459888085
OSBPL10	-2.032263921041519
POMGNT2	0.025120945822082873
CSRNP1	-1.3282448093139645
SLC25A38	-1.742838821213465
ITGA9	-0.26912211645883755
GOLGA4	2.5992176245285776
CTDSPL	0.2971303358400997
STAC	-3.2115125230985107
IQSEC1	-0.165434309299891
CAND2	0.05332406669392226
RPL32	3.041041750319585
PTPRG	1.2661557694820171
IL17RD	-1.0391530059731255
SHQ1	-1.0451368065434663
SLC25A26	-3.279165591763067
UBA3	1.6820321033097931
ARL6IP5	0.8219825509460033
TMF1	-0.6668231752313567
LRIG1	0.3788725321283087
LIMD1	1.6648772894126163
ZNF660	0.8998120723141686
COL8A1	-4.226635942398439
NXPE3	-0.21595207695765356
PHLDB2	-1.7029000167103776
ABHD10	1.8323956651557949
TAGLN3	3.862811780713434
RABL3	0.8591843802437922
IGSF11	-0.5571530512069495
ATG3	0.4798839670049262
BOC	1.001346145145205
SRPRB	0.8352860212987654
TMEM108	0.28613581432866336
MED12L	-0.5853414492401097
EIF2A	0.6462098285044997
OSBPL11	0.47724204411181004
TRPC1	-0.3821144994176918
NCEH1	-0.6356985079690487
LPP	0.5576510219546201
TMEM44	-1.0504963181886005
AMT	-0.7459201181983336
TCTA	-1.0876948179797703
MANF	0.8695716834805817
CCDC39	-3.251993952413675
STXBP5L	2.2619777164105366
EAF2	-1.5161366116144792
ILDR1	-0.33246202020178045
MUC4	0.0320486815061668
SLIT2	-0.27686873621889824
EIF2B5	-0.20791294751823794
AHSG	-3.6038199829827873
ECE2	0.09766940925013294
VWA5B2	0.03230412121264051
DGKQ	-2.7099075995257484
FIP1L1	-1.9114087695171194
LYAR	0.20063929129076638
CENPC	-0.2675612889447421
EPHA5	-5.323776050678994
ATP10D	-1.695900458219899
OCIAD2	1.9588033576889932
SLC10A4	-0.1348084825910854
SCD5	1.864060287195905
PLAC8	-1.5003572695412402
ENOPH1	1.3905232228564819
TRMT10A	-0.09452407569715704
KLHL8	0.9423901559787855
SNCA	-3.7527013027957126
PYURF	-0.36197372891253243
TBCK	-1.729457936991434
CAMK2D	-1.7541293584148974
CISD2	-0.8370268204920408
DDIT4L	-3.8322459579335724
ANK2	2.548055903756556
TIFA	1.6951703462199048
CCNA2	0.596356658846921
METTL14	0.4631083561006406
USP53	-1.203079121676398
SETD7	0.31066784068429604
NAF1	-1.489872904383821
RPS3A	2.106812797690212
PDGFC	-0.07219804962946706
CBR4	-0.9955432873670265
GLRA3	-5.9287933972117495
CYP4V2	-1.4784523165363932
NDUFS6	1.6501217949312246
CDH18	-4.052874507687628
SRD5A1	-0.019773795457899257
MYO10	1.6311991950278102
RPL37	2.9467107467428666
SKP2	1.2628041220516526
PLK2	-3.135799001413343
PIK3R1	1.2778674372943755
HAPLN1	-2.633786497568241
LHFPL2	-0.7669685412353817
SSBP2	0.8294668909408193
BHMT	-5.086964384632319
IQGAP2	-2.933159183575301
RASA1	0.35584428980479976
GIN1	-2.3497853360677143
PPIP5K2	1.8347480132844303
PAM	3.687447387748196
BDP1	2.0673495040383116
GTF2H2	-0.37926202137519777
SLC30A5	0.5930641082713463
BTF3	1.24319924009783
FBXL17	-1.1458431203052828
TSLP	-3.2706736288591305
TNFAIP8	-0.39136415926644463
FEM1C	1.2170978140909934
COMMD10	-0.864310073780189
ATG12	-1.6016442219122666
MEGF10	-4.577670668995742
ADAMTS19	-6.65516337158565
YIPF5	0.3200450314363275
ARHGAP26	-1.472840611059328
CXCL14	-1.7563116009716697
SLC25A48	-1.7596873037309004
DDX46	3.4074505364509116
RNF145	0.7548710923112305
GABRB2	-5.059928418214793
FBXO38	-0.13296025171317918
PCYOX1L	-0.39475307099261037
TNIP1	1.2986651365278508
G3BP1	1.581899754941756
ZNF300	-2.9574247512667204
N4BP3	0.8045865594091237
NHP2	1.080028382172998
RMND5B	-0.5110052216425481
BOD1	0.7918530609405963
CPLX2	3.027048060131725
TENM2	-2.71565602770146
KCNMB1	-3.671419240989985
FAM50B	0.31871168437008246
TBC1D7	-1.3680040040848773
FARS2	-1.2653448711102377
GFOD1	0.6209234024846032
CDKAL1	3.550048825001422
PSD2	-2.839556113216815
LRRTM2	-3.1246661611885513
ZMAT2	2.3303735943892185
GFRA3	-2.593281397559482
KLHL3	-0.6031417798038277
DCDC2	-2.342489589149518
TRIM41	-0.11164119614543183
HIGD2A	-0.686513280228401
FAM193B	-0.36951539963102065
TNFRSF21	1.1134925583358457
RNF44	0.5708965992458803
DOK3	-0.12050490173173169
ABT1	2.09846262069701
PPP1R18	3.1635003277507505
DAAM2	-2.1553294260397644
PRIM2	0.9125024543770842
LGSN	-0.25024269922138703
SCUBE3	0.07221572001916873
CRIP3	-1.4990656254593921
TTBK1	-1.7276060598364773
RPL7L1	1.5393211541882188
NFKBIE	-0.7559598593506179
CYP39A1	-5.539814888041024
TPBG	-1.7355073717969216
IRAK1BP1	0.04202800118351578
PHIP	3.2222925486012413
MMS22L	0.4429312947816828
FAXC	1.2450313158633963
GABRR1	-4.464015583253657
PNRC1	-0.7970413513638458
PM20D2	1.1583838965938134
RARS2	1.1086940472492972
TBC1D32	-0.9175818411100394
CLVS2	1.4635846053469257
GPR6	0.8393128145062825
RNF217	-3.5124511400931424
ARHGAP18	-0.7910762163071828
ABRACL	1.0101780220826042
SLC18B1	-1.6983964157258122
MTFR2	-0.04998364961201205
SLC2A12	0.31090438088928496
SHPRH	1.5418303724594686
AIG1	0.9446164394277413
DYNLT1	1.1550675586117403
TIAM2	-0.20696896176063376
TMEM181	3.2798718722699736
WTAP	-0.2930430847197254
ZMYM4	1.2589889373445649
VIP	-3.4441106736013265
VWDE	-0.7060798226076324
GNA12	1.3036090276649503
SDK1	0.9910958774305738
WASH2P	2.761835832118389
CCZ1B	-0.415421807371765
RBAK	1.3978573150131648
CREB5	-3.7666861709914823
EGFR	-1.5396330837567298
CDCA5	2.045052278068071
IGFBP3	-2.9003282996101185
PURB	0.29091656727130416
SSC4D	-0.5670041386772592
MDH2	1.9324309792614511
POMZP3	-3.1466909269071093
CCT6A	2.8120994333400673
PSPH	0.8075755330880029
ZNF92	2.3503108304087146
ATXN7L1	0.26567531084186097
TMEM168	1.1860524979836575
SLC12A9	0.2787583181847484
GIGYF1	0.9016556421588517
TRIM4	0.7809330355685836
MEPCE	0.008359394796025233
TMEM209	0.2896785673783558
ZC3HAV1L	-0.20905388364959906
TLK2	-1.1771818374855718
NOM1	-0.2784535563291307
NCAPG2	2.284879823268218
NLGN4X	-2.2418315744973625
SHROOM2	0.22734761183128524
DENND2A	-0.24142367919034657
SH3KBP1	-1.2444275138883993
TMEM47	-3.347407942908933
LANCL3	-4.876969525748852
SYTL5	-0.4205003824023431
CASK	1.4378673325039437
KDM6A	-1.4154305230077948
MSN	3.214587113526513
HDAC8	-0.09082774110099065
SLC16A2	-1.9119631097937697
ZNF157	-1.3737513716137275
ZNF182	0.3831256300562263
KRBOX4	-1.3563135885815827
NDUFB11	1.6366519273861866
ZNF41	-1.3224768768962245
ZMYM3	0.7356170972798081
TAF1	0.37498193231325017
NONO	5.144479845985193
CCDC120	-0.5319548877790109
EBP	-0.19186932797245426
OGT	2.6453987666531753
SNX12	1.9634420006491013
ZNF711	1.8380441385665682
DIAPH2	-0.7846727021211929
PRPS1	0.07204672854461658
FRMPD3	-1.6909230584196322
HTR2C	-3.3946938425379747
DOCK11	-1.0555943360077884
IGSF1	-1.7832988025277667
ARHGAP36	-4.217276621754015
GPC3	-0.689872264281043
RBMX	2.4054208544398312
MCPH1	0.24245744643509212
MFHAS1	3.178644779119309
FBXO25	0.22783871634878963
NSDHL	1.5647050499273034
ZNF185	-1.197135529889788
CETN2	2.6000624955893916
RPL10	2.4912841263448624
CSGALNACT1	-3.419183649518119
ATP6V1B2	2.6005023173521673
CCDC25	1.854661516078971
HMBOX1	-0.7893790411847386
GNRH1	-0.7469762039267942
BIN3	-0.2668065921341792
SLC25A37	-0.005396146035088518
CHMP7	0.388437787485254
DOCK5	-1.5490355622793583
ERLIN2	0.9103168157624144
ST18	1.7708034207277352
TACC1	1.9416354752940423
GOLGA7	1.7043711550504705
GINS4	-1.0531665014524902
DNAJC5B	-4.9873968822502395
TRIM55	-2.2672126575589013
MRPS28	-2.5335655899932465
LACTB2	1.0391243278932103
TERF1	0.29354938951849635
RPL7	-1.7800877942330375
SLC26A7	-0.602658768664846
SYBU	-0.8568475980397999
MTDH	1.5527151887209993
LRP12	0.7046551707508142
EBAG9	0.275247075599493
POLR2K	2.9123471712982085
MAL2	2.5019349023702797
EIF3H	0.7073284806836048
UTP23	1.5587928010384375
NDUFB9	2.6956019428923064
TATDN1	0.12445988501751645
FAM83A	-2.5774470980922892
FAM135B	-5.531382697594779
ZNF7	0.9314056516642543
ARHGAP39	0.6228530679264345
SLC39A4	0.13112733350323408
NAPRT	1.810571872127366
VLDLR	-1.4891412907430062
AK3	2.13200759245568
UHRF2	-0.20083678792964077
NFIB	2.1754037369799946
PLIN2	2.101317545812705
HAUS6	0.7194508003881609
CDKN2B	1.9061759431432128
CDKN2A	3.284618886147181
C9orf72	-0.6335776393166831
ZCCHC7	-0.2847333979671431
FBXO10	-0.009444483839069326
SIGMAR1	3.165612872716955
CEP78	2.838151571711761
NTRK2	-2.1249723263134075
IDNK	-1.6970029459535454
AUH	-2.902002772070462
ZNF462	3.347533194122057
INIP	0.2942018532506371
UGCG	1.3316777860031863
SNX30	1.9651805251592225
STOM	-0.6072411960940243
GSN	3.0661096839011983
MRRF	-1.068654113902071
NR6A1	-0.3108716721227249
CRB2	-1.8134817670945356
ALAD	1.4174644185204248
ASTN2	-0.47493013013672214
WDR31	0.6127453555654396
POLE3	1.834671590823381
SURF4	2.8504195796027982
SURF1	1.2503194883759776
SURF2	1.531942232160381
SURF6	1.1536895822943327
MED22	2.5775880049945714
REXO4	0.12437891355072507
RPL7A	4.176561813776064
GTF3C5	0.9237323234426348
ASB6	0.8699160657490504
PTGES2	1.699690792369703
NTMT1	-0.5546889843919104
CIZ1	3.6385985391287368
SLC25A25	1.6206876493233047
SH3GLB2	1.9158856594563944
LRSAM1	-0.7371682967863339
HMCN2	-1.4306035547248346
GPR107	1.3909979822997605
INPP5E	0.9945180642928944
SEC16A	1.0716027525458356
DPH7	0.7840794515907038
NOTCH1	-0.37420297531728436
CACNA1B	0.27959946985943135
NACC2	0.41079859710817956
USP6NL	0.5994586591759279
COMMD3	-0.4141026000055357
MSRB2	-0.3740699591936964
PDSS1	-1.2692823393321941
FAM171A1	0.4882084669146155
RSU1	0.1712824414817796
PARD3	2.594086678908223
ZEB1	-0.761831813141001
FAM13C	-0.4066186990310742
NRBF2	-1.517430150095056
CDHR1	-0.14332969036452162
RGR	-2.940250662055331
POLR3A	0.3674812954198101
HERC4	-1.097690553958897
CAMK2G	0.044974912938525034
ADIRF	0.2775364548647828
GLUD1	-0.19660272634740955
RPP30	0.6518558774546012
FRA10AC1	0.6417165695919826
ADD3	1.3904519019407198
HABP2	-0.49757302940936154
DNAJB12	1.6683114803535428
EIF4EBP2	2.5619439399074366
TCF7L2	-2.9120067147520445
MKI67	4.2809351348027525
INA	4.126568180788747
LRRC27	-1.7522071907445969
MTG1	-2.176470066279815
GSTO1	1.0997911364010082
TAF5	-1.4074798671137387
PPRC1	0.5820823239915806
ITPRIP	-0.632167713346773
CNNM2	-0.4884726789152043
PDCD11	0.4642291882598956
ADAM12	-3.893068757847729
RGS10	-2.174010772015061
BTBD10	0.517174115641907
ADM	0.8472120090705688
GAS2	-2.1052128213139287
SLC5A12	-1.1216429607183245
LIN7C	-1.3265758235441962
IMMP1L	-0.7891686514030126
PGAP2	-0.5832589639298214
TUT1	0.3161415598863375
SCGB1A1	-2.435715206953511
ZNF214	-2.6121953132693996
ZNF215	-2.832703779633299
HSD17B12	0.05155434534768968
APIP	-0.26619095684451677
PAMR1	-2.7411673489445048
DGKZ	1.1050351443617945
EIF3M	2.307658181628744
TNKS1BP1	1.2123997953612424
SERPING1	-2.9024146126656656
SSRP1	3.8221237854649903
SLC43A1	-1.830857746692755
PTPRJ	0.6122873711890189
ARFGAP2	0.9049023756077406
CELF1	1.0932763588281031
SESN3	1.6244480449627148
ENDOD1	-0.09987037266031572
CCDC82	1.6870780842719006
TENM4	1.4483608002469313
SERPINH1	1.4199145226136412
CAPN5	1.0893213066653133
INTS4	-0.9819642091460148
PAK1	0.9209807167610469
RPS3	3.059520102050962
ZC3H12C	-0.5072030073981827
TTC12	-1.9739823239557401
NCAM1	3.442323017478542
DRD2	-0.5276596316123272
NPAT	0.25145207006247355
ATM	0.7936183312820704
AASDHPPT	0.45505981960235437
GLB1L2	1.3265181715298133
SLX4IP	0.8051008145884947
LAMTOR1	-0.27799601244253697
ST14	3.1082424809288973
HYOU1	2.0257210234400453
ADAM33	-4.75338017893418
MTA2	1.6622159524449844
TMEM138	-2.2921662728876044
FADS1	1.8270600801466332
EML3	-1.1008113316792307
INCENP	2.7183818673216313
PLCH2	-2.024675149085339
CPSF7	-0.6230677500941311
B3GAT3	0.2019250023246071
EI24	2.642355838367994
CCDC15	0.19920664131389387
CHEK1	1.1307639103206844
FEZ1	-4.122880459158264
ESAM	-2.9528162959144186
KIRREL3	1.2145533652677387
MPZL2	-0.36349026993765593
SIDT2	0.47734381917439594
TMEM25	1.9708920483211345
TAGLN	0.5090033113963405
DUSP15	-4.182507949706351
COMMD7	2.276759201801775
DSN1	1.5666324856737555
CNBD2	-0.9143228533588343
CDH22	1.0018704277593826
LSM14B	2.681786623042163
YTHDF1	1.3968238505442216
CABLES2	2.540584921861426
TRPT1	1.5704858008193703
NUDT22	1.3391505980978147
FERMT3	-1.820438291702357
PLCB3	2.5695298872795282
MRPL49	1.9392955535532876
CDC42EP2	-1.0312662041544576
FAU	2.1074049249960507
TM7SF2	0.9384773120944594
VPS51	2.7349852075827017
PPP4C	2.5705721366127006
ALDOA	3.1756975477787437
DOC2A	-0.5868232226725255
HIRIP3	-0.30057902497083144
TAOK2	1.6976824050756627
TMEM219	0.7332257333686176
CNKSR2	-0.7011635964482725
CNTN5	-2.376765795074536
MKX	-3.159605965260542
MPP7	-0.5106383152781665
ITGB1	2.570614974500384
PCDH15	-0.9885731173045572
CWC15	2.6823724004123632
ARID5B	-0.8367309145462875
KLHL1	-3.6220316266366748
CDH8	-2.580918606487845
DCUN1D2	0.5076236608196537
TMCO3	2.8261248138976667
TMEM218	0.18903854827876782
TIRAP	-2.571807880424721
SAP18	-0.12600790251962415
KIAA1328	-0.8143004198561661
FAM124A	-1.379033011726861
HNMT	-2.6239476476400485
LYPD1	0.057624961757038705
LYPD6B	-1.2484597204037164
PDCD4	1.4303692055625032
ADRA2A	0.6777166049530583
GPM6A	-6.1698600164380855
WDR17	0.4369270177837501
CCDC102B	-0.9626021073822689
DLG2	-1.531810353348725
PRSS23	-0.2159443087860487
MTMR12	0.24333307275685923
PPP1R1C	-1.8466297923888992
CCT5	2.1309971069274165
DOCK1	1.0218054782084696
DIXDC1	0.32943057278283194
DLAT	2.7955122899307416
TIMM8B	-1.8409205482516688
PTS	0.5026502474045556
PIP4K2A	1.5242899295004073
FREM2	-0.4498137368105821
FOXO1	-1.073267181090334
CRIM1	-1.8372994573166068
SEC24D	-0.2181976963538672
ABCB9	-0.36594876232060236
RILPL2	-2.204044806133867
DHX37	1.4500850802286733
UBC	3.2750705248569947
ITPR1	-4.246831861775424
PRSS53	-1.5649678617034966
SLC7A11	-0.1393687591971845
GPR158	-0.9302054361395024
DCP1B	-1.0248534565411707
CACNA1C	-3.2724661348161233
THRB	-4.397328576891864
NGLY1	0.09061965770737189
OXSM	-2.8175161362515615
UEVLD	-0.34219200082496076
TMEM263	0.8972484099435112
UBE3B	1.6735005201185964
ANK3	1.9173260933802065
IPMK	1.0710582526452015
PLBD2	0.8565982607990047
DLG5	2.2703104100077356
SLC2A13	-2.9050438458269245
GXYLT1	1.6738442488194794
TWF1	2.1316783586578434
DIP2C	0.37223623314699567
EIF4E	-0.019585011051664148
MAGI1	0.5489052106610989
TEX30	0.9127605304729229
CSNK1G3	1.7153511599178155
SRFBP1	-0.52664685778095
AKAP6	-0.8077230987195599
NPAS3	-3.9823117252504625
FAM177A1	0.5502503295361397
MBIP	0.38069162636327014
MIPOL1	0.7267207737823889
EXT2	1.3252152230211425
TMEM18	0.6904241825591781
KCTD14	0.7067179405256494
NDUFC2	2.034825206349278
ME3	0.10201124739902218
NUBPL	-1.8067768206334425
NEK7	-0.22690007903556533
FER	-0.23160541199544554
VIPAS39	1.168078508171509
ANKRD50	0.11475270131922219
UPF2	0.5688557307395726
CDC123	1.044156824803459
SCLT1	0.6766324262858788
CCDC3	3.7021024885370704
C4orf33	-0.6518352823025826
FRMD4A	1.7038837821591495
PTPRO	-0.8820020634022768
EPS8	0.4824881583876414
ACAD8	0.47932837396392214
THYN1	1.8660111214228734
VPS26B	0.38052538804811625
NCAPD3	0.9322051929821421
VTI1A	1.5162957160606558
QDPR	-0.5408626844775851
ANO4	-2.295095777898508
TEX9	-1.4769594827497425
MMAA	-1.951680291021717
ZNF827	-1.3196481175545822
NR3C2	-6.058815677557424
DPYSL4	-0.45693073379472177
KIN	-1.035548383189479
PIGF	-1.2964853045970528
INPP1	-2.2186231732314434
MFSD6	1.8581955588329089
RNF144A	1.3681030008067443
ASAP2	2.1265680586234366
ADAM17	-0.29703349453905264
FLI1	-0.2921371430130734
TMEM45B	-2.28959649504102
WWC2	-2.2300185693403494
CENPU	1.6057193454511627
ACSL1	0.6402925939788302
SLC25A4	0.4221805556640644
AMN1	-0.868231035238241
BICD1	0.029319015441016876
SAV1	0.3533820139975385
CCDC122	-0.9221961746563149
NBAS	1.2683750383980998
GUF1	-0.40650466435067617
SACS	0.7724269475660375
PABPC3	3.646719075771749
FBXO4	-2.1824676042511744
CCL28	-0.6723418281670535
PARP8	-1.5608466456614773
GFRA1	-1.2532571855498689
CACUL1	0.7446635080171066
DST	1.293215011300046
TIAL1	1.3418352058432643
BAG3	-1.373000587461619
GLT1D1	-0.47385328685840256
TMEM132D	1.1084836247843166
SCHIP1	-2.1533615277710996
AP1S3	-1.8604035319634473
RABGAP1L	0.9708907393525201
CCDC74B	-0.5870547172880644
MZT2B	2.366291892233901
FAM168B	3.2432459462409553
PTPN14	-2.631134153065305
MGAT5	3.4936692325225267
TMEM163	-2.7678782812223837
GPATCH11	0.09238757044453993
GEMIN6	-1.354416443876669
TMEM178A	-0.3342901466583562
POU4F1	0.33113844462212844
CYSLTR2	-2.914767932398328
SETBP1	2.6360348051859295
ARL14EP	0.6173174744529074
EPG5	1.690043085840986
PSTPIP2	-2.8934955571133623
HAUS1	0.7142102069418322
SPC25	1.697827920422048
G6PC2	-4.765409213873397
PDK1	1.2831605920268456
PDE3B	0.5677208279439611
TCF7L1	-2.1859436989304815
TGOLN2	2.5914342171646796
KCNK13	-2.39478621098558
UHMK1	2.0878424174021135
ATG10	-3.1801902226988537
POC5	-0.8972643759442073
SPOCK1	3.0655425509951177
TADA1	0.1140931974693545
GUCY1A2	-0.9512738986267488
CWF19L2	1.8339078757082143
JMY	0.7957222165253018
HOMER1	0.43806371820869133
XRCC4	-2.27028865176503
ZNF773	-0.41744050517227316
ZNF776	1.9095442099062212
ZNF256	-2.035608490547776
SUV39H2	-1.137082833752411
DCLRE1C	-1.1502417206219113
RPP38	-2.2908684201137004
NMT2	-0.8781751352900952
USP12	0.3879395613990724
CCDC50	1.47184901992709
CAMK4	0.0763571206135186
TRIM36	0.07906791309556961
ZFP36L2	0.5233463716717058
PAN3	0.8377715394764584
PLEKHH2	1.7130692886673775
PFKM	0.45386025994456414
TMEM123	3.421276162679011
IGSF10	-2.5787631992047
SPEF2	-4.329289497334504
SPARCL1	-1.8489459207142378
MBNL1	2.072888766552681
NADK2	-3.153029192067369
GPD1L	-0.21109899665727858
GJA1	-3.901937581139929
CCNO	-0.6998703292161783
SLC30A6	1.0884737777124025
PELO	1.4782016008408774
SAR1B	-0.1098270452608488
GPR180	1.2075383875179726
ANKRD22	-2.9729115040734397
FARP1	1.6829190089429915
IFIT5	-2.001862660234223
PANK1	0.9911528979074357
PRDM8	-2.479941613747952
BMP3	-2.9812238265636424
HNRNPDL	1.6703171546120286
HHEX	-2.109123380518388
UTRN	1.1160282339173486
PTPRK	2.0844831605245346
GGPS1	-0.27152186924481453
CNTNAP4	-3.943258227069087
ZNF117	2.4328087622724763
RAB3C	-2.0210174015265743
MARVELD2	-0.33167183429480707
RAD17	0.23710282443394848
MED21	0.39072402511371507
PLOD2	1.4228762497708403
STK32B	-1.2071434282009905
NRSN1	1.2471308595578887
JAKMIP1	-1.3322914492148852
ZIC1	-4.316072311091896
SREK1IP1	-0.7194554860232523
LGI2	1.824291557712115
CWC27	-0.09559335205734926
MR1	-1.4829969660599158
SRP19	-1.4748239383318027
CENPH	1.4818071731674398
CDYL	-0.004437995735436088
CARHSP1	2.227885002248377
TXNDC11	-1.4009084632866635
ACOXL	-1.8129432737741982
BCL2L11	1.6478234034013597
ANAPC1	1.2719397555207936
CAST	0.29994010179059694
SCOC	0.24635511423195644
CLGN	1.107028255912902
CETN3	-0.43364029428007084
SMARCA5	2.330874538374328
SYCP2L	-4.892182025519736
BMP6	-2.848922307167793
RGPD3	-0.030110277291590104
RASSF3	1.387780767248579
HNRNPU	2.8841650585116674
RANBP2	1.5712346678637545
AHCTF1	-1.3613825667159283
MERTK	-1.8309716119545751
TMEM87B	-0.42237955662920806
PTPRR	-2.8046653474069574
NR4A2	-0.2619143928017279
CCDC148	-3.4014917149353012
RBMS1	-1.6357753868092975
SCN3A	1.8534006153423446
CD96	-4.884627352966654
SLC25A27	-3.074837144836438
FRMD1	-1.1473793341228442
ASAP1	0.42592936234725715
TRAPPC8	-0.9410534759519418
LINC00467	-1.9114251041719423
INO80C	0.031718119432533186
LPCAT1	3.934032655163316
PLEKHG4B	3.6482921067978755
NMRAL1	-0.3374064111846559
UBALD1	0.9031629738606917
ING1	-0.1145865963017758
ADPRHL1	-0.9386727688131965
CMTM7	-2.101972421961978
UBP1	0.11610083120136604
RMND5A	2.630041645963277
RPIA	1.0229101066392854
PTPRD	1.094504519417474
LURAP1L	-0.26719893865769034
CNKSR3	2.0940479485386905
GTF2E1	1.5377529858107652
CFDP1	-0.1819337160163161
ZDHHC7	0.618037758100448
JAZF1	-2.4935332089758377
CMIP	4.782123321641602
SPHKAP	-2.561875403149669
PID1	0.7701772520208808
TRIP12	1.112936420222504
FBXO36	-2.9668084133912425
CEBPG	2.092240443187869
KCTD15	-1.3700309017927854
ZNF599	0.7720955632635036
MCOLN2	-4.019336708353291
DDAH1	2.6676597044572783
SREK1	1.3568793876382874
CHD1	-0.6580955842665461
DGKE	-0.5748253532409338
HS2ST1	3.702979835837512
MSI2	2.039599309807174
CACNA2D1	1.8785739395240273
GDPD1	-0.466247849186132
NUS1	1.8805426360352704
SEMA3D	-1.2914871711282359
PPP2R5E	2.507247537147471
AK5	-3.7919024198996505
CABYR	-1.5106083644156632
IMPACT	0.9515969950999664
CHST9	-1.2597878049074491
THY1	-0.7826910974921593
C16orf74	-2.9093399748986197
TBCEL	0.5737177657080302
JPH3	-4.132144413501308
ANKH	1.0118511849158212
OTULIN	0.5939495656492825
UBASH3B	0.21327835582459495
ROBO3	-1.4766982751200513
TBRG1	0.8044326158467305
NRGN	0.5215119350130617
CDH12	-1.3730162184082875
ABI3BP	-5.0915372994925026
PITPNC1	-2.609384529066194
CC2D1B	1.6340725566799572
PRKCA	0.7466719329867694
LRRK1	-2.5121528436668012
CEP112	-1.408951001805514
ABCA5	1.3406761406152132
UCHL1	1.7940159298493707
MIA3	0.45749755758117583
DISP1	-1.8248467736842222
TNIK	-0.8125173001011176
TDH	-2.5644629712029006
FAM167A	0.8653040559202133
NEIL2	-1.844423367775607
PGM5	-4.122271719098403
OBSCN	-0.8525366481917236
LONRF1	-0.4424723525611324
TRIM11	-0.18080901040004718
ENAH	2.4850911460540894
CCSAP	0.07247724633876265
SH3RF1	1.0499840899899422
BUB3	1.9341792874288626
C10orf90	-3.836578529334865
CNTNAP3B	-4.094329071568198
MAGED4	0.4037607834845403
SRSF12	0.3853476086463063
PDLIM3	-0.5644886035940141
SORBS2	2.3817878769557503
CEP170P1	-0.24305139497762676
TMSB4Y	-5.167266185272223
CXADR	3.9754078196836526
BTG3	2.3690273578682337
C21orf91	0.6098321427667777
CHODL	-2.03514655929855
NCAM2	-1.96785289627416
L3MBTL4	1.1619241536282203
PDE1C	1.5459403696790388
MRPL39	1.3625548417466584
JAM2	-2.540568532733006
GABPA	-0.880831005001567
ADAMTS1	-5.420971578556058
ADAMTS5	-3.584444177283127
TSEN2	-1.3506498339035653
SLFN13	-0.4114674078045277
XPC	-1.0575687851273226
CCDC174	-2.0547223386868785
FGD5	-6.16876071406774
FLCN	1.5706519831317096
DPH3	-0.31657336895056215
OXNAD1	-1.6939219178395177
PLCL2	0.6903417798119261
CXXC1	0.26075042401256404
SKA1	0.6839723712736836
PPP4R1	0.16456991435895604
APCDD1	-2.307458764064619
PIEZO2	-2.603916215372677
MPPE1	-0.04113985202606487
RAB6B	1.0422156078887443
EME1	-1.3722505677755987
EPHB1	-0.18908672693883194
ACSS1	-2.576186670598642
ANKRD40	1.1883004439941678
CA10	-4.048633989217213
VOPP1	1.5388876250906731
APOOL	0.8843001377593646
DKK2	-3.050038973290223
CYP2U1	-1.0306964690141796
FBXL18	-0.453696990316376
CNTNAP5	-1.6732289273523242
PROM2	-0.0739640128637354
AK9	0.05158811402179979
KLF10	2.3476048138573713
PTPRN2	1.4659208131505521
AZIN1	1.230510210391583
ATP6V1C1	3.263678469550087
OTUD6B	-0.22981572113859247
CDK19	1.8128546477270857
GTF3C6	0.06771662205288292
TTC39B	0.16855066817293407
AGPAT5	2.2113006333934635
MMS19	-0.41243278619179696
PI4K2A	-0.5512188545068359
MARVELD1	-0.34648661114903667
ZFYVE27	-1.0219529726748582
GOLGA7B	1.0290471699371708
TRMT44	-1.512381560114931
SLC25A28	-0.5440904194027382
HSPA13	1.8292955362894767
USP25	-0.9911292829300375
ZCCHC10	1.3561651345545618
C16orf87	0.04570080750467008
MOV10	0.6316319043902924
RHOC	0.4760405969171747
DBI	2.9375672559383994
SLC16A1	0.4171249210387845
HEATR3	-1.7121570477402714
NIFK	0.6243024798345552
OXA1L	0.7045869536771675
LARP1	3.0053718486887577
CNOT8	0.728581586283929
GRIA1	-0.8062125251456039
MIER3	0.6606311493963158
NUP205	2.9167827677670783
ZKSCAN2	-1.322001148122427
C9orf85	-0.42692245611083557
PIK3AP1	-1.6794772348840146
RBM45	-0.8284336227178896
TTN	-3.1094306358847463
PDIA4	2.6260161635836385
KCTD18	-1.7557007361687018
TMEM237	0.6307482107834637
FZD7	-2.3239677580229925
DEPTOR	-2.550067871557501
FMN2	-2.332417082961467
RNF20	1.2589800138458065
PPARGC1B	-1.46617233469188
ELMO1	-1.8151515147971493
SLC26A2	1.4871064876518902
LSM11	0.18705682850408864
MED7	-2.6072098202586473
RRAGA	0.8990106943248228
SLC24A2	-2.019998329640824
PXYLP1	0.4756902719867377
RASA2	0.08564256531621325
RMND1	-0.9523563207818535
TMBIM4	-3.95838614278794
VBP1	1.8820454380885885
RAB39B	0.9218625128715374
CLIC2	-1.5057680193881418
AFF2	-4.822661961107111
MICU3	-4.522539669632288
GRIP1	0.7118410201143696
VPS37A	1.0786215546151723
KIF5A	1.523576214725085
PSD3	2.11176324390959
MCU	-0.7624600562936987
GNA14	-2.640239018946432
FAM161B	0.23420358192028978
GNAQ	3.58695993549452
MMP16	0.675167640358621
ADK	-0.8589240738248529
KCNMA1	0.6029597688904655
DCK	1.7078004513451512
ALX3	-2.055367837166831
DPY19L4	0.4690870035494423
NDUFAF6	-0.8315048833134673
DRAM2	0.19139761796973165
WHAMM	-0.03816110438086889
CXCL13	-4.125338519232036
RWDD2B	-0.7369187359452889
USP16	1.1648413861338884
CCT8	2.0501809114965694
BACH1	0.850179780753336
TSPAN7	-1.7037914345411285
TIAM1	2.6914990920769837
SCAF4	-0.48440856553787476
RPGR	-0.585609998222153
CDK20	-3.0850367040061317
PCGF6	-1.3563869094016976
ANKRD9	1.0826524875245909
SFR1	-0.6277315181041649
SFXN2	-0.6222834289102959
FGF18	-3.4401499618167284
PCDH1	-1.384554377084776
SH3RF2	-5.318044384765935
GDF6	-5.485610972427128
UQCRB	2.6221389303732083
MTERF3	0.6338728140206868
PTDSS1	2.426973828064433
PPP2R2B	-2.035433976879997
RPL30	1.6327509437011851
KCNS2	-2.559086745949975
SUPV3L1	0.5661860580343818
EEF1A1	2.706617018360645
FBXO43	-0.3839887474097456
HK1	3.029580480317044
TYSND1	-1.2375511641177144
PHF6	0.8536264490634785
CD109	-1.410850948923088
UBE2L6	1.2774246744363942
ZDHHC5	0.040364307683691314
MED19	-0.9880954782640574
ZFAND3	1.3828656864086382
NPTN	2.011902067850678
KAT6B	-0.08898575346887619
SAMD8	2.1269657757645826
RAB11FIP1	0.15677070062270645
UNC5D	-2.485278155900897
UTP14A	-0.3921659863267486
AIFM1	-1.6048752627377394
MAPK13	3.5026505013866647
BAG4	-0.17666453822475708
TBC1D31	-1.6205459764836685
ATAD2	2.1911492420338994
FBXO32	1.0321695427430526
NSMCE2	1.3204437942408267
ZNF689	-0.43175291205461364
PRR14	0.6923670385509095
FBRS	0.731617368952831
PHKG2	-0.0909933449468237
SASS6	-0.035833036375472936
ZIC3	-5.004078723588432
MALSU1	-0.1577826854977448
VPS8	0.735913105653013
GALK2	-0.07774425556152675
LHFPL4	-1.289055782238525
BUB1B	1.3337162101599176
PDE6D	-0.49634691727488794
EIF4A2	2.827047999540475
BRPF1	-0.37463818144262406
RPUSD3	0.6846169461147484
SST	-0.9784429370534055
TATDN2	-0.8505604904063544
SEC13	3.0684139706581735
EXOG	-2.6772341216297337
NTAN1	-1.1964532290491192
NMNAT2	0.927762467977457
ZFYVE9	-1.3176494749949612
ATP2B2	1.3279839038344603
SMG1	1.9457306178030573
FCHO2	-0.9129166364661736
SYN2	0.6972089027404829
NRG1	-4.121209466245849
CPT2	-1.5116779433536043
NECAP2	-0.21753095195724745
LRP8	-0.3228040861805487
PAXIP1	0.4537124656425125
SSBP3	-0.050337859577957604
CLDN12	0.07229898150925891
MMP14	1.3566972696825665
FZD1	2.0989333056038055
GATAD1	-0.0954720078426145
CLEC18A	-1.3716782130885787
DHRS4	0.7413434775492856
CLEC18C	-2.107664412198839
DDX19B	-2.130639676109184
ST3GAL2	-0.27055060842776446
DHRS1	-0.686612384448989
CACNA1D	-1.1379806320614365
KIT	2.9467536328575217
HYDIN	-0.3310056969105462
AASDH	-0.8697017927002972
ZNF19	-2.655962747300835
CACNA2D3	-0.5841776590125339
RNF111	-0.05330372434027691
CCNB2	1.4580500191790826
FAM81A	0.045996450206229514
MYO1E	-0.7734907544740843
APPL1	0.7535248111183684
AFAP1L1	-2.1210319350749582
TSC22D3	0.6103021735073699
DYRK1A	1.2759998374153039
KCNJ6	-1.0055956656642928
ETS2	1.453136116532387
TSPAN18	-1.631252250424076
SLC35B2	0.6691180848319039
TMEM164	2.3295523875872566
MX1	-0.5948069220007628
C2CD2	-2.347521053284851
TAB3	0.754922597841424
SLC38A10	1.9185638433212966
ZNF618	0.5799780515465714
DGKI	-1.921646060395288
SNX22	0.5556855000400279
UBN2	-1.5144505797892733
BRAF	0.21077665471976725
SLC34A2	-4.5524424591892
PSMG3	0.4170627833388548
WDR19	0.39605810331726743
SLC37A3	-1.006198416992049
AP3S2	-1.311971219160873
FMNL2	3.540364758012909
SPPL3	0.16104399161630875
DPYSL5	3.6076107294527375
RAB28	0.05422815547792571
TNFRSF14	2.149988616253911
PANK4	0.021220086464423388
MEGF11	-0.9166882367999978
C12orf43	-2.3475136150180913
PEX10	-0.46543318730500854
RER1	0.3727892115876513
RADIL	-1.0336529965937131
SKI	1.3753643428712066
WIPI2	0.9354510564443166
LDLRAP1	-0.17870422967327135
AGAP1	1.6386997387230668
KRTCAP3	-1.7172983310798364
PAFAH2	-0.2663161984129522
SLC30A2	-1.991566247529789
MRPL17	1.9919293989527533
DUSP2	-0.9311210305877772
UBXN11	0.1892452494245437
PTPDC1	2.4466708800749313
GALNT14	-3.4668759486225955
NCK1	0.9648252129490801
RHPN1	1.4504367827878009
TPRG1L	-0.19260245313830454
LRRC43	-4.666051628729396
XDH	0.796321374589529
CNNM4	0.9248528443141136
EYA3	-0.05952501181860694
DZIP1L	-0.9160791034228974
TMSB15A	-0.08124427194149311
FANCC	-0.1774368651079057
MRAS	-2.803346201396698
WASF2	5.2814504638835045
ABHD3	1.1802215133878564
ESYT3	-1.5783005192740538
FAIM	0.024129268640719417
CLSTN2	3.201402551938745
COLEC12	-4.6123916440444654
CUL4B	1.2243032822843491
GPR153	-0.3858179733929743
SLC13A3	-2.8343483240708256
GPRASP2	-1.2094697207652336
AUTS2	1.8962408229047365
CDC25C	-0.5428673997606956
MITD1	-0.6209154500879264
EIF5B	1.4314737435847746
RIBC1	-2.8693507640348783
TMSB15B	-3.2650879554548387
CNOT11	0.8449580667198507
KCNB1	-1.5468342336382774
TSPAN33	-1.1842940269077955
AHCYL2	-1.3772489633145346
B4GALT5	3.3018544793814026
SPATA2	-0.2097886300246467
DNAH3	-2.3146043511981387
CPA5	-1.194605661351847
TSR2	2.9333031893694406
PPP1R9A	0.75847097624076
ZC3H18	0.15907601633208457
ZFAND2B	-0.2066844344579982
GDPD5	-0.1838662959607627
DYNC1I1	-0.7686700882535563
TMED4	1.0201589425621627
PPP1R15B	0.40239652703550566
COPG2	2.487353436803005
ZSCAN12	1.3666018657729417
TAGLN2	4.976637829477937
ELK4	0.8599595959001933
SLC45A3	-0.6232339198516814
DUSP23	-0.17703955355572024
RNF166	-0.0012971390756539014
NBL1	-3.699727645206161
F11R	0.6858706404375392
USF1	1.3703775072270363
SPATA2L	-0.5545294516547766
NIT1	-0.33338125186113005
DEDD	-0.5382610853142292
ZNF276	-1.4410049293891554
NPM2	-0.6270355303522562
EDA	-2.531604805722514
VWA5B1	-0.8095721984815117
PINK1	-0.3643111299329776
B4GALT3	1.185568560323927
DMTN	0.9539255995614357
ADAMTS4	-2.2210795696845453
NDUFS2	1.6638117785155306
TOMM40L	-0.42177870446282567
CCAR2	2.0840426107837864
CACHD1	-0.9306270954628855
CDC42SE2	0.4355403259580381
RAPGEF6	-2.2605794305105666
EPB41	0.8038483739828668
MIS18A	1.2689204451609233
ALG8	-0.6955148398890978
FBXW5	1.183785958297259
SYNJ1	-0.6118517438763237
PAXBP1	2.0224678826867937
IFNAR2	0.37436228757347123
MRPL10	1.4243828274751493
IFNGR2	1.9487450661102759
GART	1.4884083953381482
SON	1.6409263961684772
DONSON	1.4154873912179524
SV2A	4.355875323843576
LAD1	0.9791219977907681
STC1	2.1203648548461698
TNNI1	-1.7493715674841603
CSRP1	2.162590198301727
C1QC	-3.1945550358752537
RCAN1	2.0181420286616523
UBE2Z	1.9282002788322155
CIART	0.5245320534391718
SNF8	1.3945710085788927
CLIC6	0.7543814463096673
CCDC24	0.3028445450258526
RUNX1	0.3170228394992506
CBR1	1.8384616488864525
C2orf81	-1.274788132493929
TUBBP5	0.19230015206632428
GJD2	-4.026108937847632
ACTC1	-3.5195916973602843
MORC3	-0.4727167928477148
CHAF1B	1.6140502019695389
HLCS	-0.7985155978160975
GOLGA6A	-5.925295178662434
SCUBE1	-3.5638200605060604
ARHGAP27	-1.04231960702545
ADPGK	-0.9306260394198418
PTMS	5.187363217867858
ADIPOR1	2.4210776364247306
CYB5R1	1.729536856191382
PSMD4	0.8511279506395529
ATP13A2	1.9745643275372553
PSMB4	2.4122508196696066
BTG2	3.5043343583263393
HK2	1.4550125856561458
C1R	-1.8204853057051305
CELF3	0.654464293483029
ALDH4A1	-0.4960422314751642
STARD9	0.41647211091284636
THEM4	-1.939547754777472
UBR1	0.05636584072250025
AMFR	0.7314826482616913
MED8	0.0010124893288461754
PGLYRP3	-3.5556770604483328
ISL2	-3.583859641640085
RSPRY1	0.47465627803137594
GPBP1L1	0.8369886913381461
NAE1	1.332977092822216
TMEM69	1.4452862993698634
ACE	-1.926003767630195
EFCAB14	1.0751657971414457
SPON2	-3.4561445830898805
CHCHD6	-0.5396502633588335
CTBP1	0.9753627684916604
LRRC36	-4.42738009162925
TPPP3	2.21628486851714
ZDHHC1	-1.2314286686882654
ATP6V0D1	1.4692875067681757
FAM131B	-3.7127073948808373
RGS12	0.8251459710985972
PSKH1	-2.1743044200288546
ZYX	-3.370862583066883
ABR	1.2145617178713366
LYPD5	-0.6696147133931951
CCDC117	-1.7763981273649456
ZNF230	-0.9415771098509329
CCDC107	0.14281369360418483
ZNF222	-1.4963834128389262
NPR2	0.10033114876516759
ZNF221	-3.6893909728450285
ZNF233	-1.53984977722929
ZNF235	-0.5416903447496672
GNE	0.09560768417328593
TNFRSF13C	-1.205275351295389
ARHGAP35	2.1161430773335845
CALM3	3.6958082179993004
DFFA	1.6698118421813366
CCDC28B	-0.3841469121875723
IQCC	1.38015003233438
TMEM234	-2.131535103734009
BSDC1	2.585349217204009
ZBTB8A	-0.9267304428869797
ATAD3B	-0.09964495987301206
SSU72	1.6097871158049275
UBE2J2	1.6193014420479814
ZNF362	2.557338086578364
FNDC5	1.211808096542471
CPAMD8	-5.010191428558815
NR2F6	0.8760664759197453
VMA21	1.1917628011860508
KALRN	2.6774310501423737
ABCG1	-1.4742850922802626
TFF3	1.9452133462493666
TMPRSS3	-0.13149691360885257
RSPH1	-2.7032483060870534
SLC37A1	-0.18832577647532367
PDE9A	-0.09728592691045197
WDR4	-1.707047882762297
NDUFV3	1.4170925344720213
PKNOX1	-1.6129769586575937
CBS	-0.9071073163490515
U2AF1	-0.11758777653703784
RRP1B	2.1758498117806178
PDXK	1.2719444030320948
G6PD	-0.6351966061368064
CSTB	0.6473791801837204
RRP1	0.5159329109032089
AGPAT3	0.8773368006637894
TRAPPC10	1.6468703025323996
GAB3	-1.4121547211737842
ICOSLG	-2.7938882456696343
ZNF66	-0.18303284405777698
LRRC3	-0.038161363885662235
RALGDS	2.97257618908621
FTCD	-3.601969712800695
SPATC1L	1.4087659939692563
LSS	1.9505034150480545
VAV2	2.8603119604834393
MCM3AP	1.6025033722841362
C21orf58	-0.10737147859106608
PCNT	-0.09692317688381394
DIP2A	0.28333924262077215
PRMT2	1.981897185191944
ZNF208	-3.75728581463246
ADAMTS13	-0.3373699423884475
CACFD1	-0.07047739184794123
SLC2A6	-0.6195662149506538
ZNF761	1.3355791117763551
ZNF714	2.7730060247771586
GPSM1	2.2777940095024287
C19orf47	-1.8688314046260648
TOR2A	1.1559542772346516
ST6GALNAC6	0.5559866140435966
SHKBP1	1.0696708723252326
RDH13	0.25303446178581646
ZER1	1.3539913437321875
ZDHHC12	2.0407482538486477
PKN3	-0.42166531365069243
SPTBN4	-1.060571576342665
BRSK1	1.1488930150551886
TAOK1	2.7561296723007804
MED27	-0.48253877857689015
DEDD2	0.27133537921417594
SIK3	0.3552054229459189
MPZL3	0.276034440278508
NEK8	-1.7643986638844424
TLCD1	-3.0157597236062497
PCSK7	0.803609767329886
SAFB	0.2932521270636435
S100A1	-0.2709250218298409
CHTOP	-0.6371996745916667
ZBTB7B	1.2888629457040293
FLAD1	1.1656656770788303
SHC1	-0.07734043778965821
VPS11	-0.9155664670716095
NLRX1	-1.0576535036236634
ADAR	3.615642110903363
UBE2Q1	0.9209177457462909
CHRNB2	1.8852132591364326
CRTC2	0.391204891837483
ANO10	-2.9914796567513364
FDPS	1.8986533640792607
RUSC1	2.0340579942140242
PMF1	0.1362397761225973
SLC25A44	1.2635980552963977
LMNA	1.692344276289037
NBEAL2	1.4351027423376435
CCDC12	-3.387090414195684
UBQLN4	2.826850625266065
PPP1R35	-0.8455614819811109
GPATCH4	-0.8240526743720973
AZGP1	-1.1541845821129415
NACC1	0.8355380092754169
LY6K	-2.6729820521084706
IER2	0.2370979500976207
ZNF394	-1.9790237188938051
CPSF4	0.012146383194608564
LY6E	0.5184381683960819
VPS28	1.3736801659875928
TONSL	1.9577619869882705
RECQL4	1.3834689868878598
LRRC14	1.5972201667565826
ZNF333	-0.8967744675282615
PPP1R16A	0.4831916920888034
ORAI2	2.536927781329797
ALKBH4	-1.9913707240632665
SH2B2	-0.6147578515556932
SQSTM1	0.46986196457841173
MGAT4B	2.2491987699483325
RPL8	2.9213611897853577
MAML1	0.20173507963717727
LRWD1	-1.9332372140350527
NAPEPLD	-0.40570608665374863
PSMC2	1.796526901291723
CELF5	-2.452017937624365
MFSD12	0.2775162442539613
TUBA3FP	-1.1460463973871513
YDJC	-1.3055778192725802
DVL3	1.9414865406366542
AP2M1	2.85029201999594
ABCF3	0.7325616540171488
PCYT1A	0.11370705343118176
DMKN	-3.59554591222585
U2AF1L4	-2.0952927860189905
BDH1	0.8111736195248933
THAP8	-2.7641539078805715
ZNF382	-1.1075977780552164
LRRC56	-2.0700030421387203
PGAP3	0.002549932035223822
IKZF3	-1.7331875638848806
GRIN2C	-1.7274355550465597
FDXR	-0.12931494889407388
SAP30BP	0.2588432605043842
ACOX1	-0.29759464309311745
PRPSAP1	0.7814807072020507
SRSF2	2.5625538750114876
ZNF577	-0.395609390702202
TMEM143	-0.8776139382396139
ALDH16A1	-0.7531939795680117
ITGA5	-5.025658735412362
ZNF385A	2.8760316202792966
MPP3	-3.5787723950036483
LSM12	-2.8825132623291085
EMC10	2.297670166230427
JOSD2	-3.650044924072411
FAM171A2	2.4287798654195605
DBF4B	1.5753733205043159
PLCD3	-0.5013655427806373
FMNL3	0.8724679027565146
AQP5	-2.9634868977666535
RACGAP1	0.320251152742511
LARP4	0.9227193831078242
RAVER1	-1.7078145533003195
SYCE2	-3.446552878478777
SPC24	1.4866716461063176
IP6K3	-1.9750851018563316
LEMD2	1.078121726366462
ADCY10P1	-2.9730819413411225
ZNF653	-2.769349714579681
MED11	-2.4453797007779845
CXCL16	-2.4505174273114267
SENP3	-0.6167269311718576
EIF4A1	-4.2193203683988845
RPL26	-0.41819644781107085
POLR3K	0.32338238228682903
SNRNP25	-0.000886086219614688
WDR90	1.7885549241137033
JMJD8	0.7837920492436609
SPSB3	1.765279085542417
MEIOB	-6.316413944294642
HS3ST6	-2.2056289735408425
CCNF	-0.0027006101335688387
TBC1D24	1.6877990407223797
AMDHD2	-0.00975588552373545
NTN3	-0.6723043854182006
PAQR4	2.1605716981881025
FLYWCH2	-1.241583329286558
ZNF75A	-0.7200330494672458
ADCY9	-1.2239349142537308
SHANK2	-0.5754103459296623
CLPB	0.5534209341774861
NEU3	2.2607146991992626
CYB561A3	-1.382480007159477
ASRGL1	1.3320628905347343
GNG3	-2.358582683768442
UBXN1	2.8074139512832508
TTC9C	0.25370284384941866
TAF6L	-0.8442416725338662
NXF1	-0.7096169808883039
STX5	-0.23032203639093413
SLC25A45	-0.8081875773798718
RPL29	1.8935283955166908
SYVN1	1.2606292347536399
ZFPL1	0.05464811052165416
RPS6KA4	1.020168334443716
LRP5	0.4561366057068424
TPCN2	0.9540603477115005
CMPK1	2.2410064252053497
BEND5	-0.4995882174994005
ELAVL4	2.221978936638832
COA7	-0.9774917570336942
ZYG11B	1.8174937381989313
MAGOH	-0.4449845429296547
ACOT11	-0.8198137919891
PARS2	-2.6110581718284966
BSND	-2.8622003161860983
USP24	1.3331665319942825
NOL9	0.4658200694759867
PRKAA2	0.057038726159158164
KLHL21	-2.246014938963803
ZSWIM5	-1.2475114371259963
GMEB1	-1.9173685242100484
AK4	-0.9174451831462903
JAK1	0.22738042717723636
RAVER2	0.2377705633857939
LZIC	0.4625099177904036
RBP7	-0.5687270160434386
FBLIM1	1.0575003354873922
SLC25A34	-0.16311983692047116
AKR7A3	-1.132854619295578
DRAXIN	1.1508062590212285
PDPN	-3.405293508127698
DHRS3	-0.01952621608475336
SDC3	3.1083030093227806
PEF1	0.9967635911158051
RBBP4	2.5510619122925724
TMCO4	-1.7911881919427046
CAMK2N1	2.2216498183203
ALPL	-1.6318105161535097
WNT4	-2.619000055597067
TTLL10	-2.3016204097048347
SCNN1D	-0.5155474783187998
MEGF6	1.9406236232137275
NFIA	0.1852875829896824
OMA1	-1.8565148161107488
MYSM1	-0.16643423060470347
TM2D1	-1.5535394261086
USP1	2.4916524236615456
FUBP1	2.3231693653756076
DNAJB4	-0.513804136131271
LRRIQ3	-3.3472925409599488
LRRC53	-4.780549273942984
TYW3	1.0160930665348904
LHX8	-3.4109377523983984
SNX7	-2.775056230789939
NTNG1	-3.5150316376104507
HENMT1	0.5578511907581976
AKNAD1	-2.814313411261902
C1orf52	-0.15335818353635472
ATXN7L2	-1.3903941594500306
ZNF326	1.4175694371662153
HFM1	-1.3130819152223656
BRINP3	-4.314370809911426
GFI1	0.44308238019028495
KCNT2	-3.286933263013974
AGL	0.9329719889537696
EXTL2	0.8968548481950858
SLC30A7	0.34299182305895726
ZNF281	-0.1305382788526934
ARPC5	1.6537714622062007
CADM3	-1.4404792263308108
ZNF496	2.177709047629444
TRIM58	-4.678077736678023
IGSF8	0.4259385896077039
PEA15	2.208526627649677
PEX19	1.176314137010633
NCSTN	2.5150966628327818
VANGL2	3.28118305018772
OLFML2B	-1.986704381639572
KLHDC9	-1.036743976377443
C1orf74	-0.28060013147248497
FLVCR1	0.9325481618780077
ATF3	-0.09457193798043523
RBM15	-3.1295063269830696
DENND2D	-0.23558973461700428
TDRD5	-4.812356079870812
IER5	1.3200511588488626
BPNT1	0.9378845346547272
SPATA17	-1.476556529592033
C1orf115	1.5164018889121023
BROX	0.2696764822426289
NBPF8	0.17122823943402704
ACP6	-0.7962299464498602
MT2P1	-0.41244269310194565
KIF26B	-1.1073111791421646
TFB2M	-1.1189108493146547
CNST	1.2958316930694092
PPP1R21	-0.8469258902621132
KLHDC8A	-0.2846675374918265
PKDCC	-4.447965291080289
B3GALNT2	-1.6656727882150164
MAPKAPK2	2.1294323161083692
CAPN2	1.2616839974400746
MRPL55	0.8943007191486482
WDR26	1.47998606566
REL	-3.335139952981415
PEX13	0.3364688357412791
DISC1	-2.2869961256703104
LRRTM1	-3.8057257793351753
DPY30	1.4440165153090152
TYW5	-1.197157052303277
KCNF1	-1.3333660992747718
ARL5A	-0.06787626560275929
KCNJ3	-2.76350703997684
NEUROD1	0.33625838898023735
DUSP19	-0.3366242265603585
CFAP36	0.1666464873707704
NUP35	0.6031701910190546
CCDC138	-1.3212520715295073
FBXO41	0.019358582554851407
SMC6	1.6352925582176618
CCDC74A	0.5068689829540893
SLC16A14	2.3160188281409386
EN1	-4.3969165290595305
SGCB	0.9827557091668612
SPATA18	-3.488109293152707
CFAP221	-3.266558445106712
SGPP2	-0.38712561726375644
INHBB	-0.8042356206490071
BBS5	-3.272256229234094
SMARCAD1	0.8009707478308985
PDLIM5	-1.161562858023876
RPRD2	-0.7782904743894481
MSX1	-4.707588131726463
PACRGL	-0.5527960376727471
LYSMD1	-1.042304098705907
SCNM1	-0.22863192394319864
VPS72	3.358350565693253
ERCC3	0.9792139034845591
RNF149	-1.0626588115913298
IWS1	-1.0969357263508914
BOLA3	0.6292384069343393
CDC42EP3	1.1204418036701638
S100A11	-1.3598969060769457
DHX57	1.0225696532705888
ARHGAP25	-0.9069022650984828
TGFA	-3.714639627632168
CCNYL1	-1.3466728482489831
FZD5	0.24783885842118927
DCAF16	1.2882908555710866
NPPC	-1.6263199472875467
GNPDA2	-1.0114924078828038
PAQR3	-0.0902687775624286
NIPAL1	-3.6996304135125513
ANTXR2	-1.5710476452694833
HELQ	-3.253546932472042
MRPS18C	-2.5592513172375395
CGGBP1	0.03695812368568356
GPR155	-3.702883969462019
DAPL1	-0.49079936325317775
PMVK	0.69437303656097
PBXIP1	2.8866441472419453
CLDN1	-4.156859172889391
PYGO2	0.6317017588806066
HIPK1	1.6379714708473405
COL6A3	-2.793693961324038
LINC01116	-1.7002234739312798
YY1AP1	0.5889704143939385
KBTBD8	-2.2741398412156038
EOGT	-2.3993362083451495
POGLUT1	1.2157378796533835
SLC22A15	-1.3961751512656668
ATP1A1	4.805670807147514
SLC15A2	-1.405053597741443
EIF4E3	-0.16044323978295175
PROK2	-5.614500728415067
LRRC58	3.489563702392024
FSTL1	1.2747859637087573
ELF3	2.770922785768886
TMEM183A	0.19063684649468163
TMEM169	-1.1905758233900123
TRIM46	-0.4897688251060427
KRTCAP2	-2.4487221739525094
ARPC2	0.8989304718015276
CCT3	2.2659812540001254
SSR2	2.1736715415090933
RNF25	-0.49949309134872183
STK36	0.5046967278171007
ADORA1	0.5748875168594081
CCDC141	-2.4039032845566535
FEV	-1.7925265396868135
CRYBA2	-0.7326412399776328
CWC22	1.81138917357347
AZI2	0.9812008945378197
TGFBR2	-3.064563881015976
RETNLB	-2.6624679363433486
ANKZF1	0.34396030222993446
HDAC11	-1.1939819550977644
FBLN2	-1.447647912830836
GLB1L	-0.43486908308094274
STT3B	1.2149447019493667
CHCHD4	-2.5017650588702858
NFASC	2.7425794930511187
SERPINI1	-1.6417912931718985
CLASP2	-0.2350976536679057
SUCLG1	1.015176531034899
NUAK2	0.7882045927558236
PRKCI	1.6214656217451386
IFI16	-4.050637321213833
EIF5A2	-2.898479937000529
RPL22L1	-1.4333330335781835
PPM1L	0.755112482365678
ICA1L	0.3518939308094169
SNHG16	1.6152805106539436
RYBP	3.461442120654621
PPP4R2	0.041398176948593
GTPBP8	-0.19080558765109154
SPICE1	0.5002486633182283
CADPS	0.49266860962511655
NKX6-1	-4.252880380386415
CDS1	-1.1179756418318578
WDFY3	1.7340271556555176
COX18	0.5089658882994277
PTPN13	-1.5125401991247336
SYNPR	-1.483627789618068
THOC7	0.0547074009484702
ATXN7	-1.3973326248906894
PSMD6	1.0476540555181166
PRICKLE2	0.3097388428600204
PPM1K	-2.6667977933340854
GMPS	1.0760816292766995
TIPARP	0.4171453623576012
CCNL1	-0.5427673168812833
PTX3	-3.0286007192745936
DCLK3	-1.327137690658705
SLMAP	-0.9179593870576107
RPL9	-1.9775688686490394
SMIM14	-0.5021605367093447
RPP14	-0.7611792889411277
ABHD6	-3.1357840845694334
RBM47	-0.6022347706308727
APBB2	-0.9811046623562528
IL17RE	-0.9272900581290225
IL17RC	0.966813983609002
CRELD1	-1.7505155716933751
PRRT3	-1.5766095488520218
PCOLCE2	-1.1096057258651382
U2SURP	2.13546350130829
MTMR14	-1.1801572942778193
TTC14	1.9389748546326446
MTHFD2L	1.4550882486052006
CXCL1	-2.4492568498428144
RCHY1	-1.5103291656572722
GYG1	-0.6816237018138862
HPS3	-0.6390765312832202
TM4SF18	-3.8866275606680816
TOPBP1	3.7808724088223897
RYK	2.3558705862974665
SNRK	0.15658323326043064
ZNF513	0.9166452861586575
SLC4A1AP	-0.17425659326024978
KIAA1143	1.1857993498810289
KIF15	0.22404040658748942
WDR43	0.43547962986447103
ZDHHC3	0.48054219891716
CDCP1	-0.9557114815481337
SLC6A20	-1.3135870681826423
LZTFL1	-0.3993239310647127
FYCO1	-0.8942737786431431
ELP6	0.7056699630805782
DTX3L	3.8059341303427545
ZNF148	1.4797131358085724
NMNAT3	0.5820598398403113
SMIM12	2.678487899809194
ZMYM6	-0.6608329929909973
TPRA1	0.2931964252001075
YEATS2	2.980035156620551
GRIK3	2.0247955128798325
MEAF6	0.6220948378284941
SNIP1	0.6567548237702934
DNALI1	-0.7380593221111902
POLR2H	-0.8332544758670434
KLF15	-4.394923345915535
CAMK2N2	1.0699959599997249
TMEM41A	-1.2808756945621305
RPN1	2.068341446631202
SENP2	0.7683678189017711
HEYL	-0.7968553090033783
IFT122	0.25637000556307765
RFC4	0.6896219730127459
RPL39L	0.04136282483320547
BAP1	0.767717030142772
TKT	1.3529213992047977
PRKCD	-0.688803790790984
RFT1	-0.9598987258642411
SFMBT1	-1.0990083961451036
GNL3	0.9730909982945251
PBRM1	1.7230418444131055
UVSSA	-1.4890656530061745
ARHGEF3	-0.32136944086839225
SLBP	2.0957987658680275
LRPAP1	-0.33828680172972303
UBXN7	-0.964141930352289
RNF168	2.0096050874704967
PIGX	0.40940997219616865
ABLIM2	0.06589344819200728
EXO5	1.4787668366071245
C1orf50	-0.8680175909581308
ERMAP	-2.633365380911768
ZNF691	-0.39837128044738773
AIMP1	0.3831264899129015
SGMS2	-4.700954559005011
METAP1	-1.099637290508894
DNAJB14	-0.4630758002328111
SLC9B2	-2.249420309553863
BDH2	-0.680062708375087
PGRMC2	-0.19901071569017886
CDC25A	-0.22764456356201884
ZNF589	-1.354629560559917
PLXNB1	2.9255911150670837
CCDC51	-1.4475222345255159
ATRIP	-1.7538273437509693
SHISA5	0.24536319398928763
SPRY1	-1.8310633456494663
BSN	0.1192706554840067
APEH	-0.06825592718451151
INTU	-1.2115122761395072
RNF123	-0.3287339724059757
HSPA4L	-0.3289037820242263
MFSD8	-0.07060457550979243
CAMKV	0.7865880317212782
MON1A	-1.4023627771250768
MST1R	-0.710191702547043
RAD54L2	1.3759380490792494
TEX264	-1.4061962421687646
GRM2	1.8442150600483824
DUSP7	-1.4613809307048327
POC1A	-1.3937361022157913
WDR82	1.106993327918591
PITX2	-5.992710982768171
PRSS12	-1.8793140334819056
HMGB2	2.34600802522365
SAP30	-0.5097931131864308
HAND2	-4.74683212081819
MAD2L1	1.2242816979980466
ANXA5	3.2199584085201485
MAP9	0.20242878419993177
FBXO8	-0.7974576167320849
CEP44	-1.2310327682153606
HPGD	-6.0602257396316395
NAA15	0.7611770506170809
ARFIP1	-0.3398418014416004
ICE1	3.3507167772507813
HHIP	-3.1707209795815943
ANAPC10	-1.9217539742501015
ABCE1	1.015522235644571
OTUD4	0.16407359732401294
LSM6	0.32961932957012385
TMEM184C	0.5012581827416964
PRMT9	-1.3066463185558268
ITGA2	-1.4762088242846558
MOCS2	0.6190876255975575
EDIL3	0.01083366720411314
TMEM161B	-0.2602039228584498
ELOVL7	1.4195528460043922
NDUFAF2	-1.179244645539602
LMBRD2	1.1752076828144398
NIPBL	0.9777760485368346
RNF180	-1.9657868962710885
SLC25A46	1.5819758575138656
STARD4	0.7158407983435108
PGGT1B	-0.9244880519706433
CCDC112	0.5180935589188941
CMBL	2.1963098232675824
C5orf63	-2.2362880838899835
PRRC1	2.105634740148501
F2RL1	-3.4623346338769028
AGGF1	1.1160289441996427
WDR41	-0.017587832645472694
NDUFS4	0.980816281414702
GRPEL2	1.1254997791453423
ARSK	0.032228339100538746
RHOBTB3	2.63231626812298
TIGD6	-2.0094435968518947
SERINC5	-0.6785431775079027
CASP3	-0.8616523962920792
PRIMPOL	-2.4241817672430557
ERAP1	0.4340356884176135
ERAP2	-0.5704961436771256
CMYA5	-2.1889717504062833
EGFLAM	-3.7751609918747557
CFAP97	-0.2761336397045765
RICTOR	0.9618096135274001
EBF1	0.6780860212368066
ANKRA2	-1.0940009981961845
UBLCP1	0.3072255519347504
UTP15	-0.09930555800806451
NSA2	1.0312067740139523
GFM2	1.302176662741794
TERT	-0.4097578350733245
CCDC127	0.3239173198009592
ACSL6	-2.593162261152973
SHROOM1	0.08052022027773154
UQCRQ	1.9151374053896126
GJB7	-3.889419587159466
SLC35A1	0.44186660480415635
GRIK2	-0.500191402030867
FABP7	0.5143476747745068
TLX3	-3.372180511841397
TXLNB	-2.067097615218928
CITED2	2.9383533837901012
CREBRF	-2.499298444608455
DCBLD1	-2.5216733868049404
SFXN1	0.13060743047616397
DACT2	-1.4853861234775243
PDSS2	0.04275711499844732
STXBP5	-0.02974390129999843
DAGLB	-1.3935501851934493
STK17A	-1.1932950237714635
TRA2A	-0.4681843974118655
GALNT10	0.6856893183378635
SAP30L	0.5943778302147416
RPS14	2.76342503859335
HCN1	-4.363483774803907
COG5	1.6563412625940832
NEUROD6	-4.598961980124842
SLU7	0.37763903564704004
RP9	-0.7388040977829125
PTTG1	3.1541334207489107
CAMLG	0.3597439170563113
BMPER	-3.0427034478657604
KCNK5	-1.9629252555899108
ZNF12	-0.3874333444827776
SLC29A4	1.3479752894905237
CDCA7L	1.4544461465857887
SP8	-0.6009046028094751
MIOS	-0.4211946154560853
USP49	0.42864634318416134
SYTL3	0.591324043668859
HEY1	1.4848666910744306
ZNF704	3.8304299114287255
FABP5	0.2760707580666213
COL1A2	1.714536190419436
CHMP4C	1.9263068875647753
PGAM2	-2.4994311297257266
BRI3	-0.2709302960580116
LMTK2	-0.05654588981474145
CTSB	0.002015342569937571
DLC1	-6.457371093163756
ADCY1	3.087745727423485
C7orf57	-3.3619212535138088
HNF4G	-1.823438444761265
PEX2	-0.28592369983325094
RAD21	4.136667064403931
MED30	0.22248240872945507
TNFRSF11B	-3.804158916586404
SBSPON	-3.754235261992997
KCNV1	-3.31961655982831
CSMD3	-4.507669691015839
SPIDR	1.913601231271487
ORC5	1.5514794626071131
OSGIN2	1.8374354702845652
DEFB1	-1.2483678937611484
SUN1	2.900809371260064
OXR1	1.265575192789434
TMEM74	0.44129830356207106
GPER1	-3.8140928819828726
UNCX	-3.3688338901026724
TMEM184A	1.2515405967084254
MICALL2	1.7832877891157308
INTS1	3.3067681510067652
CDK5	-0.5411477804611228
SLC4A2	1.2515965002412712
FASTK	1.5216905794602604
TMUB1	1.6566812446110084
PHAX	1.273984548864053
ALDH7A1	-0.23270113987787056
FOXK1	0.9421261873023796
COX6C	3.0733404192650196
OSR2	-1.7164672514854382
YWHAZ	2.0788455161596153
BAALC	-0.8159259120702529
FZD6	-0.2241274346378286
CTHRC1	-1.109007852167105
SLC25A32	0.8775093162380226
DCAF13	0.22924424440494198
TP53INP1	1.542158213425377
INTS8	0.36113308473966277
FREM1	-2.0931550607294596
GEM	-2.7907347951488943
PDP1	0.14627125892488385
TMEM67	-1.843647594589625
RPP25L	-0.8309822873979427
FAM219A	-1.1184148223676966
SNAPC3	1.8309471345612072
NUDT2	-2.9683730974577345
TMEM65	0.15958310938736964
PSIP1	4.519952845317827
CCDC171	-1.676809583576863
UBAP1	-0.12439571745701432
DIRAS2	-1.244001474637766
SYK	1.9788563132160384
NIPSNAP3B	-1.6393704609087916
ABCA1	0.5352294950998089
NFIL3	-0.9193265263314597
LETM2	-2.936513884776147
METTL2B	-0.4609865883330982
FXN	0.19262550025865172
ZMAT4	-1.6565396480280827
MAMDC2	-1.7157353003919553
ALDH1A1	-2.710255298829134
KDM1B	1.3971656970773865
HGSNAT	1.2191185222877525
RASEF	1.416962259794545
GKAP1	-0.16788124975826796
KIF27	-2.438976635058504
HNRNPK	1.34117924159985
SVEP1	-1.3993960374378989
ANKS6	0.7493876782917944
FBP1	-2.2936031965736317
ZHX1	1.8657863966938975
DYNLT3	1.396185223600868
MID1IP1	1.3689994167192348
KIAA1958	0.3736566672438953
PTCHD1	-4.055951070493555
RNF183	-0.47075891553708227
PCDH19	0.7670530586828607
PIGA	0.505415085296833
STRBP	2.1033392165017974
CLDN3	2.03339492538031
GAPVD1	1.2639384663842346
WNK2	2.994187283369712
ATP7A	-0.4330927289006707
ZNF367	-0.8365972176554957
NLGN4Y	-3.8009006305102533
HDX	-1.8956567981229655
NDUFB6	2.0286433033418487
NOL6	0.6930206111843565
AQP3	-0.9993279807453151
TRMT10B	-1.102694981925653
VCP	1.7024086449496794
PIGO	0.47260914155834566
STOML2	2.4100962854774224
BRWD3	0.5282165787924518
SLITRK5	-1.889825488844021
MELK	0.504153912529966
ARMC3	-1.9340950465299813
OTUD1	-2.564029310072316
ARHGAP12	0.4159408941670533
FAT3	-1.7712888081751499
HECTD2	-0.33486147266649546
SLC7A3	-1.7902534028122437
FBXO33	-0.5085873422028817
LRFN5	1.188500545621563
SPTSSA	0.5753142229009108
WRN	0.5583412996146657
TSHR	-0.7795422670355798
CFL2	0.5668200653345594
SUGT1	1.7730288053132337
GTF2A1	-0.5060992273270617
PGM2L1	1.1866252344130777
PHYHIPL	1.589228390288915
SLC16A9	-2.3753000412248424
INPPL1	4.34127730757598
CRYL1	-2.7419504901544656
REEP3	-0.5083466333298192
SKA3	0.9464558989636588
MICU2	0.001730818172348634
DDIAS	1.442131221284978
PCF11	1.2674222082805597
PKNOX2	-4.226110684323749
LRR1	-0.9580629770034395
RPL36AL	2.0552763638469305
DNAAF2	0.596352781414618
ZNF22	-0.3100266456437481
KLHDC2	0.8537685404095259
EML5	0.09681843910204387
NEMF	1.2910407195896754
RPUSD4	0.27627205301730806
ARF6	3.4049271278176603
TTC8	1.7954650612858185
TMEM63C	1.5873740147758975
NGB	-0.5571717180833569
AMER2	-0.8850224196987649
KBTBD6	0.5782850210413455
OTX2	-3.9269431542983377
FAAH2	-0.3570073358048261
DRGX	-2.922374036695933
NUDT5	0.8040882697637449
DACT1	-0.9304039819686792
BEND7	-1.5381563449483493
PRPF18	-1.2675956837621447
TAF3	0.9788258364824421
VSTM4	-1.6184784696261751
VDAC2	-0.8163980238607774
COMTD1	-0.36029668750680277
SLC18A2	-3.879701759314215
PDZD8	1.7988690607844116
ZNF503	1.12893797281721
QSOX2	1.7686468016208015
FAM204A	1.1420312514914026
NSD1	1.4175901790013157
PRDX3	0.6379464831217879
ENOX2	1.5661863015542954
GHITM	0.605701175760923
SNAPC4	1.0997663658798165
PMPCA	-0.5870489366447452
TSC1	-0.8267597602515301
HPRT1	0.08264883964084367
ZMYND19	0.9998472328508191
STOX1	1.2680272692866768
RET	-1.1764820405474345
DDX21	1.6202502650244588
BMS1	2.8981473711646184
STK32C	-1.1539109577864701
FUNDC2	0.9840710985714095
METTL17	0.2515690614670078
NDRG2	-2.8161547231515898
ARHGEF40	0.9721089643221943
NSMF	2.382302248387324
ZNF219	0.7901741169798816
CASP7	0.6916008698309855
PPP1R36	-3.139231593506826
CCDC186	0.757072673957304
VWA2	-0.23007371544466082
METTL3	0.6564693244777601
SALL2	4.388806807143837
TRUB1	-0.41541203736837484
ZFYVE1	-0.20470440095343087
HSPA12A	-3.919484099328724
FRAT1	0.3932066712107437
E2F7	2.868877042615453
ARHGAP42	-1.0640602930431067
ISCA2	-1.1479059324506216
OTOGL	-1.6314236997365938
PACSIN3	-0.8308382376105252
TTC7B	2.118898598847029
SLC39A13	1.4848664226694472
PSMC3	2.5047547765685954
RAPSN	-2.7257591517400095
TC2N	2.194003145256572
CPSF2	1.020924679698922
MOAP1	-0.03157707094872947
IFI27L1	-0.9697264885494762
IFI27	-0.8825386233513947
CLMN	-0.6719214281481324
PDZRN4	-1.9146877617353866
NELL1	2.1318329549019386
PTER	-0.11363872721081361
C1QL3	-0.8654169030526073
CACNB2	-3.54290380248591
ARL5B	-0.6660888365429588
SMCO4	-1.2016896463976559
TAF1D	0.3176300798757043
ABTB2	-1.664941071263652
R3HCC1L	-0.09757121035708548
AMOTL1	3.191406222871539
HTRA1	-2.261511816622798
LIPC	-3.109444038921566
CEP57	-0.1992677491917076
TCP11L2	-1.0493803954055116
SPRED1	-1.1474438381598668
GPR176	0.16421765300281732
JAM3	1.6250934829056858
GLB1L3	-2.1285883500223948
ADAMTS15	-3.2451476694681136
SVOP	-0.7333312972109162
GPT2	1.9188002161231636
RAB8B	0.4740091536229651
IKBIP	-1.779723058506468
RPUSD2	-1.9778718757877773
HIF1AN	1.9566851640109437
NDUFB8	-2.013860445477654
ZFYVE19	0.03178115148645219
SPINT1	1.4580934546594155
FBN1	-1.4381663687819721
LRTM2	0.8732852974484578
BRD7	1.1517066170320658
CKB	3.337686048185529
TRMT61A	0.39678804640518894
BTRC	-1.89199416658133
POLL	0.9307902700688165
BAG5	2.4189754907825534
DPCD	-0.7911679089850518
LARP6	-0.7105815374075484
API5	2.3424236891039523
ZNF319	-0.4780863041021961
HPS6	0.1343022834215811
SENP8	-3.0590485874811595
NOLC1	2.828575608111804
ALKBH3	0.6329424368721109
COPS2	2.311339037130047
GABRB3	0.8536624640780797
SGPL1	1.1360999947567556
FRS2	1.2558701891750252
CCT2	2.2208424633839456
PCBD1	0.9717054170961583
ARIH1	0.54984534328669
CLMP	-3.9598173142401443
SCN3B	-0.7913952778900503
COX11	0.7269469366406851
ZNF202	0.5434478981074999
FAM227B	-1.9740444447354641
STXBP4	0.007699593264486762
CYYR1	-2.2657194509528265
CUL5	0.13974628550779183
WBP1L	1.0914894529993493
TMEM100	-2.173998484338032
ANAPC16	0.5671903034581091
SMPD1	1.8334804062778134
APBB1	2.3329953973948143
TRIM44	3.6136133969619575
ILK	1.7826002071606348
TAF10	0.7932500934833402
TPP1	2.54263690268048
DCHS1	3.7391045400405645
NETO1	-4.013570335908694
CYB5A	2.247680252340587
USP54	0.3083330352889235
ATP9B	-0.848724678361253
PPFIBP2	-0.25911804614667894
CYB5R2	-2.533301678326169
SERPINB7	-4.01767900331645
SERPINB8	-0.9110840086728313
TUB	0.4535669370539217
RIC3	-0.5462651574784555
LMO1	-1.5427234208497798
IDH3A	0.7888685666464275
WDR72	-0.11304628179784867
CRABP1	-3.211457771514159
ZMAT1	-5.015990578193162
XRRA1	-2.2225605761081093
TRIM66	-1.8863339464480335
RNF169	1.0736340386656529
RPL27A	1.8369217981130508
CDYL2	-3.3159741735990518
TMEM130	-2.6930510810520922
CENPN	-0.670023707562591
AKIP1	-1.8990122441346553
ATMIN	0.015603803481335604
TMEM41B	1.1155497222252782
LEO1	0.06942738985072976
ZNF143	-1.742014030908898
TMX3	2.0757507834704416
MFAP4	0.9391901482349739
WEE1	1.5302510163561274
MAPK7	-0.24384634954261697
PRKCB	-5.200069270977349
MCM7	2.504003391074945
CLEC4E	-4.331153073295658
ZNF3	1.0420456752964842
ZSCAN21	-1.3240244727701695
HSBP1P2	0.7261264154912177
RIMKLB	-1.4793087561283906
BEAN1	-3.3009334739456837
TK2	-1.889154637916133
TMED3	0.864877272127594
SLC38A8	-2.866821561333078
SEC11C	4.383884055361845
TMEM135	-0.08247879999263441
IQCD	-1.5057276017585477
NDEL1	0.1703023360040067
CENPV	1.4994876523972256
HSP90B1	3.2526503702690683
MC4R	-1.9443383987963767
BLCAP	0.7418135331612146
COG1	0.6900175773361933
PLEKHA7	0.841539312662894
ZNF606	0.06646234619690652
ZCCHC18	-2.369113868866286
B2M	3.5829181411092264
ZNF592	0.9919961537710122
HTR3A	-0.363214530759637
AP1G1	2.5259079321146816
SLFN5	-0.49322348354137774
CATSPER2	-3.2259830618532055
ZNF667-AS1	-3.1472684691145254
SAAL1	1.3716435424777746
PPIB	2.31551647727825
FAM111A	1.9013711431459739
KIF7	-0.9311549865026153
PEX11A	-3.2733432583294526
TMEM170A	0.9247806513666806
MESP1	-1.3054136182825051
NAV2	2.398271056013672
ANKDD1A	-0.936136792320563
C18orf54	-0.796732030431485
DCTN5	-0.34425161054890546
TERF2IP	0.967530742784919
PLK1	2.204013661384097
CLPX	1.8617307690464402
ZBTB39	3.4620378925660207
CACNG2	-3.8360972242877427
TAC3	-0.7498754663171551
NAB2	-0.02103759048473816
VPS39	1.3816313057925784
STAT6	0.7820616990630647
PATL1	0.32005491424459676
ELFN2	0.5637997867975265
STX3	1.8921061034507063
MRPL16	2.164934182372805
PIP4K2C	0.9793872624391623
MTMR10	-1.3822731909554071
YWHAB	4.806013923425117
SCG5	1.1052349686056577
GREM1	-1.318743984717006
NYAP1	-0.6507271945330594
TSC22D4	1.5836171238060917
DIS3L	-0.41728683639920716
CCNDBP1	0.05012875245098509
SMAD3	-0.5826205887305926
MS4A8	-0.42340002134013033
CCDC178	-3.3329697097673106
MS4A15	-5.265847965754794
MAP1A	1.5563003357856546
RCCD1	-0.6527188860678892
AKTIP	-2.71299623505794
MAPRE2	2.7379402318567556
EVA1C	-1.4059005461219871
MBD6	1.5568619268075659
CNPY4	-1.0746788880904028
PDIA3	1.6340056592254206
NUDT21	2.420989059977487
NAT16	-3.5298604331621473
NKX3-1	-0.8207153474891711
SGSM1	0.45967632724308555
DUSP18	-1.7771076106436858
TEF	2.32516803837021
PBX3	0.8946823344783978
SNRPD1	-0.4743528805251444
SAMD14	-1.44440559246317
PIP5KL1	-3.053596794359383
ACSF2	-1.1500351907772741
GOLGA2	2.0141427346264775
TRUB2	-1.0267800193255114
COQ4	-0.8972255311122697
SLC27A4	0.8142425866354174
URM1	2.248110790941146
CERCAM	-2.6706400098583893
DOLPP1	1.5087558795666816
ENDOG	-0.9449903442271632
C15orf39	1.8963846825729846
ISLR2	0.1057168028203934
SP2	0.8098130791203282
PRR15L	4.069836398220505
COQ7	-0.24170274052639276
GPRC5B	1.66810767450313
CRK	0.15030674821213963
FBXO22	-1.066580052015251
TBC1D2B	0.8452141902447494
LOXHD1	-1.7097212507059327
KATNAL2	-2.211949111737719
HDHD2	1.9284496251028198
ZNF91	0.19612133123650505
IGF2	-3.523276520216401
RNF214	0.6071072567670268
CDK12	1.135089279892796
DUS2	-1.6274124376406751
POP5	0.6170684101617978
ENGASE	0.7827331716394581
RBFOX3	-3.631950343485733
TBC1D16	2.8338646782877164
MYO5B	1.6218942167453645
ACAA2	2.1497695305238618
STIM1	-0.04987924281510791
RRM1	2.715103831443633
OR51E2	-4.247356844529136
TRIM68	-2.13871481212487
FN3K	-1.1141218146963485
PRRT2	-1.2103274210556239
IRGQ	1.0647283128631548
ZNF226	1.0338127269988806
ZNF180	-0.029368424898581047
PPP2R3B	-0.24274168827733691
ZNF668	-1.7219714663942876
ZNF646	0.7603881184870611
VKORC1	-1.2832647584196812
GNG8	-0.1643136660608476
CA4	-3.8053802655435787
SMG8	0.9846685895668096
TPM4	3.077751905743292
RAB8A	2.236673643732291
GPX4	2.2335038024673377
MIDN	1.532107268231825
JSRP1	-5.4565680940088965
KLHL26	-0.298404368755609
GATAD2A	0.9074121204270039
MVD	1.1992847865992053
CDT1	0.7903971019367056
TRAPPC2L	-0.09378759886873696
ANKRD11	0.641639834364348
SPATA33	-1.8956486851968168
PROCA1	-1.5370925101661272
RPL13	2.465246356206686
ZNF641	1.5479760271801042
CACNB3	2.6511208635775474
DHRS13	0.6720579383662115
TP53I13	-0.5724383294228875
KMT2D	2.140220282579703
CORO6	-2.6938612634037415
RHEBL1	-1.6310691522915786
TUBA1A	6.614757917639364
TUBA1C	3.5529168083384755
ZNF610	0.36380710322466303
ZNF528	2.1140301123063225
ZNF701	-0.393260955057829
SERTAD3	-4.186551875035652
NCKAP5L	0.5988302336123457
RAB4B	-1.3738822228677507
GPD1	-0.7209587190363772
PROSER3	0.8194592800570915
NFKBID	-0.6486827619418698
TMC4	-0.9428508447930171
LENG8	1.5151958103206316
TMEM145	0.5388124692128541
ZNF526	-0.6986124423303229
TRAPPC9	2.129193568933258
ZNF146	2.1729483567855574
ZNF283	0.42972752374106626
PPP1R14A	-3.3439996446513587
SPINT2	2.613002796731819
YIF1B	-0.06425202119485753
DNAAF3	-2.3572877702762103
ATCAY	1.1874841281655932
DAPK3	1.2328831840710361
EEF2	3.344847968684739
CHAF1A	0.298713924224855
UBXN6	1.9186903946943794
PLIN4	-0.9017947223932469
SEMA6B	-1.9616404300496026
ZNF444	1.9865647510507047
NXN	-0.33310335900055904
GLOD4	-0.4388379272887991
MFSD3	0.8170378273114022
KIFC2	0.7436761248930277
SLC43A2	0.004607787270325086
WDR81	-3.1163863950165216
SRR	-2.1115894262944748
TSR1	-0.5734595605594226
HSD11B1L	-1.2747755741434583
CYB5D2	-2.900512814770939
GGT6	-2.060972289616763
KLK1	-1.2427303140707475
KLK11	0.9452111053343109
ZNF83	2.027428082253503
KRT80	1.0948246354600581
KRT1	-5.7452047511711175
OTUB1	0.4474125044567862
RCOR2	1.4042505851063722
ANGPTL4	-1.3463502658661328
CD320	0.6160991514652606
SPRYD3	-0.9918436279778357
SOAT2	-2.784387531058309
ZNF558	-1.1035661292554844
NDUFV1	1.8983947092081737
CDK2AP2	0.5467423327903195
PRDX2	4.359421709278573
ZNF232	-1.5127790110426147
MIS12	-1.0317173233539347
HID1	2.428311138961412
EVPL	-1.4850308995640138
SRP68	1.6701985813859745
MGAT5B	-1.8181711309901483
TK1	0.279433120464044
TMEM68	0.06672495198769345
GHDC	0.05900182073370382
ZNF598	0.6108549395378842
RAB26	-1.4903635789138852
MLST8	1.6212429819152536
E4F1	-0.6635396318715506
DNASE1L2	-3.090042803005392
ECI1	1.1219520055148415
CASKIN1	-1.3870486428378381
ABCA3	-0.12257640159539349
KCTD5	1.067373542420766
SRRM2	2.547496540421855
ZNF597	-4.011764427486729
SDHAF2	-4.24574955414483
DDB1	2.3594424427730285
VPS37C	-0.7897149849501256
VWCE	-0.22303320900429577
BEST1	-1.497291526092349
FTH1	2.6727371696443454
BSCL2	-2.3125497636994914
POLR2G	2.30041602121091
SLC3A2	0.868660225374809
ATG16L2	-0.6310952777493931
C2CD3	0.8300854395091994
TRANK1	-2.757568063127062
RPSA	-0.2568505511997912
ENTPD3	-3.737128279243655
CTNNB1	3.166564332392414
FADD	-0.7070532580590275
LTBP3	-0.25615875299147806
NAALADL1	0.3668840230306211
SAC3D1	0.3672568826565655
SF1	1.1976476647627534
MAP4K2	0.21177883834913663
CCDC88B	0.18389470538377312
SCARA3	-0.8349840211163793
PBK	2.8403273083496754
PNOC	-5.362164277224027
COPS6	1.1146797240319786
PAFAH1B2	0.5217489508751882
ANKS3	-1.0556401579854608
NUDT16L1	0.6898959920949304
KIAA1586	0.475835597163739
RAB4A	0.8899282638684549
KCNJ4	-1.9604586816255238
SETD5	1.2782241167201887
VASN	-2.218876302071923
FAM83B	-2.2828153029139875
THAP9	-2.4528329874204977
RNF187	4.053012711366942
HOOK3	-0.19180167452252814
MAPK1IP1L	1.3941653965778975
DDIT4	2.4684880408647687
RBPJ	-0.7302185808303043
LMBRD1	0.7764290478818489
ZCCHC4	-2.332629393938018
TTC39C	0.35059082719398826
GLYCTK	-3.8919216656148303
GNG4	2.907538080506614
UBTD2	-1.441288747409735
POLR2J3	-0.45303616585578144
NKIRAS2	1.1947142625825733
DNAJC7	-1.4646526974595828
IRF2BP2	1.787002350540047
NT5DC2	2.121851173798171
COA6	-1.3383282340895688
KIF5C	2.2132607263625665
MGAT2	1.4148331146385151
BMI1	0.6471626993052858
THAP11	0.8426201925012862
MMADHC	0.006939944320521817
PDHB	0.21810676523881584
PXK	-1.4857667363834726
PCMTD1	-0.09219375629211714
KCTD6	-2.231864348998292
MPLKIP	1.9538762224775428
IRF2	0.4639919927210848
MOBP	-1.9116256911527674
DEGS2	-1.6503362859278428
ARF4	1.7331179525132816
MFSD2A	-0.09077757301864091
DTYMK	1.623412990638935
TAP1	0.19596195600777308
ING5	-0.6979607684331205
ATG4B	-1.0364510507186881
CMAHP	-0.20065714672599233
RFWD3	1.7395901041943467
COG7	-0.44114143986798793
CDC40	0.4269500957924572
STIP1	1.9237676890904085
HR	-0.12509505652350902
RAB31	-5.561366559199263
REEP4	0.706222096191741
TNXB	-2.306063087379038
BMP1	0.4524727900684568
ATXN2L	1.2147159474706772
PHYHIP	-2.39633055362039
CCDC110	-1.3377514191852315
POLR3D	0.09909507244969305
FEN1	3.5705257874830196
MTCL1	0.7568309166778634
HEXIM2	-2.653916491507794
FNTA	0.03731919451742856
SERINC2	2.9783588538324643
TRAPPC11	0.3414540332725643
COL3A1	-3.319004277019222
GFRA2	-2.4683022878308636
ING2	-2.9375028827580523
CDKN2AIP	0.2096122726562394
SNRNP48	0.8396027561317051
TMEM223	-0.39640722651519916
SLC20A2	0.15453372977728072
TMUB2	0.7621152895203785
STAT3	2.5442118498369837
ZSWIM1	1.068578549368875
ADAM9	0.8890794069893356
GDNF	-2.4704894727806046
AXIN2	-0.541152634635773
NDUFS5	2.4869787412440734
ZNF30	-1.7928914237977058
LDLRAD4	-0.525273880299036
KCTD19	-2.1934196189626096
TMEM208	-1.1331147597347813
LRP1B	-2.6726616343890144
AHCYL1	1.9267440148055246
DNAJC21	0.9652284857478424
PKIG	0.34381188524844297
NPNT	1.1867553373461373
SEMA4C	2.367939846961456
CNNM3	1.939029016847217
GSTM4	-0.452943518911277
TET2	1.1852540009071832
CXXC4	1.225322917163845
TCTN2	-1.6217465586641586
SHOX2	0.0034675535673164455
PPIP5K1	0.49018827847631835
TSPAN5	-2.007935911152821
ABHD15	-0.8876949508178302
ZBTB5	-0.3184236212094416
CHTF8	0.500937795529937
LCMT2	0.5720460523311494
SNTB2	-0.01060665337459097
ZNF507	-0.06556033761864688
STX18	0.3489725192687888
GFM1	1.8447250883280497
FSTL5	-1.5118920825905964
DDX19A	-0.6113654022321476
ANKRD49	0.33684322948782575
USP39	-0.566565294795602
TNIP2	-0.48304941465044376
C2orf68	0.39457037822979246
RNF181	-1.4351686226759606
LRRC28	-0.8532164413380894
MAT2A	2.619926129481857
ENHO	0.5695022454418924
ZNF608	1.8147458226785325
SLC35G2	-0.5321493341976261
LETM1	0.44464664534696524
TMEM129	0.3499542265441677
PPIC	-1.2152594548590605
CEP120	0.7357807702566008
STXBP6	-0.921574201123503
MFF	1.5791448511770947
GRM5	-1.7176133368611848
LGALS9	-1.1165948582692264
JMJD7-PLA2G4B	-1.7199938204197376
CPLX1	-1.24861684663921
PXDC1	1.1308911113979554
E2F6	-0.38719477747065806
FEM1B	2.41982359813938
COMMD8	-3.1379867653067275
UQCRFS1	1.0251039751326412
COL4A3	-2.866841217320045
MAP2K1	-0.5324867875690932
HNRNPH1	2.1709738588870766
IRS1	0.3675411551334591
MECP2	0.3853053955443104
UPF3A	-0.2761580148150115
ROR2	-1.0588951928161197
AR	-2.6847465211130213
DHRSX	-0.8946412181553711
HSPBAP1	-0.9891810710136445
ASMTL	-0.6738040496182538
SLC25A6	2.755660262761937
CHST14	-1.7233253507976345
PARM1	0.4935153256983453
CSNK1G1	1.1162792835361706
FAM110B	-2.859092742246138
ZNF354A	-0.4964439081887351
ATF5	1.4065697657977652
UBE2V2	2.4698021939618062
ZBTB43	-0.26297263082125294
CPT1C	0.8710970462362527
PCSK9	-1.650907899266804
XPO6	0.10972737358941449
MN1	-1.5125143108566153
APEX2	1.8690445525385062
NSMCE1	-1.5607793628370512
CCDC126	-1.6640084264433654
RAB3B	5.559778697036595
CD2BP2	0.8234467784358025
RGS14	-0.4505454705804703
TBC1D10B	2.2264394778888406
LMAN2	2.475068447368319
RAB24	-3.4791429327484487
PRELID1	0.9626462549469855
THBS3	0.8511751099756679
CA5B	-0.10828440362907123
SLC50A1	1.3763504511195934
EFNA1	0.7483265764806254
NPIPB3	-0.91533556683204
ZRSR2	-2.1210906573734203
NMD3	0.7178548996741771
B3GALNT1	-0.13340464019884232
GPRIN1	1.6105235998591385
MRPL1	-0.5449150355985308
SHE	-5.681090942395335
NR0B1	-4.981115663089199
PGM2	0.5728610315015941
STK32A	1.790388708223071
SLC33A1	1.324068723094566
SNUPN	-3.532517417787153
CRADD	-1.4245064140072463
SIN3A	1.1709947272009957
ARL13B	-0.40624100473494335
PTK2	1.9687053981367657
PTPN9	-0.3219363890769207
NPR1	-2.9179356559678453
KCNK9	-0.9232580201027125
CXCL8	-2.8850331163828247
SCN9A	-0.03819327582471991
RASSF6	4.369009448339435
COL22A1	3.583067960345432
SDC2	2.1535322137733584
MMGT1	0.17402068679383717
SPRR1B	-3.721011876018002
SPRR1A	-2.6452625001295273
TM2D2	0.05435230608921102
PLEKHA2	0.690389553468505
CLIC4	2.459467012625918
CCDC8	0.4649055430907178
METTL15	1.0469869199205732
MUC15	-1.7478531093306109
ZEB2	-1.685911617278661
GJB1	-2.3560661488272956
PCBP1	1.4423186043321208
HINT1	0.9091322514498635
DTWD2	-0.12369874625708911
INO80E	-0.7580399894220343
DFFB	-1.3435724393107866
NFU1	-1.2020769570992995
ANTXR1	1.9161714814152149
CKAP2L	2.0745844845874046
C15orf40	-0.2737720315135891
BOLA2B	-4.08466780883823
RGPD8	-0.9661203726276809
HIC2	-0.30282374232576115
LUZP1	0.23779683562594953
BUB1	2.7180047374239313
LRRC45	2.1068752198331016
CHRNA5	-0.304598791652314
AGPAT2	2.1827327898224675
ASPSCR1	-0.22542278201299001
FASN	3.275475612129416
CNBP	3.671620325179388
MT1E	-0.7186058685217026
DUS1L	3.636956494753431
GPS1	3.309366961553328
RFNG	1.8590975207453957
DCXR	-0.3041884469385901
ZNF32	0.664381224018768
RAC3	1.0375556319015504
LIMS1	-0.6935808547806833
NLGN1	-2.6783090434425616
TAPT1	-0.9102986856805233
UGP2	1.6391394935410593
LINGO1	-1.0016339455859702
HNRNPF	3.0407852220324507
CSGALNACT2	-0.18098756312953135
PCDH7	-2.6697837475759645
ROBO1	1.95438596011196
ONECUT1	-2.3426198754897696
P2RY1	-3.6041311580297317
CTNND2	-4.652430040066908
TRIM56	0.7022444567796917
REPS2	0.9137767751785284
SYAP1	1.8487507910983845
TPST1	-1.1293698571935469
TOR1AIP2	1.7027083336897133
TM4SF1	-0.7121798959771034
OTUD3	0.7078788908166909
OTUD7A	-1.0051565071224164
GUSB	1.7006329537826141
BRD3	2.3040006266995876
KLF13	1.7488077767841594
ZFPM2	-4.315224581325872
ZNF764	-2.1191227396716563
ZNF747	-1.1738067024554042
ZNF768	1.8209947333157566
TAS1R3	-2.8515659413133703
TMEM42	-3.318435890837463
MAP3K2	1.2821278042860345
PUSL1	-0.34669254080058715
SF3B5	2.825970149506597
ZNF35	1.6844057918776212
IFFO2	-2.951931177835005
NLGN2	-0.4909939476680645
CHD3	1.4325918313915753
TMEM154	-1.2320592807373079
MYRIP	-1.9370441356289547
ALCAM	3.235050504619119
YWHAG	3.2668550860054366
UBE2E3	1.4196377848485902
CNTROB	-0.14286262651186843
TRAPPC1	-1.42287364346535
KCNAB3	-0.476194429400057
GPR37L1	-2.2912141861637676
SIMC1	-0.32903821527814975
TMEM192	-1.4144947905745422
ZNF778	-0.13578257752026698
NIPA1	0.46638074306906124
UBE2E1	-0.4968805563940422
HNRNPA3	1.736693255800598
SIK2	2.15452231990857
RNF150	-1.9998297381865915
CHRNB1	-1.0388902484308358
USP38	0.5809877686130629
NANP	-0.3906141868412891
PWWP2A	-0.09154191886409871
USP47	1.2319622208552756
PDCD6IP	1.8100756591299532
ZNF212	-0.17878030265394695
FAM161A	-1.3010121894021145
ZNF282	1.9890311344610787
GLB1	0.5038962314711123
FAXDC2	-3.8024041040742715
CRTAP	1.359042416322446
ELP5	-1.945513960256827
GABARAP	-0.6410616352384815
STX8	-2.1479033246016934
CDK1	3.314409927292119
UBB	2.2229431261145227
NFRKB	0.40860451591606844
FRMPD2	-2.3180986664680634
PRDM10	-0.17126793900506865
B3GNT2	0.46499942906602193
FOS	-2.1773228812128416
TMED10	3.6753714364651944
SETMAR	-1.066090334725519
SMAD1	-1.4763085706751726
EMX2	-3.6359002069788087
SEMA3E	-1.9178076142797522
LRRN2	-1.1253110947305895
SLC30A1	1.5845305379211871
DCLK2	-0.5805901626815048
ZNF804A	-2.6818519442475397
GPRC5C	0.1831368550550247
TMEM182	-1.4888805401735177
VSTM2A	-2.23753401562266
KRT8	4.956830909707995
MGMT	-2.931707851246927
KRT86	1.4025572253799357
NFXL1	-1.3671923251269498
KRT75	-3.5174535765727253
DENND5B	-2.0893700204365304
DNAJC18	-0.08122528713725448
RALGAPB	2.3861569127636604
KRT4	-4.421432821252484
LONRF2	2.22262207845091
NUDT9	-0.4215591795029271
PA2G4	2.532833435883378
ELOVL6	-2.218923627740109
KRT83	-1.5995533660687133
PFKFB3	-0.16324013392018505
ARL6IP1	4.183711676972879
SERPINB9	-1.791922274024277
SMAGP	-1.3473901271839392
IRX1	-4.6537224353753865
CDH2	3.3659228650191633
IRX2	-0.14566854131513834
EMB	-3.365742891626157
SIX2	-0.2042446671167952
DLGAP1	-2.458240959055932
STAT2	1.664075240286705
NUDCD2	0.014878878475838202
IRF2BP1	1.0655287749394826
HSPA4	0.8778735507851498
SLC26A5	-2.817543785622039
COMMD5	0.10003552232815101
SGCD	-0.44345961758116986
DPY19L2P2	1.2913849126540513
ZNF16	-0.3354544759100228
ARMC10	-0.7404852537463508
RNF34	1.1362732009653702
ACYP2	-3.3517619283448945
TRABD	-0.95819806319741
ATF7	1.0034382687911807
SOCS6	0.2065377281774044
HOXB9	-0.4411790795365472
POLH	0.41390750311865926
SYT9	-4.186970865497958
KCNS3	-1.8546098188470173
KIF5B	2.2897298098908996
GPR37	-1.3475983760258687
AKAP13	1.0658214926725937
CDCA4	0.880048708984702
CHCHD7	-0.22742076359859634
FOXN2	1.0267360474873517
CELP	-3.4479384971189773
USP32	-0.5613968679051095
CEL	0.5051851556129466
PPM1D	-0.6822066569628962
GPR27	-2.043826898999868
KBTBD2	-1.1688135099916015
TRIAP1	0.4561738775550425
LSM3	1.1893442377822152
KIAA0232	-0.5892952564609145
MTSS1	2.997452081490921
TMEM43	0.04338937951167465
RNF139	0.1222850308522357
RPS9	0.3075092888777214
TSEN34	0.28109555831371325
TRH	-2.60435938745105
GSTA4	1.27318844415484
MSANTD4	0.850949831423425
NDUFA3	-0.32523004149940715
PAQR8	-1.789376279876055
TPT1-AS1	-2.776755104721209
TANC2	1.4196740629172644
DNAJC24	0.730354204174387
ZNF160	0.9378710361348755
ZNF415	-0.2930968467408994
DCDC1	-2.3533113592243984
PDGFD	-3.5436379868059387
S1PR1	-4.595695718406104
HS6ST2	-3.296129716793048
PYGO1	-0.5883773696264841
LRRC8E	-1.5267983542618329
PKIA	1.490557706743868
TSNARE1	-0.6281524484802393
FEZ2	-1.962510575111889
C11orf24	0.7313306950007877
ALK	-2.6646173114907796
MTM1	-1.303149142737311
TRMT61B	-0.4673903934583126
INSR	1.7140908418235359
MFN1	1.0511980599074928
NRTN	-0.2801557385382576
KCNMB3	0.43924414064280387
KCNG3	-0.13392689504130847
ATP6V0E2	1.455007466341453
PRKCE	-2.303197231360421
JAGN1	-1.910640463866486
TADA3	1.64796736099902
SOCS5	1.0477424881035016
C1GALT1C1	0.820194922108553
MORN4	-1.1483575924990592
ZNF672	1.3806249660243148
ZNF692	0.7016041703888517
NAIF1	-1.090743817873333
TMEM126A	-1.3391899717401325
TMEM126B	1.6746745311929634
TRIM8	2.0429648182111273
NETO2	1.9574984903023287
CDC42BPG	2.477625682537101
SCAND1	0.045352380903412676
JUNB	1.0099496380956283
TMEM37	-1.7795978135284423
SHCBP1	-0.06018797721065819
NPTX1	0.7072088692086209
FAM98B	2.0463104392083
ZNF439	-0.6074254023551394
ZNF440	0.48035688626576134
GAA	1.5690221362622794
CANT1	2.37016583924164
KCNK3	1.4293227075271073
ZDHHC16	1.0910662906648194
CHST11	1.264332709801339
EXOSC1	-2.0106718113927977
PGAM1	1.1896503814643569
CHD7	1.4650367796776698
ESCO2	0.33553366421161707
KRT19	1.9895114285930904
KRT15	-0.7360208353153089
LURAP1	-2.36234322502847
CLCN5	0.786191705216143
TPPP	0.32233880279579025
KCND3	-0.6624494589284211
APLN	0.2349147580898291
KRT13	-5.233543780700832
KRT9	-3.939285988894973
MRPL36	-1.1388825868090442
ZNF581	-1.2256587836398363
NAT1	-2.43522970024492
KRT20	-1.5154065346042656
KSR2	1.19676235168728
ZNF524	-2.756845082852868
MCC	-3.3071147571818145
ZBTB26	1.4079419926685142
CDK5R2	1.3819230082047262
DSEL	0.7368868484726813
POLR1C	-3.081768127158574
ASXL1	0.8081241122491487
DLK2	-2.3103598708315336
ZNF562	2.1466369990282157
ZNF318	0.5182713207345117
ZNF561	-0.04038077620873559
MAP1LC3B2	-1.4577802052872881
WIPF2	1.3259114292830907
HOPX	-3.843047572622768
NLRP5	-4.10888215947833
LRRC8C	0.5998992917879075
RSL1D1	0.8414506127667762
LRRC8D	0.7548541977910413
PPID	0.9993073627600465
COL24A1	-4.680927345093262
ETFDH	-0.9086721773974806
LPAR3	-2.9102764926231077
PTGER4	-4.13772533667147
TBCA	1.087057370394733
NEUROD2	-0.2831227555815012
MAP6	1.7173774075620472
OTP	-3.8711110806106723
ECEL1	-3.9305477419252632
BCL2L1	1.5249342000905424
PLRG1	1.732574916717095
ZNF584	-0.9600851227609924
DSCAM	-0.20420255775389656
CLSTN1	2.288066913632948
CXXC5	0.39577337680814556
ZNF274	-0.4764347062949696
PIK3CD	-0.12426955402098204
SLC25A33	-2.2434574097264104
ENC1	4.4206934713001225
SPSB1	-0.03592481668949793
BPTF	0.2950295120042102
ZIK1	-1.8127601811850762
SHANK2-AS3	-2.1015455397989413
PLEKHG5	1.913170243919497
ATF7IP	1.9106155004911602
RGS19	-1.3374886562258532
TCEA2	0.41680742484630956
ANO5	-1.273829870897616
HDAC3	1.2124511830928169
GPHN	-2.2411114479307703
VAT1L	-1.1850941419081076
TMEM51	0.2525120041942204
CAMTA1	-1.3752115514850651
LRRC34	-0.9576054883767069
GATM	-3.651088761877243
NHLH1	2.3767069861906953
BCL2	1.7397429571700822
RHNO1	3.072734005808301
CTPS1	1.0303513131087283
METTL18	0.8346511254702687
CFAP46	-5.333688132364918
COL8A2	-0.6109765555504632
PWWP2B	0.9146039729468454
PCDHB1	-2.2795832128947056
FBXL14	-0.07663264080992635
EXOSC10	2.5385841272195457
ZNF570	0.9190615746202427
NINJ2	-4.166831169814663
MLLT3	1.814697534218014
RRM2	2.8841498780886323
TRAPPC12	0.09204748523719222
RPS21	1.8582228794182774
PTEN	0.0744742724004593
RPS7	1.0493764488786337
RNASEH1	-1.1380192599534387
PRNP	-1.200123589226163
FRMD5	-1.5970723735728958
TLN2	-0.8133888646235738
TVP23B	-0.5267230391063116
ZNF217	1.0046380936553363
SRGAP2C	0.5890231286382188
SCG2	0.6729155471193151
ATPAF2	-0.664977212610077
FOXB1	-3.53897938437152
PPIH	-0.2989134885513556
ZNF57	-1.56295360920124
JMJD1C	0.5316185010062894
SYNPO	0.08583638536456169
MAL	-4.626346064228504
ZNF554	-1.9822080687969228
RAB33B	-1.1630254011144074
THOP1	1.128833153164543
GAP43	0.9753580621347874
LAMB2	-0.04719066109840539
USP19	0.25468618496840734
ORMDL3	1.9368185104047348
SERF1A	-2.8770832333194227
KLF11	-0.3453018139398616
SMN1	-0.8075482533046733
EIF2AK3	0.4389263754541429
MOB3A	-0.6063349910036115
KRCC1	-1.8476344830533553
NME6	-1.0338199246024964
CYCS	1.0778933753582087
CD8B	-3.2610435921847287
CALB2	-1.6634833622063383
FRMD3	2.208953837648019
SNTB1	-3.4962402543419526
MTBP	1.859226536655089
TEFM	-0.5239337651317535
MRPL13	1.2303319500492695
MALT1	0.3523335427305815
PRL	-3.068805393971158
ISG20	-0.9853774723956463
MBOAT1	1.2422519326595398
ID4	3.6656876415227044
CEBPB	0.06725653056739121
ATOH1	-5.150198806727374
PAIP1	0.21687452243177796
C5orf34	-0.011020872894561435
NEGR1	-0.5310945355435891
ZNF131	0.29460466386695927
MACROD2	-0.2462769040897351
DPAGT1	0.1698996195128567
BSG	2.8807760987684556
HINFP	-0.11432793656472895
CERS6	3.6302886215225487
COPRS	0.3050978524329829
TP53RK	0.2899796370929664
BPGM	0.6577410712004397
POP7	0.5976847460625049
ALG14	0.5054285592431857
SUCLG2	-0.5133652617556319
CSDC2	0.15346217198650047
RCAN2	-2.0197106502017093
GNB2	1.3363304382561412
C2CD2L	-0.5217119668951737
ARNT2	1.2802806059045384
GNG12	-0.3370266264607673
SYNPO2	-2.761511073214545
CLP1	-0.2895536264680911
GTPBP2	1.0067538501403097
FGGY	-0.9183581347049693
FUT9	1.1829892003641582
TCEAL1	0.6869367589834574
ZNF24	2.6719248509897646
MANEA	-0.5132051422374367
AFF1	-0.20374550564309488
FIBP	1.3692322563637864
BANP	-2.177114407826023
PPP1CA	2.287133091778376
HCFC1	2.177241945567615
SNTG2	-4.57748180110555
PDE3A	-3.598017298010092
RASGRP1	-1.6018074102697557
CHCHD1	0.2994274087657198
MRPL52	0.3807045366081277
SMPDL3A	0.8415824032718573
RND1	-1.9255129019519504
RAD9A	-1.6499802933289194
EFEMP2	-3.4636807666194365
TMEM134	-0.6770911837420279
ZMAT3	0.5195820026230102
ZFAND4	-1.4908280368511309
THEMIS	-3.455894391075147
ZNF738	1.3731665515027223
SLFN11	1.238277340433721
CORO1B	2.977176954064288
FUT10	-0.44906291183290264
LRRC20	1.251575038642081
MUS81	0.007830252317009853
ZNF596	-0.7985964609340542
CFL1	2.0183442186802583
TMCC1	-0.7781944041624461
NAA16	-0.4494234004752032
EFCAB12	-2.7132379571187624
DCP2	-0.8823000298757284
ZBTB8OSP2	-0.3135913277705665
RPL38	3.999423902475216
CYP7B1	-2.1382943273299766
OVOL1	-1.918114072253264
RARG	-1.5493764411811932
CES4A	-3.6758854865606434
CES3	-0.8345544576387269
SSH3	-0.5625650175779849
CES2	0.33303921282309196
PDP2	-0.878638382742587
SP3	1.996039817456399
DMXL1	0.40643230707165856
METAP1D	-2.816859038356567
ZNF621	1.1651377894221164
EGFL7	-3.0967763036250653
NADSYN1	0.02690090294363013
DHCR7	2.93477129120889
NBEA	1.0608470769629939
RNASEH2C	1.2676795011779638
ANKRD13D	0.5568891571610384
MYD88	2.2978048969355624
OXSR1	0.8831122045023485
PHF8	1.0734878881225458
LCLAT1	1.6180716338082404
KAT5	-0.01236965518392722
SH3RF3	-0.6226761987501614
GXYLT2	-3.3651452270500646
DCAKD	-2.250356057111525
TADA2B	-0.1509248577798625
RELA	1.6213603514374397
EVC2	-0.7940008700664808
ZNF680	1.0192145827090642
HECTD4	2.2008505012371953
FAM222B	-0.3133172905979856
BNC2	-2.379452576045998
HPSE	1.418532391798179
COQ2	-2.0077426613376828
HSPA6	-3.747816598521092
TRMT112	-0.7866298792928652
LRRN3	2.1110155464148517
KDM2A	0.8373536802142233
ADCK5	-0.16214336424760206
MRPL57	0.6984585126582565
NOC3L	-0.11789131906813635
ESRRA	-0.35143408964923684
COMMD1	-0.7868661672640214
RAPH1	0.035342914713639165
MTX1	-1.541644338766517
ADCY5	-0.8761970171650574
PARP14	1.2275055062943274
CYSLTR1	-2.8722994793189804
CKS1B	-0.7464671632708562
ABLIM3	-3.1012840140023723
VANGL1	1.9045770357802498
GLRX	-1.96360012540652
IQCB1	1.4651060666531073
GOLGB1	2.132105048746971
ZNF483	-1.0421560303027162
GPR137	-0.9270609131277519
SNCG	-2.591294214948568
MMRN2	-4.065163135248661
MZT2A	2.3279335220540833
TNKS	0.9570665885859461
ZNF449	-0.7817278687981095
ZBTB21	-0.029166889890896386
PPP1R3B	-0.5247207422247212
FAM86B3P	-2.8476039991236584
STOX2	-1.575039475286527
MAP3K11	1.2758183989800307
TRIB1	0.35316384436838594
SFT2D3	-1.1760619043635872
NDNF	-4.179786736319693
DAG1	1.4038198718468327
INSM1	4.067788818329198
ARV1	-1.315753873357362
NAA20	-0.11265871308364261
EHBP1L1	0.1471249262343064
THAP2	-1.544438259715633
TMEM196	-3.0864102696240954
RNF26	0.4885320475814443
PPP1R14B	2.7936905588536685
SMARCC1	1.8830835233940795
ZNF417	0.12011020688094648
PTPRM	0.15914320795648154
FKBP2	0.6077781332673641
VEGFB	2.3065595179587817
PEAK1	0.6729892742027126
TNFRSF10D	-1.245126294673865
GMPPB	0.2802436079186253
MOB1B	-0.28380220374723386
ZNF622	1.739186526099919
CSPG4	1.0972104065972805
SNX33	0.33238916889191655
CHD2	1.578996954329644
CCDC106	-0.7207434581590393
CEP83	0.34420184283210004
NUDT4	1.3005589105473183
PC	-0.7592134652084176
UGT2A1	-3.937966424543917
SCAI	1.5923024817258389
NMNAT1	-2.047495864942734
LRFN4	0.7205528084439843
SLC19A1	0.8880506854478037
RCE1	1.989493426485572
UQCRH	0.8318684038253978
EIF1AX	0.07078899522315797
PSMD1	0.8381338195576842
SUSD5	-2.737333661573374
HEG1	-1.5149861419341089
TOMM20	1.4125634670868736
AGFG1	0.936271159262384
STAT5B	1.1290362890233938
CNP	2.191602703287243
JUP	4.0098060673765294
TDRD12	-4.52406528170629
EIF1	1.9964252554425237
ENDOV	-0.9587737074409034
RNF213	1.3557213069533802
TIGD3	-0.8770734256431869
KCNH6	3.7468313472168844
NET1	2.029779230387963
DPY19L1	0.549121428577688
ZNF791	0.8786157668514171
PHC3	-1.7386690399845508
GPR160	-3.862675254609491
CBX2	2.8297257124447386
SPTBN2	2.3744318290617143
GOLIM4	3.386754799329669
RBM4B	0.3171686381332077
HOXB2	-0.17859103211640076
C1QTNF1	-1.4446757705845856
SLCO4C1	1.8987295830072992
RBM4	-0.5341253670116115
XXYLT1	2.125181617039061
UBXN2A	1.0230507246899216
CCS	-0.06203411301531748
CEP19	-2.7285251511175863
KLHL15	-1.6131355422757374
FBXO45	1.563111853811999
GNG5	0.2909860209726201
SLC25A30	-0.901577966623295
CTSF	-1.105870504427943
LEMD3	0.7239883947726673
FAM174A	-0.9296325615695848
RGMB	1.0010644574659502
CYB561D1	0.025253172089371702
ZDHHC24	0.4840567188718322
TRMT10C	-0.0681481877727449
CTU2	-1.1324918078805009
MGA	-0.28879825816353777
PIGG	-1.3804983995136741
PRPF8	2.4092060835632427
ADCY6	0.18700109444946816
PITPNA	0.917106972271451
DDX23	0.895705416985599
ZNHIT2	-1.5631857910805582
ZBTB4	-1.2926471787604565
ZHX3	1.491977335788106
PHLDA3	-2.0922644917915316
SLC16A11	-5.212986555747971
CHRNA9	-2.160583607694728
STAG3L3	-1.383067592862361
SNHG11	0.7741983138600055
EXO1	1.359852106586514
RALGAPA1	0.12581906343448088
LIG4	-0.06337842171765912
GTF2IRD2B	-3.4881301261867543
ATP2A2	2.504603885260639
ZWILCH	0.9327534087446843
RPL4	3.532758582696757
SNAPC5	-0.24097338851995054
C12orf76	-0.8517127533026475
CNTNAP2	3.2607051176707644
LINGO2	-1.5329926120795268
DENND4A	-1.0613307426939393
IGDCC3	-1.5746431945133097
ANKRD36C	-0.420132760456673
SLC26A9	-1.9135702066815286
PELI3	0.521910559486421
TMEM81	-1.0149177200936674
MRPL11	0.6196860511918659
AKIRIN1	1.182096034260614
NPAS4	-3.862608089923416
MSL2	-0.4928595496134671
ZNF497	-2.998076479288753
ANGEL2	0.7951286844670595
UGT8	3.0394156873724265
IQCK	-1.5388790809459219
SLCO2A1	-2.693919242080694
ZNF266	1.7137888209934946
SLC29A2	-0.6788992981477946
BRSK2	-0.17539254085168443
TMEM167A	1.2651404043528862
SH3PXD2B	-0.8473980756182246
LARP7	-0.11891164375449972
FGFBP3	1.0508935300541982
NR1D2	-0.556767001354354
PABPC5	-2.5292666309303944
BRMS1	2.3242661105256275
RPL15	3.490497896894045
HRAS	0.7250739600075082
SRP72	1.2138464454712494
THAP6	-1.5761790932644641
CEP135	-0.330317208889151
FZD4	-0.4882174531477999
CD248	-4.120273468875657
DENND6A	-0.658743770775563
PDE12	-0.40374186755668495
GLMN	-1.4287050529088583
YIF1A	1.06148029435579
CNIH2	1.091598069798898
NDUFA11	-1.9006896732573526
RSRC1	0.4775247986098561
RAB1B	1.2220840421326222
PTDSS2	-0.5536302105203869
C3orf33	-2.0215292091220696
SEZ6L2	4.1116343331152905
ASPHD1	-0.4280054499393042
KCTD13	-0.3736033147093082
FUT1	0.531060063145135
DHX36	0.9826247181544399
ZIC4	-5.6965050644298945
FBXW8	-0.928232448513015
KLC2	1.7123490142911382
CTBP2	0.6984789572613694
CHST2	-1.3282430306809723
ZDHHC14	-0.11645968942617332
ATR	0.8820016515296804
UBE2C	3.8793177063431514
GK5	0.7874595969596159
VCPIP1	-0.26462665288243137
DES	-5.6442804883399615
PDIK1L	-0.267931382208777
SPSB4	0.40201617818660684
TRAF6	0.6850322398693597
ZNF654	0.3841853428455349
MRPS22	1.0240002709630551
PACS1	0.8554868609300627
MARCKSL1	4.266973604362135
SH3BP5L	1.3774428695559626
YPEL2	-0.010199005825328263
CADM2	-0.9603733771418113
ABO	-5.3954930340018015
PSMD2	3.5949385550273933
PPM1E	1.513012904928368
FAM131A	-0.5144726100193977
CSRP2	1.8447458828873942
PARL	-0.1659983801860826
DDIT3	-1.0348797552892741
PCCA	-0.5104668550538579
DCTN2	2.5406452690127104
NPPA	-1.8852081961257745
ZNF408	0.13316696127245514
CTDSP2	2.36951907519032
CKAP5	2.813999392320075
ARHGAP1	2.382634688716592
MED16	1.2608592959280271
ATG13	1.665377217785814
CHST1	-0.4753722429535949
GOLGA8A	2.5631672873662574
TP53I11	2.050529473738056
DOLK	-1.6857942478935433
PHYHD1	-2.8746525923674793
CCNE2	0.39323140010917035
PHYKPL	-1.340128601316768
ZNF519	1.3592539428480255
LSM1	-0.33704635764530355
BANF1	0.9080111359899771
TMEM9B	2.081060857086379
NRIP3	-1.1213873788047928
PTPN2	0.3689559413753652
SCUBE2	-3.175676975494423
EIF1AD	-1.5342106790825365
SMAD2	1.0795415712505525
EIF3F	1.6887651525959442
ZNF25	-1.4821467940548643
ARL10	-1.5437096616868407
CLTB	-0.49848291745988116
PCSK1	2.952816501352792
LPL	1.3488759401372938
CCDC14	3.601649805072435
SART1	1.670537105546805
PPP2R2D	-0.5095812254323935
MCTP1	-5.1853435901838045
DPP10	0.7244759805602984
LIPT2	-2.024969420536213
CABP4	-0.4758029678562559
ALG10B	-2.7986040321379373
DRAP1	0.632572779673554
LONRF3	-4.157495125014115
UCP3	-1.4845105020714595
UCP2	3.08782809041918
C11orf68	-0.7935770747614337
PAAF1	-1.5065610514557548
MRPL48	1.219332032513131
RAB6A	4.061002095831613
ERCC4	0.200560200886248
CCDC85B	-0.0029479131893244024
TMEM70	-1.4623459905578227
RPS6KB2	-0.1897988908337263
RMI2	-1.0573412383817313
TOM1L2	0.1830589517603352
ZNF77	-0.6371489964121758
GPR156	-2.3069763112879023
KDF1	-0.113515467434218
B3GNTL1	-2.197264066793291
MLXIP	2.987854170858584
RWDD4P2	-0.7554012338994357
NR2F1	-2.5993929650038594
AURKAIP1	0.4771929556924478
TOMM5	-1.518329962305438
SLC35E3	-0.3431037737134812
PRIMA1	-2.429783469917512
RUVBL1	2.0381578196117225
SFN	2.209413956676321
MSRA	-3.4168866376353644
CTDNEP1	-1.9040277623573194
ETV4	-2.648764484211725
SWI5	0.2677449676727485
BAIAP2	-0.03645871147444604
CALCB	-1.1575045585624624
CREG2	-1.7680919649118243
HOXD8	-2.0548055914400702
RPL7AP66	0.23868044105173628
ZDHHC21	1.5143087883734756
TSPEAR	-2.0442295847398455
PLEKHF2	-0.26969861611396445
ARL4D	-1.8955563142054768
DOK7	-2.730808724044815
LRRN1	0.5556140211511345
UBE2O	1.8032934094276574
UNC119B	0.5096577797407158
TUBB6	-0.5567000449862931
LYSMD3	0.5854553115455092
B3GALT6	0.6678741944479439
ZNF613	-0.6458154775422016
NUPR1	-0.2058560241988609
JAKMIP2	1.9058744305469486
RPL23P2	-1.056843408473285
MBLAC2	-1.331350846288573
TPRN	0.29731782251596384
SLC35A4	1.385817823432808
IP6K1	0.014035704586594335
SSNA1	1.17008456800528
CSTF3	0.9801273158202817
YES1	1.276614077882942
CHMP6	0.898115678273562
TMEM39A	-0.21255009861968813
TCP11L1	1.436187676201717
GPX2	2.377488167184007
CCDC57	1.8013039966377635
FOXG1	-0.38235891739667915
SPHK1	-2.7940874771945325
BNIP3	-0.37370986055373634
MYPOP	-0.23753997630822504
ATAD5	1.5139136014165244
SMIM19	0.04885225726653772
RTTN	0.015616981451762057
ACBD7	1.7982582409043493
ANAPC2	1.0379434132332048
ZBTB8OS	-0.044085265138701306
SLC35G1	-1.414581160434303
ZNF135	-2.214649125199668
COX8A	1.439935830246843
ZSCAN2	-1.2452131108808204
PRR18	-4.095640824595394
B3GNT4	-2.0164399390898384
HSD11B2	-0.5164547181710496
CRLF3	-0.6034861337598865
RNPEP	0.9862058671406286
EID2	0.6200453981471624
DMRTA1	0.11747896760653562
EID2B	-0.6514768841382549
RIMS2	0.5439811398412755
KCMF1	-0.5660443269752639
DNAJC30	-2.058289022299284
SPRYD4	0.2153974370515862
VPS37D	-1.9202428788410055
SYNE3	2.9449987082223195
CLK2	0.642990362387021
LPCAT4	0.03655504894887799
SLCO3A1	0.23054217256276086
WDR25	-1.818168649039723
DIRAS1	-1.5131075807513765
PHLDB3	0.23651564424165866
PRR15	-3.399758621027887
KBTBD11	0.2807770667537904
B3GNT5	0.9461709675938984
LMNB2	2.2567813539221366
RMDN1	-0.11798157952434535
MEX3C	0.613677707144354
RNF152	-0.7206088698099999
MYO1D	1.448998771834526
LRRC37A	-0.6215107825777118
BDNF	-2.3973402050361194
SCAND2P	-0.6114673002689941
CCDC121	-0.678195133611223
ACSF3	0.6589077329910317
BOK	-3.012767530435353
CDK5R1	1.8691770235327319
TCERG1L	0.032964356643819734
RUFY1	-0.36906586572881306
BASP1	1.2129306472237817
LRRC37A3	-4.397741443315485
FKBP9P1	0.24925028331034285
VSIG10	0.07561571898467902
MIR7-3HG	-1.1738627056881503
IRX5	-1.5101616826224171
METRNL	-3.7480243276789156
FAM91A1	2.088961537246695
WSB2	3.54017958980886
SOX11	2.2793594307798997
TYMS	5.268322350692904
PXMP2	-1.4904202754171416
TCEANC	-1.5135515296131206
PNMA1	3.3784822963970216
MAMSTR	-0.8601537075777991
TYMSOS	-1.4337425597899736
ANKLE2	2.6674750899660467
FUT2	0.1556021729882363
MUC20	-1.7640036831952732
THAP4	-0.39845951339984725
NFATC2IP	0.8824707215486463
LY6H	-2.226755389907401
FIBIN	-2.4225347203611536
FAM89B	-1.780879780358191
SHMT1	0.7135502443544856
DPP7	0.9161910087897732
SEC24C	0.6221562286915702
SMCR8	-2.490275015096568
MTHFR	-0.05654337599253209
DEAF1	0.1413869620311265
MTX3	0.8768004037731523
TMEM80	-2.958207356128356
SIX5	-1.2932180170487857
FBXO46	0.9785275408905266
ZDHHC13	2.391301997488796
SLC38A9	-0.6581865578839283
ACER2	0.2692149957144707
WDR73	-1.1037860376568251
POLE	0.6676607952455991
SCN4B	-1.7112233791261435
DSCAML1	1.5460097556121444
RHOG	-0.08192025978556751
EPS8L2	0.11768075765865862
ZDHHC22	1.1484577841576937
ANO6	2.173952443907213
ZBTB34	0.3394923511521336
FAM210A	-1.4693495361159767
TALDO1	1.3881999324120815
ULK1	1.8562129823869886
NAP1L4P1	1.6705491860321748
RIMKLA	2.267036409509859
CLVS1	-0.6649659325357089
RPS6KA3	-0.6061830073842985
B3GNT8	-1.329451604330474
PUS1	0.17719795513661668
PCNPP5	-0.46579432624673195
CHD9	0.5057488223160981
MAN1B1	-0.3373803903500965
KCNA3	-4.806733258042695
FZD8	-0.6778807698841929
CLDN22	-3.657211462525416
TOP3A	-0.09966308620197077
CASKIN2	0.1427175605493225
ZBTB38	-0.5562284788725396
DLGAP1-AS1	1.4649693370078072
CCDC71	0.53787097325495
TIMM22	0.4685683641579997
PPFIA3	-1.6905177383757
MAGEF1	0.6422601857223421
UMODL1	-1.723426869647067
ZFAS1	-0.7852985782607308
PAWR	2.328196956626194
TGIF1	0.05390395069004469
MIEF2	-0.009695380964446039
NAP1L5	-1.9278020499422424
CBX3P1	-2.4654505975656167
NIM1K	-1.419650976546533
ERICH5	-0.9203151947808379
NR2C2	-1.690459001219006
GPR4	-2.38866249877589
ACOT4	-1.8560276571871785
ARIH2	-0.012396291074732602
ZBTB33	2.467291629034099
IRX3	0.5531201566597224
ST8SIA3	2.481433637998243
RPRM	0.25160557174435855
SLC25A22	2.300091210693773
RABEP2	-0.5237280510058974
NHLH2	-2.085995993654737
ATOX1	-0.3361319010482068
TBL1XR1	1.763964325485829
SAMD12	-2.9291749283848123
C18orf32	-0.12333807344553935
PIDD1	0.6627427284401396
ZNF491	-2.1727933338262684
RPLP2	1.5301570677278622
JUN	3.8465892429376503
CSTF2T	1.9516260839418818
PGBD5	3.642943585409027
CASC2	-3.3526564725241177
ACAD9	0.9939142348269963
IL17RA	-0.03084817711232508
PNPLA2	1.3515423998746074
AGTRAP	-1.761133670805924
SRRM3	1.3074498796455756
THAP5	1.2255311250734673
CRACR2B	-1.6771800837073974
NAALADL2	-4.187432600976545
CD151	1.5956372157862317
POLR2L	0.10841851171446391
FAM20C	0.5549101760895506
ANXA2R	-2.032543343655812
FLII	2.0334583796646917
SOX12	1.804664646827508
HNRNPA0	2.503389110935547
CHID1	0.20968201466912106
PCDHB9	-0.32636307824481703
ZNF620	0.22125844523075566
ZNF518A	0.6864963166570089
TMEM187	-2.177858776353244
CACYBPP2	2.6488440096941255
ZNF619	0.33290579707764845
AP3S1	-1.0467439662857778
GRB2	1.112070892477147
ZBTB41	1.1596606657421824
UBE2N	2.6956126172341714
ARL6IP6	1.0433580891697591
ZNF354C	-0.21007418623102672
MAMDC4	0.8604816517382277
BET1L	0.8579686332494555
RPS27	-1.3131468029455768
RIC8A	1.8121123517426627
IMP3	0.1558578090459781
ASB8	0.6887804586022044
LCN15	-2.735138226510291
DPY19L2	0.12399225516850379
LRRC75B	-1.4108955177332028
DMAP1	1.7419298587502237
ADAMTSL1	-0.8787488074159694
IMPDH2	2.2773489583605904
ALS2CL	-2.3970354043000097
MLF1	0.4773171057693676
NDUFAF3	-0.4889348133708916
C2orf69	2.1134626667856047
GRAMD1C	-1.8753798086204947
STAP2	-1.2951296082817578
TWF1P1	2.186578809614865
BOLA1	-0.8301658759712607
PDE4DIP	2.025274868391724
DDX10	-0.5605584296313154
NDUFV2	-0.9610367033514113
DALRD3	-1.7895922350130193
ZNF114	-0.36561777136009066
FAR2P2	-1.0752032804921763
ZNF518B	0.30270365938853167
AMER3	-0.20936632460931953
LCORL	-0.7494319451118115
PARD6G	0.6396918261095565
ZNF454	-3.643095924408456
SH2B1	-0.22743239795399967
PLEC	0.7862773225691342
RNF212	-4.460064195541562
PRSS36	-3.9975634761032772
ZNF543	-2.5866759155036627
TMEM151B	1.3591918027700056
GALNT11	-0.23589413746572105
SLITRK1	-2.618393958342221
WDR6	2.4351884985734644
GEN1	0.402763637076573
TMEM11	-0.9234502677191475
ZNF354B	0.37971228627228293
CALML3	1.595830787165308
CALML5	0.20992266478260146
ZFAND2A	-1.9314383628558414
PLEKHM3	-2.052740729856655
FAM220A	-1.3649773165338928
DNAJC22	-0.8856556935663416
NEUROG2	-2.260094102634619
BEND3	-0.996372543481613
NT5DC1	1.3522993285968188
RPS3AP5	1.092124304658184
GLDC	-3.832033876874272
COX14	-0.2946412925332869
P4HTM	-1.028564547122058
UCN3	-0.37809055111501455
DTX3	2.902042651619786
KLHL11	-2.9091718577914403
NECAP1P1	-0.9690687660746448
CTXN1	2.4716499923457524
SLC25A20	-0.6397290974936762
CA8	2.2886565333209896
EPM2AIP1	1.7045899158033369
ERBB4	-0.3044113896301189
MAF	-0.385806482785857
CTNNBIP1	1.9714980342545179
GTPBP6	1.2234052173455787
ERN1	-1.0576381454196597
ARMC10P1	-0.22395346120763343
CSRNP3	2.0929915523555453
ZNF713	-2.005225490378113
PARP10	-1.093755502895118
SUZ12	2.0077827036172082
NSUN3	-1.3635138078684614
KCTD12	-0.2018072191224213
RPP25	1.8198770597017868
GRINA	1.6310755375404389
GLULP4	-1.8413963092409653
THBD	-2.8507107998155825
COX5A	1.1441135796042647
STX19	-0.1144503145967468
FAM219B	1.3485465671099444
ZHX2	1.5945854961447223
CPNE7	-4.577121766483057
MPI	0.8892144610130247
OPLAH	-2.246309521502166
TMEM52	-4.03237719062169
RNF186	-1.1493462259315133
MSC	1.1248111185584153
APOLD1	1.226864316848026
EXOSC4	1.241317074671713
DPY19L3	0.8296722061170447
TAF7	1.2396954173082904
ZNF852	-0.0860570505042737
FOXE1	-3.0936523608367716
PFAS	-0.5423816608072358
HYI	1.5087619247902722
LGALS7B	-3.9440439972481256
ZNF552	-1.412814648554152
GAK	0.7952069592358191
ZBTB7A	-1.842244734771918
TUFM	2.464000984744272
ERICH3	1.2009573458435097
RMI1	0.04088151544180033
CTC1	0.8919562364377724
FBXO34	0.007009235244745046
EIF3K	1.876997888847244
MRFAP1L1	2.803845197704678
SNX18	1.4301956648079441
AURKB	1.605391643634531
MRFAP1	2.1163992246990064
C3orf38	-0.5606072022268781
KLHDC7A	-3.393609038945488
TMEM107	-0.05125039758462881
RRS1	-1.0498896404124503
RCC2	2.1746168908245966
ZFP42	-6.035693382993065
CCDC89	-0.7245258226840396
DPM3	-1.6186177375686357
CYC1	3.631412707040783
PER1	-1.7429882053151937
TMTC2	2.39154522248283
FARSA	2.3467051699831285
SPTY2D1	0.4361224259597648
SAMD4B	0.9611875936178899
EDC3	0.36033026858005085
TCAIM	-0.4341026903556059
FUCA1	-0.5329067608513973
TMEM125	0.2300917388960422
ZNF664	3.4734600104442683
CALR	4.2876883560046135
MAGED1	0.5371894651267156
LDLRAD3	1.4694955124340854
CDH4	-4.096787654717904
RAD23A	0.054017397951469356
GADD45GIP1	1.0546464012903618
MEIS3P1	-4.020146876672901
DAND5	-2.4548171624871986
PTPN11	3.4620293831435704
NSUN7	-1.1579042865035072
WSCD1	0.6411060174208354
RAB39A	-0.0268760570490209
CLK3	-0.31449774049930374
ARID3B	-1.214444370894079
PACS2	2.612533165890131
ELMOD2	1.2694918618203046
VWA1	-0.05002440417408095
LINC00174	-2.232718850536904
GEMIN4	-1.019921150653754
FJX1	-1.1646345409223433
KLHL28	0.7760814302536085
MKRN3	-3.8790811249055768
ZBTB18	1.9915201496359887
SHARPIN	0.6067718298454423
DNHD1	-0.07584932787130946
SLITRK4	-0.06677874170748474
HTR1D	-2.4549299878611786
GCC1	0.4937633981021381
ZFPM1	-0.3095476478802861
PLD6	-1.088110882555175
GRM8	-0.5912408225806858
CDC42EP4	1.9652726221800874
DGKZP1	2.008077340669545
ZBTB42	0.20941804401197484
LACC1	-0.1713921044697221
MAF1	2.8814775566317157
RPRML	-2.9147172942530344
APOBEC3B	0.3997247406280229
PIPOX	-4.301396187288298
ATOH7	-2.1018177335683075
CDH5	-3.366496012023142
PCBP1-AS1	-2.8212337032513
MYADM	-2.7939524014839856
MROH1	1.1995047166634232
SERTAD2	-0.19814524517685791
AKAP5	1.0918903374247877
NKPD1	-3.0785774373671693
GIPC3	-2.063393243403582
CITED4	-2.461419072027439
ABCA13	-2.9026211472793606
NLRP11	-3.8891162047031704
TIGD5	-0.39998381800216176
PDXDC1	0.13786505538380645
PHC1P1	3.3294926390750526
R3HDM2	0.6181171197262958
B3GNT3	-4.201830492217
NRXN1	1.65772248474859
SEPHS2	1.4408887701983286
ZNF784	-2.578916388128545
C14orf119	-0.9251950013170588
BBS10	1.8393647666062563
FIZ1	-1.3887362732084594
PUF60	1.4940793726966253
SSC5D	-1.1367277678457532
DCTPP1	1.254785597684392
PPP1R14BP3	3.8188166636243084
TSHZ1	2.5321066113171784
SOCS4	2.292627628389469
ZNF48	1.2187650262128875
ANKRD18A	-0.7229207504431903
TRNAU1AP	0.006220962929900466
EXOC3	0.6263413881118296
CSNK1A1L	-1.3098243795104838
LYNX1	-3.227026046707691
RPS12P23	-1.0442397789079652
FAR2P1	-1.5363289077657534
MED14	0.880243006166765
FAHD1	-1.18711838959487
TDRP	-5.121364667485508
RCC1	0.905031276424015
PRKRA	2.200018416031687
HERC2P3	-1.6326021137814102
NACAP2	1.1037514029838842
ZNRF2	0.10008369589529015
ZNF816	-2.217771232270064
FGD6	-0.10393547195094299
PLD5	-2.6789407248487698
OAZ2	0.7577924754689636
ALX1	-3.3925469274083766
CCDC43	0.5015882449397158
FZD2	-1.9415500660208103
TIGD2	-2.3511616177132515
MTURN	2.2298000074816504
ZNF609	1.6931308025948868
PAK2	1.796260134473609
CCDC66	-1.1499298526426072
EMC3-AS1	-0.1133890059868372
MCFD2	0.5386621371697852
HARBI1	-2.276832859155053
C11orf71	-0.4112353400913947
GAS1	-6.143986213135385
ZNF571	-0.14078786372208643
KCNE1	-3.4650428737231107
NRIP1	1.4877167605669674
BHLHA15	-3.075231692022479
RNF182	1.8404381275138664
TSPYL5	1.2553911921359844
SRP9P1	2.8826401466481184
SKIDA1	-2.384537953174832
MB21D2	-0.7847602179605927
SSTR2	0.4501098403725242
ZNF594	-0.7414284684234003
PCGF5	0.5757369491957401
MAB21L1	-3.2803964115599347
YOD1	0.1308111291283836
EXOC5P1	3.1755733839905638
TMEM64	-1.4631526623764084
CHRM4	2.6275688298237245
SHISA2	-0.5526156282533017
SMG1P3	-2.607864899018148
PIPSL	2.1824428405096765
WDFY3-AS2	-1.6175149942209184
SLC36A4	0.9673033057786741
ZDHHC20	1.3904830518335463
OR51E1	-1.4928326519423227
ZFP3	-1.032650989696072
ARSJ	-2.499566969619402
HOXC9	-3.6348327660658946
PPA1	1.305469987916243
HOXC10	-2.9591818663982723
PSMG4	0.7464732681164186
BHLHE22	-2.3660490433175387
MAP6D1	-0.011185265221442543
ZNF443	-1.3642165910883122
PDIA3P1	1.6600903094547104
SSR4	1.1576833410176326
CAPS2	-2.262355296720116
CUEDC1	2.812182673483442
SCRIB	2.734462106428143
KCTD2	0.31522531547137916
D2HGDH	-1.0213434734975617
OXTR	-0.7517351875639023
CMTR2	-0.6187069622962134
FAM83H	1.104763472647318
ZNF572	-0.3811797093598798
PITPNB	1.8065986141531303
TCEAL8	2.2921892293675863
LRRC57	0.3698129488807915
MRPL14	1.0013200593318354
GPR137C	-0.7111679239073113
ZFP82	-1.312661240332801
NQO1	-0.5504456734965523
AEN	0.6444777200799232
FKRP	-0.7535220015936882
RPH3AL	-2.2335347099416754
SLC25A42	-0.16937707968503596
METTL23	-3.600438609641293
SLC26A11	0.42800137565580426
HIGD1A	-1.2715578812109831
MAPK15	-2.129048990930002
EHMT1	0.42259531223471636
ZNF707	-1.3433058611378055
MUC16	-4.373949570750959
NPM1	1.3563345674602074
PJA1	2.3316097252912953
DHTKD1	2.926902956701525
PENK	-1.1990318349459088
ZNF746	-0.16385920890354838
POLR2A	1.8250943643663935
TMEM132C	-3.336290791481291
MTHFD2P7	0.3549360287873337
FRAT2	2.0657762569095683
TMEM132E	-1.2880298163294228
ZNF322	-2.035528810476716
LRRC75A	0.7613263752916697
HSP90AA6P	-0.3193887790904149
DDX60L	-2.1361683306983483
OGFOD3	1.8173444580908058
AATK	-1.2919162082332285
DDN	-1.2691808813750147
ZNF467	-1.226041767402155
SOX2	3.208321988597816
ZNF678	0.04109625230346587
TMEM45A	-5.190842197864298
RAP2B	-2.8663810949722923
ZBTB2	-0.7529740870301024
RNF135	-3.1964771592017036
ACBD4	-1.314001535613557
SGSH	-0.4770953753678205
RPL24P4	3.059629214559716
FANCB	-1.591596910421383
SETD2	1.1451565499525265
MEX3D	-0.9989831677964351
MRPS23	1.419244269292764
TNFSF15	-1.3569477568769523
ZFP41	-1.2017041023757276
PHLDA2	-2.4284070950041445
ATG9B	-2.453387963706474
GPR88	-1.58051452585046
PLAG1	-2.5262953395506966
YIPF6	1.9055382493472552
ZBTB20	-2.458739729654682
FDX1P1	-2.679705618192351
AMIGO1	-0.8276212770853304
GPR3	-2.2623435778133834
SIAH2	0.12523647736721497
COPG1	2.9820936358657106
LSM10	-1.212180849996998
RELL1	-2.185883754296011
RFX7	-0.14729134122597876
SLC35C1	0.5280970026830776
RNF41	2.2192778940426066
IBA57	0.532844279025197
CLDN7	-0.17580830448912613
ZNF329	-0.6801484965893253
ZNF101	-0.33574971539359794
C5orf24	0.7229930866974836
ADO	-0.8636902553531441
COA4	-1.199674717610132
PRKAG1	0.6043075425253965
GINS3	-0.5700607651485153
CCDC149	-0.03609679556257879
MRPS11	-0.4260675824570769
SNRPE	-1.4239782860192376
RTKN2	4.063951408427462
CHST15	-1.5864141178812592
MGAT4C	0.03919720639761717
IDH2	3.4817846297565422
TMEM259	1.6524241444886911
TNRC18	1.8497696633004406
FAM181B	-4.117589675470744
TMEM30B	1.826691032213388
DEXI	0.2579331743832968
PPIEL	-3.8348620008174326
NOP10	-0.3803982302083257
TDRKH	1.6400569796252102
ZNF708	1.728174593991475
IST1	1.2200075786669093
ERCC6L2	0.09235718101949503
MRPL41	-1.407915203366046
CREB3L2	1.382928885553763
TP53TG1	-2.355581534315728
TSEN54	2.0096628160720895
RGMA	-0.3455468288249354
UBA7	-0.7220715888191274
MRPS16	1.8753785236189142
LDOC1	-3.9727315622322683
EXT1	0.016222501737607947
SHMT2	4.414548547003346
MOB2	2.1176936797936774
ATP6AP2	0.4872091666204036
BACE2	-1.8945008380107262
UBE2E2	-1.173569432947323
SYNM	0.2887113455513858
KCNA4	-2.2219498113559966
GABRG3	-3.6416441975809475
FIGN	-3.6082887957131002
B4GALNT4	1.7159347435526258
AP1S2	-0.7846505181823573
C8orf33	1.4927720408445775
ZSCAN22	-0.38761618190706143
FBXL6	2.4577215769827534
CRIP1P4	0.2734931334087619
KBTBD3	-2.0297146146174114
YBEY	-0.7519731998995038
CLN8	-0.6876909440846151
PLCXD1	5.020282925571791
NXPH4	3.1340373443942937
TRAPPC6B	1.1637126758137468
NPLOC4	1.8755128736815079
TSHZ2	-0.299739446636291
EXOC7	2.889608338700032
KPNA2	0.881914572582709
WASH6P	0.3427784536451439
XKRX	-3.076322579623215
BGN	0.2861446255079852
CEP97	2.150473593772659
FES	-1.478397633449657
GLRX5	1.9216904192880477
MXRA7	1.8475670124342978
LIMK2	2.0792956181903377
MFSD5	-1.2826901448035362
ADI1	1.3291300964211463
RWDD4	-1.269276287605588
SATB1	-0.40854880126140514
NXPH3	-2.5852306532593503
EPHB3	-0.5998874169206786
HS3ST4	-4.026979964076142
TRAK1	2.15612096390237
PLCB1	2.320067062481805
SKA2	0.3386732025825268
RXFP3	-3.2392252002822515
NDN	-6.08912495987969
NTM	-3.0698690490022704
TTC3	1.8557498653434916
KCNB2	0.6276807217594935
BRICD5	3.4680797320256818
GALR2	-3.4140811674622866
TSKU	-0.4385515075494262
ANXA2	1.0392827654175534
RGS6	-3.9173502853081614
HOXB4	-0.2810277883607188
SLC35D3	-1.6783275492454492
PAQR7	0.8515610058524907
NGRN	0.8288050766413957
GRID1	-1.3579960256741697
RPS17	0.5677092192724444
C1orf116	-0.8952302275929205
TMEM198B	0.5047178376888973
CRIP2	2.706602189205415
DDX28	-1.8682162594501774
ACBD3	0.6779640892892124
PLCXD3	-2.687054954013171
ALG12	-0.8066891888499202
LCK	1.3769979833985413
GALNT9	-3.4261631109553488
COL18A1	-2.834600956991408
RBM10	4.184665919685307
GLUD2	0.7135199429096332
RPL35A	1.4993763027967544
RGS7	-3.2720210184673895
ZNF721	0.08931760144335835
TCEAL7	-2.4242456539115365
C11orf54	-0.7932734537387569
CEP63	-0.7277621267874487
EWSR1	1.4610145655326139
HMGN4	1.7484675529422558
SPATA13	0.16619027704225556
GJC1	-0.22275521532727507
SOX1	-0.25585395021702945
CNOT10	-0.34825469825982325
MTA1	2.967515127134733
ZNF662	-1.3302607987423607
CADM1	3.3897818489026177
ZNF320	0.27635244891974464
PYCR1	1.5384943365126258
NAA38	-1.5973272086366577
AP2A2	0.1834882559813705
TPM3P8	1.017495485229464
SLC8A1	0.6767729120975887
SLC25A21	-1.0309875903805892
PCP4	1.8221569204830814
ABAT	-1.0425968488185409
SLC25A10	-0.816723542010332
CAMK1D	4.1799977436759335
RGPD6	-3.8894795406350378
LYSMD4	-0.8630353226640323
AFMID	0.09786268152491431
GAS6	-0.9027411214926992
NEB	2.216168593839271
BEGAIN	-2.2067731536560555
GPC6	2.2741512243351893
ARHGEF37	-1.4755722028837521
CSMD1	-2.2697548553490283
CEP57L1	0.341734757813087
RIPPLY3	1.5100006004118764
GPR19	-0.8785283998777657
RABIF	-1.0459911440042113
FANCF	1.4481861339410784
SMDT1	-1.3182762784268052
C2CD4C	-1.0074321161397208
CHST6	-1.6289768989335978
HSP90AB3P	3.400291990304439
RUVBL2	2.513663833207762
PTTG1IP	2.201774075516465
DDX41	2.3332627621045887
DAZAP2	4.243412002693932
CCBE1	-2.325246815018197
ZNF623	1.2363264869178505
EPHA10	-2.0298298687348275
CCDC125	-0.2884274516189645
BCOR	1.1141375585344229
JRKL	0.5039165096834209
FHL3	-1.0673536768775083
CCDC159	-1.5986712344719476
RIPK4	0.8689980830163793
NPIPA1	0.27818273425981066
SF3A3	0.3305799931230353
OR7E38P	0.49411599506075865
GRIN2A	-4.389412667875728
GTF2H2C	0.567009987901248
ASB7	0.16389223737621328
MX2	-2.6646290233259458
EP400	1.5481110520011705
MEX3B	1.9582135315705638
PI4KAP2	1.8556050214351325
COA5	-1.1422238552913926
PSMG1	0.6383825892245457
PRR14L	2.7241193282514677
PCBP3	0.24522487259454107
SETD3	1.2840098846126398
TNFAIP8L3	-1.1668406774033613
FBXL7	-2.297662471944018
HMGN3P1	2.485162406471196
TANGO2	-0.7185322888101549
SFXN4	-0.5687909006228747
MRPL54	0.5630597120367604
ZNF438	-1.7568867899835907
HMCES	0.25198929384757934
DGCR6	-0.48626516209614506
ZNF530	-0.01861173147523622
NDUFB1	0.08515503517074494
KLHL25	-0.7280071802212978
TRMT12	0.40649073913801487
GUSBP1	-0.3908271022901097
BMP8A	-1.7235254762748158
ALYREF	1.2920296805473366
EFHC2	-1.4879429971666698
UPP1	-2.442659479585336
OPCML	-3.1153979321894636
TRIM52	0.8324648977571859
CMTM4	1.1282595311818266
TMEM50A	1.3568082636191638
ASCL2	-3.96435774818926
TBK1	-1.60541171601748
CBX6	0.06273583021143381
MACC1	-3.0512345075456797
TBL3	1.1393573699516835
TRAIP	-2.6893556743799585
CHEK2	-0.9423375480749424
KCTD16	1.6084148582408382
B3GALT5	1.1836026662129033
ZNF703	1.1163104395267787
SLC35F3	-1.0320973606113564
KCTD8	-3.5427894266052484
NPIPA5	1.3999666089341325
EMILIN3	1.5606662832041402
RBM12B	1.4112348169100422
LIN9	-0.6164790172857079
BTBD9	-0.1693556313013297
NUDT14	0.8967803815048886
PNMA3	-3.392187418308158
GPR39	-0.45235139645263184
FAM3B	-2.4846636837880562
ZNF730	-2.7584418653289413
IQGAP3	2.4728443894575687
CNGA2	-1.3291598681055665
TOB2	0.27075704525772065
SCN5A	-2.5015011759490755
ARSI	-4.699312858792608
NPIPA7	-0.9753518155655434
TTC32	-1.8462357856343925
DNAH2	-2.847407426218506
PRKX	2.420292813562041
KCNH8	-0.13821183907962428
SMTN	1.1167646729498146
NPW	-4.390258290830463
COA3	-0.8847784772098707
NPB	-3.1201775924719493
ST6GALNAC3	-2.2304588232149842
PTP4A2	1.885846297123994
ACTG1	4.419575637232452
DENND5A	-0.6254617350121314
DIABLO	-2.5396546228536456
VPS33B	-0.11967310632889186
TBX1	-3.6838204143892277
UQCR10	1.1118536910018808
FAM120C	-2.107527066312744
BRD7P2	2.058361405756431
EIF3C	2.545881675008576
CLDN5	-1.0522404530424638
NIPSNAP1	4.090104814104313
CNTN2	-1.6709706384246896
LRTOMT	-2.1338383559658074
KCNQ3	-1.2655264228102765
ADRA2C	-3.3017820336015276
NR2C2AP	1.9362926879220943
CRELD2	0.7783739321828812
SCFD2	-0.5672879203281397
UBE2F	-2.344579761144149
KCNJ12	-2.6823693480142836
GPR173	5.433595889069359
PPP1R2	-0.8684102981821027
TSPYL2	0.93881433154372
PGP	0.9874959159099477
SNRNP35	-0.10898452252051757
IRAK1	3.22348079052241
CMSS1	1.980822918761943
OLIG1	-5.450612168687816
PCDH9	0.734085463205831
ALDH1A3	-3.5042516278519433
KCNK12	-1.0269416078714237
POU6F1	-0.30710428729281863
TM2D3	-0.4679805790459046
TSSC4	0.16369745752085885
TACSTD2	-2.8669101864253173
SIX6	-2.846654766394087
PRKD1	-0.23571492160571467
CCSER1	-2.252265016451285
ZDHHC23	0.8585763689811207
RPL23AP82	0.43833197033138727
SRPK3	1.6080808260950592
SLIT3	-2.7802870952489287
EFNA5	1.8095290986984496
MRGPRE	-2.131396894171145
PKP3	-0.5888001845780239
MAP7D2	0.7714977189868766
PLA2G6	-1.0018903046953607
MAML2	0.20166087734703292
SS18L1	0.5170738134949703
KCND2	-2.6605675779154256
TOP1MT	-1.9678120050838104
COPB2	1.9487708927662537
THAP7	0.47060032934678603
KNTC1	1.768580845054018
NCMAP	-3.1032910831299274
WDR27	1.0076765939344603
TXNRD2	-0.7280915526722986
FOXO4	0.360299891034044
POU3F2	2.93948011378062
PTP4A3	3.159542077426306
TMEM255B	-0.8163521596364552
HDDC3	0.11153088687762533
BEX5	-2.821762260850414
ZFP1	0.29181347446739536
DUSP8	0.3034875998155358
SOCS3	-0.15520333918453155
SLITRK6	-0.9177559031255567
XPOT	2.1934224496464605
PDE4B	-0.8143272427232174
SNN	0.12623754507197552
KCNH7	2.6075176791600465
NELL2	0.14389201202996163
MED12	1.5827016988550655
ZNF93	-0.5893203801194046
CDCA2	1.056256985460163
OR7E14P	1.68362223990278
RALYL	-0.6881130245807433
AMER1	1.3941935687227331
ZBTB40	0.16929525761089045
EIF4ENIF1	-0.08100017156747198
ATL3	-0.6390144450436726
NDUFA12	1.6739901404369715
UBE2G2	4.020253240002945
OSBP2	-1.9496716564309131
ZBTB7C	0.9898270672991955
APOO	-1.2034875421287787
TMED9	1.7938193731499712
CYCSP45	-3.552246942011061
TMEM186	-1.8619503502069714
SDR42E1	1.3101130206429024
RBM33	0.8299894705927693
ARMCX2	-0.17542362360764122
BTBD6	0.20370773407971762
RBM43	-2.090194157270662
SUMO3	3.3419903654863923
TCEAL2	0.7806133742734858
JAG2	3.271465383662405
FMNL1	0.13524007754578146
PTRHD1	0.04670689792377298
WT1	-7.244180174091776
ZFP90	-0.07611703353226437
FAM227A	-0.8730075612307711
MUC6	-3.086078647029771
NOC4L	0.02001471453357029
USP18	0.7710680582654678
NDUFA6	1.3763326736557184
SORCS2	-0.569385583691154
TMEM121	-2.5016257085861415
SIVA1	2.8894152644340005
BRI3BP	2.5676616890559503
DGAT1	1.0925862454667086
ROBO2	1.573764284530797
AP3M1	1.5948624328895509
F8	-2.0528066970074117
UBOX5	-0.6638031868276846
MAFF	-1.3873865499581104
BRF1	-0.7328684308728719
SEMA4B	0.508906829589996
CIB1	-1.4232483847800792
ANKS1B	-2.8608203726800046
NELFA	0.4553844294033534
SLC24A3	0.28865901579526126
FLRT2	-0.547472467816804
INTS5	0.22661435698213045
RPS27L	0.282398270217859
MANEAL	1.1110577223624523
ANO9	1.2700302582348757
FAF1	1.0460448344225444
FAM43A	1.063704565781084
HSF1	-0.030292098156888526
C6orf120	1.1360921037946858
PURA	-1.8253052910779106
INPP5J	0.6033724492959697
MIXL1	-5.480286009979086
LRRC37B	0.23500403874960446
DDX51	1.2282280267349635
NOMO2	1.4771594127082521
SIGIRR	2.8354126348149786
NRBP2	0.2297000661187142
TNFAIP2	1.2075022784281975
ZNF445	1.282001443202235
PGBD2	-1.131136273759493
RAB11B	0.564147199134131
PRMT3	-0.8671537926806936
PRPF39	1.6943809988907126
PPIL6	-2.5425931426713486
ZNF74	2.075194310912852
UBALD2	0.6073078965803812
NOTUM	-3.618372950500398
KLHL33	-2.882548453700325
CD24P4	2.0941092330328956
ZBTB37	0.22899073392759114
CCDC137	1.6200824802931844
RGPD2	-5.450858775385671
ARL15	-0.5214289306615933
C12orf56	-0.4831451005827085
CDK10	1.2215758278326527
SOCS1	-2.287336232970248
TCN2	-0.46923503581327336
GAS2L1	-2.623164153950845
ATP6V0A2	0.5432047503320124
HS6ST3	-4.634703001388964
HGS	1.1949706209141455
TNFAIP8L1	1.5540287260656915
RAD51D	0.8095585567306666
MAPK11	-1.8750662284018556
SP140L	-4.13859781412476
MRPL30	0.5464613216088228
SMYD3	-0.6404365799879808
IFNLR1	-1.1325548077063623
SH3BGR	-1.8063387290921111
FAM174B	1.5173007811405625
TMEM179B	0.014276495563126603
GPRIN3	-0.5272521262024551
PARPBP	1.429669944854457
STAC3	0.37962149723032773
ROR1	-2.528229823199512
SDHAP1	-0.21700011210289566
MUC1	0.6967907010026905
IRF7	-0.44114995338953134
L3MBTL1	-1.3962902116681823
BRCC3	-0.4528116871655321
SV2B	-0.07681396252098376
FAM131C	-1.9339273194912179
NR2F2	1.069158158127303
DLK1	0.27032077665001975
LSAMP	2.012005793963864
AHNAK2	-0.9854185331640062
OLFML2A	-1.9006040728474376
SP1	2.596099477500932
WASH3P	2.863547617676038
MRPL40	1.448039383820506
PDIA2	-1.262645579580581
PCGF3	3.7838889785555296
LMLN	-2.3510690146758697
P4HB	3.679066388638944
PSMD13	2.0811135503917733
PBX1	2.4451341753288744
NDUFA4L2	3.194947537587915
ZFP36L1	-0.8614265670711736
UBE2L3	-1.5996088737094414
NTF3	-0.17474427663112613
BRWD1	1.561572702677216
SYN3	-2.495524902206699
POU3F1	-5.044229470964586
SNAI3	-2.5976556738744585
ZBTB3	0.36101018799956314
PRAME	-1.207184835060744
MYBL1	0.21562040840066973
SMG1P4	-0.9856653973612263
DRG1	1.3034195430212587
ANKFY1	0.8307551538961906
YTHDF3	1.6981495320008881
ZNF696	-0.5618943861826294
ADARB2	-0.5887042951256226
NRG3	-5.305136620654426
SRL	-1.313145276287132
C11orf87	-3.605233628658755
IFIT1	-1.417153770974726
CXorf38	-0.8061048689261592
KCNQ5	-3.3701950784561117
MORF4L1	-2.253223429954801
WDR53	0.0733727639961402
DMWD	1.3793462414014404
SLC52A2	1.9416028681595425
PIGP	-0.3688034013496071
PCYT2	-0.1443437543996089
NAT8L	-1.0442061168365644
BCAP31	1.0465433052930369
ARL17A	-1.6571832928127594
RPL12P4	5.171105630758745
GNB1L	0.12041696640593186
DNAH14	-2.0098114907513898
NPIPB4	0.2809187917180358
ZNF829	0.45469715219365353
THNSL1	-0.7773401549327477
TRIM69	0.891318770258241
ATP6V0C	-5.084307254861432
LAMP1	2.9412711373817313
POMK	-0.4572536130608378
SETD4	-1.3312892408253847
PTCH1	0.2724222822550125
RTN4RL1	-0.13002152622345828
PAGR1	-0.22303054306907213
RNPC3	-0.2861423397125924
ZNF267	-0.4326661965598028
IRS2	0.8244393895916616
BICD2	1.6363494382155652
TMLHE	0.6054968011773939
GRK1	-0.9157737273117075
SLITRK2	-3.932282562241423
SDHAP3	-1.2534609337976015
RASA3	0.5504376926295608
LRCH3	0.33361510180330645
NDUFA13	-3.6259277879828336
ZNF566	-0.43167422912234604
ZNF529	0.09856646293129238
AIDA	-1.587698145565746
KRT5	-1.6387888103702788
GSAP	-2.568197119300758
AGBL4	-1.2540895175635984
CYP2R1	-0.9461192324177748
ANKRD46	0.6968132418843949
PIP5K1C	1.9236345921396862
ZBTB6	0.5208615172521628
C2orf76	-1.1261216142305195
POLR3C	-1.043341393852982
UBL4B	-3.023368448240184
WWOX	1.1728363397765413
BCL9L	1.363549971659773
POLR1D	0.2751950351428545
KIF18B	2.3142177488234337
ZNRF1	-0.11817942951194005
SAPCD2	2.4886042907981927
SOWAHB	-2.14894633908517
BLOC1S4	-0.992727612317754
ZNF749	0.522668739983149
KLHL32	-1.0965706666122006
ZNF17	-1.6397795984179597
TOR3A	-0.2902904743453802
PPP1CC	1.8072174163270216
ZNF555	-0.12823206408666615
NAP1L3	-1.0014901326579149
CA5BP1	-1.1461194855967933
PRELID2	-1.8980070940427913
BACE1	1.7390807773931771
THBS2	-3.651569123732083
RXRA	-1.22019443617767
ANKRD37	-3.968132176857938
NUDT17	-0.6507234445711958
ZNF75D	-0.18345111230307945
CYP4X1	-3.0478761442429203
KRT10	1.6948766448285355
CCDC30	-2.564772666421155
NKRF	0.08042203109368389
GLDN	-1.426360346342205
KPNA4	2.238100706166575
TRDN	-3.1454347907652003
ZNF501	-1.2372508079931588
ZNF197	1.2433165032645683
NAP1L2	-4.487555519356204
RPS23	2.959586707749305
GNG2	1.7989586083064164
BTN3A2	-0.8062078645066552
PCLO	2.8376797691794446
KLK12	0.787768502039433
RGS7BP	-2.9053297899188517
INSIG1	1.2934713777319375
MYT1L	-0.2585388102733953
ZNF396	-2.329339316972251
TMEM222	1.4512388322915726
FAM86B1	-3.1897381263435567
CYP4F3	-2.603470062920272
SMYD4	-1.3889845915085672
FOXD2	-0.534542669320342
GPATCH8	0.23267225473245368
CEACAM19	-1.42713575111027
NF2	0.646010525976419
UBE2H	1.0880070662502832
HPDL	1.775038765124678
KATNA1	-0.8739994778597774
ARAP1	1.6117151571773631
KIF24	0.6736415645821395
PDE2A	-1.5741679323652442
PRR5	-2.4354246012507086
ZFP91	1.68896080103069
C17orf58	-0.27647720426196065
BCDIN3D	-0.49045237859586505
LYRM7	0.6130115877746918
BCR	2.3275186117346482
MPPED1	0.6423773167462467
TPI1P3	-3.3411040308545847
SPIN4	1.7724313408984822
ZNF732	-3.952300141580076
FOXE3	-3.571221331448578
ZNF397	1.3706069302040458
ZSCAN30	0.9671280523371979
TPCN1	0.29366587929498944
KRT16	-2.967730498626858
HEXIM1	0.7517286432071913
PDZD7	-2.591295921825972
POFUT2	-2.695238005176798
QRFPR	0.8184936633598402
MAPT	1.6195457489500638
ERCC6L	0.34891847014608474
TMEM17	-1.0730046906717463
C1QL4	-2.2870975230842157
RTN4RL2	0.5611602466591167
ZDHHC17	-0.1517024250042967
ZNF395	1.7922812842772233
ZACN	-1.1939949816774953
CHCHD2P9	0.48527078891056763
PPARA	-1.89328895775476
EFCAB6	-3.0308513849652745
EMID1	-1.0434303803693012
ESPN	1.3326636777943583
PTRH1	-1.6384857743810914
TMPRSS6	-0.4023073689842499
TMEM216	0.28607722637081695
RPS19BP1	1.7002767864844035
TMPRSS11A	-4.749324424025065
C3orf70	1.5670014659454095
TEAD1	2.847733339861857
CCK	-0.8199149410000999
ENTPD5	0.6800187159812999
MITF	-4.198474389195674
NAP1L1	1.0687886767717139
CMC1	-1.5450692579400724
SLIT1	2.4672501075175184
LYPD6	0.6553054958812972
AKR1C1	-2.2480087228676484
VSTM2B	-3.2989795889456253
FOXD3	-4.028581698157782
RNF220	0.23124578583519864
TSPYL4	4.235847683939339
MT1X	0.8913817013172759
GCNT1	-1.3170113819223672
SESTD1	2.041046669734283
FNBP1	-1.0612415342639507
DYNC2H1	0.9052803101841196
MAGED4B	0.9491787076923982
BCAM	0.5373375292308119
RSBN1L	0.8720316992834012
WDR86	-3.0156704172320383
EPOR	0.24237573298468953
DCC	-0.8363867730589902
TAF9B	0.8042176396600558
PCDHB13	-0.44048481624477187
MAGI2	-0.12519302259585455
LUZP2	-3.3912320261764024
CHP1	0.9345222393061225
KCNJ11	-1.1861229559963513
PTMA	5.519203503013466
HSPA14	0.18814739669150485
SIRT7	-0.4123602859392371
PRR13P5	0.7003336248292297
IFT140	-0.8188331303537393
AGMO	-2.5555926320531506
USP7	1.6133361535322446
ZNF385C	-1.243701103371929
MAGEH1	-1.2283918903374667
TET3	3.15084588330682
ZNF286A	-0.1774167961718304
ISG15	-0.5611753259715458
EXD3	0.19700259052273472
TCL6	-5.517118358917112
ZKSCAN4	-0.4941774956831357
RGPD1	-6.543381328087633
DHRS4L2	-1.7000054497382413
SAMD11	-3.4168276681553738
VMAC	-1.4717050837532792
TMSB4XP8	5.4415149928005
SPRY4	-3.0735829981614105
TRPV2	-4.669775135711153
TMEM203	0.028519758614866025
KBTBD12	-2.479904151664432
THSD4	-1.2448035161401947
GABRD	-3.8257382618189606
TCEA1	1.6561149037729592
FANCA	0.22553682663127683
SECISBP2	0.162545241147062
SEMA4D	0.8286519429655961
LIN28B	-4.776407929152422
DNAH17	-2.991695702995634
MCRS1	0.9257254719884058
FANCM	0.5544734138995359
ZNF70	0.12049236360047443
PEAR1	-2.4817557356667406
ZFP69B	-1.5033063158778572
ZFP69	0.525694184930007
EIF4EBP1	2.030207464198694
CCDC157	-3.8091267545700602
PALM3	-4.242026155575093
SHISA7	-2.934164358552215
ARHGAP11B	-0.8191310760641806
HS6ST1P1	-1.8144176753327041
PMS2CL	0.2247803639040796
COL14A1	-4.542913549970117
DNER	1.5343789439355873
KLHL17	-1.308498965274199
ZSCAN23	-3.6847869494729824
RINL	-1.9055575487002117
MORN2	0.45060774841576295
UBQLN2	1.5730797869558457
RILPL1	-4.180445986353995
NWD1	-0.509115073689077
ARL4C	2.5787541099175044
WNT7B	0.07915052472179748
GPR89B	-1.7190801552428894
EYS	-4.00516504335345
C6orf132	-0.5354464071727528
MAPK12	0.366610899721896
TMEM215	-3.730204623133597
COL4A5	-3.122742554785471
AGRN	0.914874859981586
NHS	1.5809227517710485
OTOG	-0.7744420161525964
ZNF626	-0.6828623626931911
HEPACAM2	4.239842641496574
SMTNL2	-3.6653736023231707
ZC3H6	0.9050507653291964
LINC00265	-2.3351180497230244
LAMTOR4	0.08553846103122072
PRKAR1B	-1.062433862532483
NCR3LG1	-0.4873481590479242
DCUN1D3	-2.773685787252655
POTEE	-2.781182088799411
ZNF793	0.8686381612093095
TUBB4B	4.0729433852099195
AGAP4	-0.019277989938408704
COMMD6	0.12678156770005825
HYKK	-1.746615452393615
ZNF383	-1.0575794353078636
HES4	-1.3760693862590165
ZNF669	0.6849898662408034
CENPP	0.8869654123090821
PLSCR1	1.0586472195376089
ZNF559	-2.9908506838688718
SBK1	3.449721293048876
SLC38A3	-2.9361113572035964
GTF2F2	0.6203297337567624
FOCAD	-0.4399180278834358
CHM	-0.4478013551151438
BLOC1S5	-0.6714508947214104
SRP72P2	-2.403032666669487
CERKL	-1.020033415985193
WASF4P	-0.6156940557294741
ACTBP11	0.7943118455188983
IER5L	0.7187017865632501
INSC	-1.6468964666212806
COL25A1	-4.658787586688177
FAM83G	0.4405780006887325
SRSF10	1.5720699966922878
DUSP28	-2.9059431597320105
NBR1	0.35008690076586435
RALGAPA2	1.582855804447363
NDOR1	0.3295820754633552
FBLL1	-0.6516000909561642
NKAIN2	-0.11434101041205327
NPIPP1	0.6073985531175435
FAM72B	1.0615172564307636
SUMO2	1.4722912171921434
NANOS1	-1.0353381405794846
HMX3	-2.0619355042245693
DPYD	-2.7047904819658473
S100A16	-1.7815908070514457
PTAR1	0.3343113049759563
TEKT4P2	-3.6380399303432034
UROS	-1.5296107874276095
ZDHHC9	1.335619519641933
SMIM15	1.1435933925929798
VWC2	-3.691648474764929
FAM221A	-0.0997824923253527
TMEM120B	0.4054730855421105
FSIP2	-4.8668206860125975
NOXA1	-1.1054434619573474
TMEM198	0.5458533068962669
FZD9	1.431867759249191
SKOR1	-1.717216918527634
PRELP	0.5145676872107758
ZNF548	-1.8378860030342588
MTF1	1.4689976042620942
TMEM201	0.34932512582896513
NHLRC3	0.07717874127392557
HMX2	-0.9515444822657546
ZDHHC11	-1.16579913583397
SLX4	-0.8289246260583732
ENTPD8	-0.7991878249199512
RPL14	2.289456654059552
BEND4	-2.835254471201507
RPSAP47	-0.3476183222925102
FAM78B	-3.6148787913545735
RPL10AP2	-0.16938687682874728
FBF1	-1.0158323627278476
KLRG2	-2.079059872375673
ASTL	-2.520509499055967
MSL1	2.2576212082156424
TRMT2B	0.39292161912138457
FAM120AOS	-0.9217329506177181
C9orf152	1.785665429992563
NOC2L	2.1454272477606966
DHFRP1	2.867001345920668
NELFB	2.135858586718934
ZNF292	1.4629464916910067
KCTD21	-1.2102659454146132
ADAT2	-0.10392123554764578
ZNF567	-0.23180727210132307
NDUFA4	1.540046266759177
ALKBH2	1.4767191122668184
RNFT1	-0.8541141550154981
RELN	-1.0197932209538356
FAM111B	5.362312722124666
APOD	-1.7751195117729768
LITAF	2.072079384507037
TMEM120A	-0.7066649581860235
ARID2	0.9226869469906274
SF3B3	2.5557565242669886
BLOC1S3	-0.6663719852673152
SP6	1.792758849794931
ANKRD34B	0.23282443146549195
CLDN4	0.8388692118761888
FAM47E	-3.992895533222137
ZNF527	0.8622302868779603
S100A13	-1.1844247545580198
ZNF33A	3.1270706271188553
PCDH18	-0.6405991814862364
ZNF600	0.8834817565846445
DPY19L2P1	-1.1605832062103367
MAOA	-0.5446149561923
PAX8-AS1	-2.1315431341733158
C15orf61	-1.9837939905710034
TSPYL1	2.4475488957157996
PNRC2	2.023384924962571
FHIT	-2.313033102561194
ZKSCAN3	1.8979623617262718
RRP7A	2.1498515007265073
LIN54	-0.386053770423992
FAM53B	0.24499834081140215
S100A14	-0.7779851099611096
KAZN	-1.8246175849742299
SLC35E2B	3.148745434493837
RPS2P46	4.280549380573829
GSPT2	-0.5909946021753097
C8orf76	-1.8735048361054645
CXCL17	-3.4616824749889163
HMGB1	2.662467923448768
SH2D5	-0.13176912472119415
RASSF10	-1.9318118937102435
BLOC1S2	-0.3435096457906738
IL1RAP	-2.377617022125541
PTPRT	-1.5613698152499857
PAX5	2.6971795795150446
SPOCK3	-3.5504005634099913
ZNF699	-2.1357796241925175
TDRD7	0.8017201353343499
MYT1	0.8614325660311628
SPATS2L	-1.2609689097353747
ZNF250	0.34328067060403555
WDSUB1	-0.6494764085983591
ZNF79	-0.37076845714476847
S100A4	0.1168157835960519
PLEKHG4	0.1599827066597318
FAT4	-2.127145299866202
COLCA1	1.3253454592977294
KIF19	1.8419846142750915
ZNF681	1.6244657663993203
ACADSB	-1.9882281495561627
STK40	0.9779486146709719
TMEM63A	-1.4483900288649147
MPHOSPH8	1.2289370193353761
RNF216P1	-2.3975949644181327
EEF1A1P5	6.689212814667387
GREB1	-0.0776118135755888
ZNF766	1.2609113372519816
SRGAP3	1.0756564947258966
FAM217B	0.5570276171331301
LCOR	-0.18111407980891223
SUPT5H	1.6720194665880408
XPNPEP3	-0.6835468513691675
ZNF107	1.4025199360933753
PPIA	1.6829427965633532
ZNF471	-0.5898647060675637
ZNF836	-0.03377120775380882
ZNF493	1.509054911289441
GRM7	-4.038793236509269
SUPT3H	-2.1419975763036545
NIF3L1	0.15367803262014812
ATP2A1	-2.3552306726269334
POM121	-0.6154272394615918
ZBTB44	1.6662269981484155
ZKSCAN7	-0.9066019678458489
CD55	-1.5970138249359513
ZNF565	-1.366227298795309
NTNG2	-1.8330192784208441
ELAVL3	2.6454942078429573
WDR5	1.8894726173436216
LONP1	1.6086944804756864
TRRAP	1.7980657343275188
NUDT11	-5.7637694452282355
SRGAP2B	0.19074287275890076
FUT4	-0.8624414645991688
ASB13	0.5902436602948012
SLC35F1	-1.7825058329464953
ZNF34	-0.7642901577995961
ZNF140	2.096776566208071
ZNF774	-0.6435115141832801
PTPN1	1.6992970421135052
EVL	1.7534883418059164
NOXO1	-4.709437173576809
EPHB4	-0.9155035555583602
ZNF765	-0.14583077248844148
ZNF124	-0.1619565856070781
XRCC6	0.5964243478650577
PPP1R26	0.025132192194267253
TSC22D2	0.5199687717578616
ZNF569	0.4623297549161174
ARMCX4	0.17773455211878353
YRDC	0.5661749834058586
ZNF777	0.741642829636244
PIK3R4	1.7885135875564353
ZNF775	0.787500873213611
ZNF605	0.9671702729216737
TRAPPC2	-0.9082490168450978
MYL6B	1.4523035699181686
SIAH1	0.2893570887432913
C20orf96	1.7502949699452597
ESRRG	-0.6301528773347735
NCOR2	3.262849312925295
SULT1A1	-0.9289348702719307
ARL9	-0.04598577331266564
PRPF40A	4.155010531534632
GDAP2	0.6185347623995382
TCEAL3	1.5707170467416898
ANAPC7	0.9941553229029152
SLC6A9	-0.3670617118220077
AFAP1	0.6896730064360701
NACA	1.6320362033104707
MYO18A	0.5074289835654443
SPTSSB	-2.3941691591906307
MAN2A2	1.552181177811271
FAM72A	0.8380994427537853
CACNA1H	-4.334967826629245
SULF2	-0.6845689576754176
PLXNB2	3.646765445905574
AJAP1	-2.117415230021021
XRCC2	-0.32661035140953115
MYO6	1.6668727045789886
HDAC2	3.1794712534304552
ZNF782	-0.18037257116398003
POTEF	-4.5283963644683025
TCF4	2.093757085447034
WNK3	-2.06691483610761
RABL6	1.4429772827604275
ZNF136	-0.6987063169513528
ZKSCAN5	-0.6699875045971174
ZNF502	-3.0308607165643795
TRAPPC4	0.5928105153693162
TECPR2	1.3484994266736336
ZFP62	0.3433003817277176
ERI2	-1.3278346207246818
TOMM7	0.9859664782392271
ZNF33B	2.5112190328254904
ZNF512B	1.4764519425882456
AMZ2	0.032210569506793685
ZNF431	1.6548347403255237
NF1	0.2222986426211631
VKORC1L1	-0.19775778830792465
ZNF418	-2.6978784773371958
DAPK1	-3.0590919661414193
COL27A1	-5.299062685820338
GM2A	-0.42167623584978275
S100A2	-1.027143640032293
SNHG17	1.3597127692408288
ZNF700	0.14282816596306186
CD47	1.9019112811864054
TLE1	0.46952438955956965
MAML3	-0.7397262689615943
STRN3	0.1509279969148041
ZNF239	-0.7644607318877481
ZSCAN16	1.1614014067109535
MVB12B	-1.5369644718870996
POTEI	-4.036310750549346
ADA	-3.1838367148139946
ARID5A	-1.383026154106293
PPTC7	-0.28715344420753586
RGPD4	-1.2052358433413957
NHLRC2	0.8566737641368601
ZFP28	-0.9407153093802366
SCN8A	0.2538298069049601
LAMB3	-1.3477000446299894
KPNA5	-0.28812923469031737
ANKRD36B	-0.8767212059397977
ARHGEF12	2.5242774157197676
HCAR1	-1.4288824547048602
ZNF252P	2.390436753760889
PDLIM7	-0.08789538965985991
FLNA	3.7789735849449557
SRGAP1	2.776288913659584
FAM3C	-0.6244213272403509
NOP9	2.856737274651264
SLC39A10	0.5994099898586736
CASP4	-0.9455114045776319
AP2A1	1.8227331105484692
ZNF585A	-1.0334981474159077
FUT11	-0.6112997316628296
ANXA4	-1.145274490564217
LAGE3	-0.2920401578562568
WDR5B	-0.10414920936254361
FAM163B	0.11173633946853845
WDR45	-1.0482162242543562
METTL9	0.7491783985526651
ZNF138	2.7952148581900014
ZNF429	-0.16509423071069743
ZNF470	-0.2182050728746779
SERTAD1	-4.012022931055504
ZNF100	-0.42713407898065425
ZNF398	-1.1620994684942765
ZSCAN25	0.1798102419181804
ANXA6	2.7661542340229843
ZNF441	-0.0811579025862567
GMFB	3.6220622840041115
SIGLEC15	-2.249721106655668
ZNF420	0.4856583024927425
ZMYM1	-0.9599041489825537
ZSCAN26	1.5303620950519192
MAFG	0.7965903666754385
ARRDC1	-1.1753034383961776
KIAA1671	0.14901927199644466
IGF2R	1.9244046878329222
DYNC1H1	2.1526469773781822
SLC6A17	-0.36272436163633975
PCBP2	1.2163777783408884
ZGPAT	-1.7017444139826388
SLC25A29	1.171885753610269
PGAP1	1.7215321900384395
SRC	2.161821938737964
ZNF682	-0.7647498590483797
ZNF772	0.2733725003589226
ACSL5	-3.8524075385771575
LRRC8B	2.758196626683033
ABCB8	1.8471115883151163
SND1	2.0374751988458852
ZNF785	-0.9291059124459936
PSMD12	-0.1708582703375496
MAGEA6	-4.6160724865246685
MIRLET7BHG	-1.3043122022320244
NOL4L	0.3705080856473846
ENTPD4	1.6792680326407308
C1D	-0.8026871523157209
TBC1D9B	2.0731073159147337
KANK2	1.6693171700345213
EIF4BP6	1.2362902965622866
C6orf141	-3.050015456894296
GTF2E2	-1.3217180573621576
RAD54B	-0.31454927900509183
ZNF165	-2.5925390408446605
SYNGAP1	1.4892990823824712
RAMP2-AS1	-0.9066339171641847
FITM2	-0.05565743494035168
BLM	0.4111864681098153
DDI2	0.2046976557872933
SVIL	2.772990116935652
TRIM33	1.5905692331595702
LRP10	0.8095332380421061
PELI1	0.8824083965154375
ZNF655	0.3555663255815311
MRPL21	1.7114964769998968
UAP1L1	0.47973055619485466
BNIP3P1	2.101083479463251
ZNF786	-1.2584281905896972
ZNF517	-1.3161011631170945
ZNF675	0.649458734113203
SLC22A5	-1.7394127038711598
DACT3	-1.9096038465211789
ADARB1	-1.6458128969660002
HTT	2.4955780740643494
DCHS2	-2.945721853920343
IPP	-1.4626854865595538
MAP3K5	0.7214452862356453
OGDHL	1.3620952717338957
GSTK1	1.5676394489708074
HNRNPAB	1.791709270885985
STMN3	5.056319964589308
ZNF695	-1.0121716328428043
PCDHB11	-0.1443213183370987
ZNF628	-1.9742088473051271
GALP	-4.694362232596025
SLC2A10	-2.618988133547573
ZNF665	-1.6531371428558528
RPF2	0.2546120391324834
MIB2	0.31529758969250155
MYO5A	-0.1155108476129266
ATG7	-2.3691810309261414
SIPA1L1	0.555530748273896
RAB40C	0.11649103755860621
PIGN	-1.1913365862976708
COL4A6	-3.430400696842209
ZNF624	-2.9480727431713287
RPS17P2	1.453918075443765
TOPORS	-0.41966384225462966
GPX1P1	-0.8509436183764252
KCNMB2	0.4417828975978843
ENTPD6	1.974867656046012
DMBX1	-1.7357410661526926
ENPP1	-4.946027809990669
CCDC154	-2.8356617054492865
FAR1	1.0807419323058567
ZNF841	-0.047275552017622804
ZNF615	0.48083225012209707
CDC42SE1	2.804067002750081
DPP4	-4.613828651678784
SPTAN1	2.3579717873970787
NMB	-1.1745148095088571
PARVA	1.16677708786028
KLHL14	1.8593905650057005
FAM114A1	-0.8814263909545444
RPE	0.8203999172598168
ZNF460	-4.022063224879328
PHF2	2.1671343791053017
RPS26	-1.1476782583802423
PTMAP2	3.6121650438973774
PSAP	4.080711038167005
S100A10	-0.8222003452400273
CFAP43	-2.204895939290758
LHFPL5	-1.4920483261465032
RPL37A	2.1633262737442194
HOXC6	-4.031235210774231
TXNRD3	-1.1195815843973802
MCMBP	-0.18772523399219168
EME2	0.7041221311510174
ZNF81	-0.6578834700445123
TAF13	0.16841299881141328
ZNF780A	1.2440533098063864
ATAD3A	0.2918207018446553
FAM118B	-1.0606480256716668
ZNF461	-1.313159318714294
SLC9A8	-0.5484137107065554
OCLN	-0.99779153609444
ZNF181	-0.5628085219100386
ZNF44	-0.697585409927121
GPAA1	1.5927257584071712
ADAMTSL2	1.705536644219117
SGTB	0.9576012813461844
ZNF790	-1.339243298017062
MYO1C	0.898389230880612
NKIRAS1	-3.4778179510669998
KIF13B	1.4716633585263077
ADH5	0.8669975404166868
TEAD4	-0.959061060919747
SPG7	-0.8308668847018704
HES5	-3.5305165641707705
ZNF677	-2.9024980432979786
ZNF823	-0.8084155337217291
ZNF347	0.9886996923649155
PLCG2	-2.4387397647169835
FCHSD1	-2.1006479323610563
ZNF71	4.195216681446077
AADACL2	-4.25297549296025
S100A6	2.1456934524650677
RPL12	0.7473475649540935
DNM3	-3.0589939821978143
ZNF121	3.511999489964579
MPZL1	1.4108288303294718
VPS13A	2.596460199173554
MBP	0.8330952937352583
AKAP17A	0.06370680523890954
ELOVL2	0.8799187162894184
GOLGA6L9	1.7464931211391503
C1orf122	0.6452277055466148
SNHG12	-0.3244584457173621
NOL8	0.47577203900943876
IRAK4	-0.6407346561236597
MRPL42	1.1193028538054264
ENTPD7	0.7044323510528472
ZNF335	1.4476711747452304
TUBA3C	-6.2434870917278795
RPS4X	3.899060871138142
ZNF273	0.6610929508844656
ZNF84	1.4598482245833193
MAK16	0.519394232405007
ZNF667	-2.8307769093830073
AVPR1B	-1.268368915925833
SIRPA	-2.2200675104310488
GRK6	0.09515673108173878
PRIM1	-0.6624806779820943
AKR1B10	-2.5990070988308864
ZBTB14	-0.05285087527014705
CD2AP	1.3150161755442467
NUP62CL	-1.0866461199940725
SFI1	-0.5298984502826775
ZNF649	-1.2114063949075011
ZNF248	1.0983825011790385
TOR4A	-0.4026883978805995
LPAR1	-1.6836378281599231
MB	-0.5912250079779192
HIBCH	-1.92711888390139
ZNF544	0.8867838167331858
TMEM229B	-0.7596080591653281
SOWAHC	-0.7920908198427519
ZNF770	2.145311412898853
ZNF876P	-3.7537349524114876
HMGN5	-1.7127180869685525
MIER1	-0.35773491643392463
MAN1A2	1.9992304232858409
SVIP	2.4946723957538266
ZNF251	0.2005907737460087
DDRGK1	1.572690431770048
TFDP1	2.808394756189726
ZNF607	1.3476689964017285
ZNF334	0.35056436151397435
HSD17B11	-1.0873491585432116
SZT2	-0.5119706595666209
ZXDA	-2.4254532233836303
RPS6KL1	0.1368930165986072
CACNA1E	-0.9479958896110781
QRICH1	-1.0728475741570003
FKBP1C	2.4021476118470737
DDX42	1.959853607097268
RPL23A	1.152543174521439
SLC29A3	-0.144280257057411
STYX	-0.5583375969237095
UBL5	0.7294322023770012
HELZ	1.8025506936653968
TMEM116	-1.435496897736893
UCKL1	-0.034201637672618856
CARD11	-2.860296162127247
PEG3	-8.547089443475137
SDAD1	-0.3445280107463837
ZKSCAN8	2.8961750011764575
HYLS1	1.0246821512242483
ZNF813	1.751916056465726
PIM3	1.2573276319795836
ASPH	3.3230989563750253
SPRED2	-1.240724155638432
WWP2	-0.5191993443762627
GFPT1	2.6583917958077525
UVRAG	-0.44149287195113046
ZNF26	0.18793565282737662
ITSN2	0.5374477937477131
NTRK1	-1.9458283142227784
BZW1P2	4.630450921393334
MT1F	1.303084648458344
ZNF69	-2.1466688291715474
TXNRD1	5.077262434596892
NRARP	-0.5802207783913017
ZNF583	-1.2201203136667675
ZNF568	-0.3695700411214612
ZXDB	-0.5155600755956956
ZNF480	1.3066864273154957
ZNF587	1.3449849436863712
TPM2	-1.7997901331168606
SH3BGRL2	2.8053245506192535
ZNF808	0.8129060391914253
ANKRD35	0.31850162772975166
YTHDF2	1.279099318076077
NBR2	-1.86375452047209
TMA16	-1.0202023278031238
ATL1	-0.02661167218325229
MAFK	-0.5992617556229956
ZNF43	1.9915663625600062
GPN1	1.2876356982920396
PLN	-2.9793494194052195
C2CD4A	-1.8044821524413377
ZNF28	0.7729985439485172
ZNF511	-1.2678834893046622
ZNF627	-1.1708774130212187
WDHD1	0.4128936297404812
ZNF789	-1.077082469377956
CTNND1	3.6141858326800147
DDX39B	1.3746446599730893
ARC	-1.792790493005639
NUDT16	2.6711878695257276
TLK1	-0.022715874807993322
LRBA	1.5562481089822884
ZNF536	-1.9708332188260151
BAZ1A	1.946184233253837
COPS8	1.4446875561661523
PPIAP22	6.496725698145689
MDM4	1.3339461445782645
RYR2	-3.032482128990231
KLHL9	-0.4446526881877474
NCOA6	2.6768148967844136
STK39	3.2043165271784604
C6orf89	2.6001165504573613
CALM1	2.1721682742108834
TUSC1	-4.884299561441207
PAPSS2	-3.8869523621893096
SLC9A6	-1.5108119652737324
FAN1	2.583899951885118
EIF1AY	-6.257769863850369
MT-ND6	3.5062244532334605
IPO9	2.793081019613226
CEP290	-0.20561567354026186
MT-CO2	6.752966433019413
DLL1	2.2627995974092494
ANKRD13B	-0.30891058556944156
ECI2	0.3410506913621123
UNC13B	0.1619291645487967
LDB1	1.8064925185253733
PPP1R14C	-0.8358355329812828
CTR9	1.8236174669616514
SMOC1	1.02435041600364
MSRB1	-0.5582722252765816
ZNF652	-0.1540810694748124
SMURF1	-1.2294106364999189
SLC5A3	1.0982142770265757
GPATCH3	-1.2023701915727127
CDC42BPB	1.3214251969085082
PLXNB3	0.03798478805021218
OXCT2	-1.2571965335532445
RPL10A	2.2420689289081714
COLGALT2	-3.518999475042669
MT-ND2	6.816853410677263
RASSF9	-1.0280059129783805
FAM169A	-4.6266665050897355
ZNF830	0.39585393463932245
GRIN3A	0.2185206796623715
MT-ND5	7.024232875354063
CNOT7	3.323904033818367
TMEM184B	2.1270181226619456
MTOR	3.049378300763916
SCAMP5	2.0902708465880466
ZNF521	-4.756990825788391
BRINP2	-0.9057119186755692
LRIG2	0.4532785238670103
MT-CO1	9.642145645491347
PNP	2.4002005436881877
PAX9	0.7806746332222788
GK	-2.9729880490547624
FOXJ3	1.9762730009557992
ZNF358	2.14554665608095
SFT2D1	-0.7484805739341875
CD247	-3.9645853967125007
CHAMP1	-1.1246485636004386
INPP5F	-1.07715192564829
ARHGAP11A	2.3558689590669175
HMGN2	1.8737853575307926
UBE2J1	2.3056964795424135
OPA1	1.8072166699419214
DENND4B	2.034106807699987
ZNF277	0.598380446828749
MT-ND3	5.223865762024485
KTI12	-2.4586345636380007
TOX	4.11805719817483
RUSC2	-2.454846406381152
FICD	-0.6223958443322699
OSTC	0.9167142064567878
R3HDM4	0.8169933435872517
TSEN15	2.1142780303958104
LTN1	2.0027575928629697
RUNDC1	0.4992862208515945
CCDC152	-3.8553618815436854
GRK5	-0.9847810662380321
TYW1	-0.3935742308637678
DCAF12	2.050707730719849
SFMBT2	-1.9997117220863352
ITPRIPL1	-1.0417413002189362
MT-ND4	9.19283181075837
SMC5	0.7182753117497067
MT-ND1	6.90808896293624
PRMT6	1.3562339522645377
CIPC	1.0709444316122745
CAPZA2	0.9819806723795722
MT-ATP6	5.759857873854919
TOP1	2.444740645596854
PRC1	2.513844842361616
MAP3K3	1.3823561653880667
L1CAM	2.2418315309839993
SREBF2	1.9080981352855722
C1orf174	0.8919006454606061
POU3F3	-1.8743491065370237
RASGEF1A	-3.779777544792336
RPL39	-2.4559889321776454
DZIP3	1.6053072262742891
KIAA0753	0.16996906099708317
DCLRE1A	2.3077793622951677
ATG9A	2.3157937302568143
NOS1AP	-1.1578887162359188
CSAG1	-5.404150220321254
APRT	1.3202607230191108
GPRASP1	-1.671839868448834
TBKBP1	-2.0914859332923053
MAGEE1	-1.9364859174506748
CCDC167	-2.560583852047609
MT-CO3	7.16482745292932
SOWAHA	0.035931681075976656
L3MBTL3	-3.3711781753193857
DMD	-3.3429470702823614
MFAP3L	-3.393844395437961
NAGA	0.08004925101312048
SMG5	2.7889076845286196
ARMCX6	-0.7150307685589216
PJA2	2.7887308669103543
RORB	-2.4263167518495607
SGMS1	-1.4852039042447567
SNORD104	-2.152032817408396
RN7SK	0.22519572000474958
ZNF525	0.1671207255308867
INF2	1.5929269100569952
EFCAB2	-1.5200767326463311
COX20	0.019163223131247843
CHML	2.3348505627012788
TATDN3	-0.9306251042050514
CENPW	0.7926609662352393
MSTO2P	-1.0755519921179675
FAM229B	-0.2768322708687693
FANK1	-2.18300508150535
DDO	-1.365009880934871
CCDC162P	-0.8827052686056447
RBM20	-1.9801261458964856
SNHG5	0.03243328574307706
GDI1	1.7681048076874404
PCMTD2	0.9174172061011059
LIME1	-0.6498059457835804
HSP90B3P	3.0412755326612766
EFCAB7	1.2205255530207315
ARRDC1-AS1	-1.945622203019526
ZYG11A	-2.4595734897238035
LRRC73	-5.578937938900726
LINC00963	-1.8369493990882169
FOXO6	1.7247576563128935
TCEAL5	-1.5382630114904992
SYS1	0.40374130661434166
INPP5B	0.08113070488664319
MAFB	-2.064940586684558
TRAF3IP1	-0.9615466814007442
CHIC1	-1.2067047344115918
GIGYF2	0.19134536262304158
RUFY2	-0.5142280585087811
NHSL2	-1.0016079074583444
PHACTR4	1.2732471633042277
ASAH2B	-0.6939051297556411
AGAP6	0.5970611810363128
TIMM23B	-1.7368613389656211
ZDHHC18	1.9651315449582092
GPRIN2	-2.7909772492304765
ZDBF2	-0.306622458772407
DAXX	0.32463831781993785
BMPR2	0.656150952389427
TCEA3	0.6550727456570414
PFDN6	1.2864148796447945
RING1	1.0577545142811098
RXRB	-0.8333372662924367
OXLD1	0.5294626657319091
COL11A2	0.06722092368393463
HNRNPCP2	4.803437189825796
BRD2	2.4986665449903778
HLA-DMA	-4.877066519089973
PSMB8-AS1	-1.7773153798920576
PSMB8	1.5541792125136313
TAP2	0.19422218888097306
SPIN3	-2.8073611444010034
TMEM235	-2.070991556359821
NOTCH4	-1.0130150409766585
PBX2	3.852079448165396
AGER	1.3516702934758904
AGPAT1	0.5249558080693663
FKBPL	-0.8338066267617749
MRPL38	-2.4137549293697527
SP5	-3.1971570367870275
BTBD17	2.7004050283540395
DXO	-0.7493089147328807
NELFE	3.1676198862773264
ZBTB12	-0.09561975249408156
SDHD	-0.978653521998162
EHMT2	1.5622590830731042
HSPA1B	1.9548163051725334
HSPA1A	1.253402140370642
VWA7	-0.7853436155897185
MBD5	-0.10141939621306115
MSH5	-3.4260780098937476
POTEKP	-1.682445290636879
CSNK2B	-0.24857890972404534
GPANK1	0.03852360744078198
PRRC2A	3.9967814825123695
NFKBIL1	-0.6865549951654598
ZNF814	-1.815475395044782
MICB	0.25630422751861914
ZNF551	-1.6240013561225055
ZNF805	-3.1787072727663523
HLA-C	2.8795379021989485
CCHCR1	0.7947517558243282
DHX16	1.4082437329633688
C6orf136	-0.23109700565114877
PPP1R10	0.3836520836801656
ABCF1	0.731113798994856
PRR3	-0.8204732418189302
GNL1	0.852980758329293
HLA-E	-0.5409900414393296
TRIM39	-1.052960471806092
ZNF468	2.3169298567892787
ZNF616	1.4730017216168936
PPP1R11	1.7897272466601226
TBC1D8	0.00826394554160822
ASPDH	-2.9345525411508793
AKT1S1	-2.153514061145889
GABBR1	-1.5276013021425827
TRIM27	1.1721817348709644
RANBP17	-2.7569063685611246
ZNF204P	-1.823000769425477
ST8SIA6-AS1	-5.27678457021485
MROH6	-2.318580076064231
ATXN2	-1.0566621076147837
DCTN1	2.37326759847916
TCTN1	-0.6635087500606982
FAM216A	-0.1097430739975456
ZBTB48	0.2763703644949125
FAM201A	0.213924269858664
MZT1	1.4069724505620385
ZNF155	-1.9047485978959848
UQCC3	0.32915699778790625
ATP6V0E2-AS1	-1.5988081624107524
CD177	-3.7067090608657622
ZNF783	0.0109059547871316
LRRC10B	0.47300079093261743
PCDHGA1	-0.6715737679096253
ARHGEF34P	-1.8040889900025583
PCDHA4	-3.779033628000788
PCDHA2	-5.131163447650163
PCDHA1	-4.417902050620393
TRIM13	-0.09682461165739302
SPIRE2	0.32675799571825076
AARD	-6.110540197360095
PKHD1L1	-0.3509898698115278
SLC35B4	-0.9275716507565903
LGALS7	-3.6324341971717944
SYCE1L	-2.725909555291289
TMEM231	-1.6706260982508003
CCNI2	-4.051095632548017
TMEM240	-1.2791534815897305
HSP90AA4P	0.1954476686658271
COX17P1	1.9249433562367315
TRIQK	3.2212477092528724
SDHAF1	1.0934301356227063
PSENEN	-0.13642152089316542
LINC00654	1.2313654999523709
ZBTB10	1.13172654222265
C4orf46	0.35334880439209077
LGR4	2.9280964377521554
E2F4	0.8677893266200313
PDE7A	0.6442157139302465
TMEM170B	-0.14835070607686304
SNX2	-0.42418338936478867
NT5M	-1.5100970558561226
IPO7	2.619846741072165
PRR13	1.1241310998657439
TECPR1	-0.8328429435009529
MT1H	-2.8082481724717896
SAMD9	0.8246801827669529
KRT6A	-2.3650988073615533
CNEP1R1	-0.2130694483568505
KRT81	2.113574467160734
ATP6AP1L	-0.2610775446087719
CCDC85C	2.657659277934913
CALML3-AS1	-1.2803043016920477
C2CD4B	-2.775172778552993
RGL3	1.1448631676012992
NAP1L4	2.4806042675878497
SMG1P2	-2.45460763817589
TMSB4X	3.6185090384346337
TMEM256	-3.327078328043334
CPT1B	-3.3565059041954615
SMN2	-0.6446766260117982
SERF1B	-1.7016679940702484
DYNLL1P1	-0.6204308909110196
HMGN1	1.3873456295561801
STAG3L1	-1.5762592112498577
MUC19	-3.4895401052194734
DENND6B	-0.9834624449452778
EIF3CL	2.3987199459550856
LCMT1	0.5774295570429722
CDPF1	-0.27170186327985224
LIN52	-0.988150772218852
SMIM11	-2.4013684567884206
ITSN1	0.8735412238136661
ITPRIPL2	-0.37977632781706705
CRYZL1	-1.6146307316300559
RP9P	0.23621061213032654
GAGE1	-5.2295052397084785
LOH12CR2	-0.5916743819948034
RPS3AP47	-0.9255516452704398
C1RL-AS1	-0.500608499597749
ZNF316	0.1517515034063992
RNPS1	1.0585028762143676
HSP90AB2P	-0.3000317919801466
NYNRIN	3.448581993180695
DNAJC19	-0.07128594155025547
DOK6	0.0870020161555414
SERPINB5	-1.6472260954796722
ZDHHC11B	-1.3103032664231777
EGFEM1P	-5.426679828359587
HERC2P9	-0.6984338462298796
DUXAP8	-4.074209270276984
HNRNPA1P4	-1.5547405779395171
HCP5	-1.4841376861032678
HCG27	-2.377887377244153
COL6A6	-3.2340624054432707
RAB12	1.6161702267102214
TMEM200C	-0.254830277942066
HLA-A	3.46374002933332
CFAP44	1.047082731734046
LNP1	-4.020956931587888
VGLL3	-2.364015487942306
ANKRD28	0.6266362643381698
METTL6	-0.8644662378578457
THUMPD3-AS1	-3.0654646793759133
MT-TL1	-1.0548453871886592
MT-TV	-5.391038640913171
MT-RNR2	6.99369431653854
MT-TM	-3.8446545619667645
MT-TS1	-2.8605523548361984
MT-TE	-4.52163908631824
GPX3	-1.2213616351846797
DIO2	-0.6404766613914815
AKR7L	-1.9731839359265935
STK38L	-1.2421088339495374
SACM1L	0.2612946970428831
MT-RNR1	5.143482472254482
TSN	3.326880588629285
MIR770	-1.746724978179186
SLC48A1	-0.32844653011537894
TRBC2	-3.2884472084264855
IGHM	-3.7857713150946353
IGHV5-78	-2.3710741661084525
LINC01089	-0.132761888714707
ST13P5	0.1686475326907427
RPL15P3	5.053383786336811
RNF208	-1.8514335098897368
MT-ND4L	6.192672696487014
MAP10	-1.3962459834127763
BTF3P12	-0.9631579016294035
PTTG3P	0.7807078126533549
ZNF580	-0.03289949847747225
ZNF611	0.8969220339900292
NUP62	-0.26847186970972486
COX20P1	-0.5117368282618713
CFL1P4	-2.3793028357193053
DENND1B	-1.68339600299709
SFT2D2	1.9959036547761662
HMGB3P6	0.8398016721925865
SCAF8	0.9829310813492238
CFAP45	-1.977423489544378
PDCL3P5	0.8109771742355453
ZNF254	1.42418772011195
YWHAZP4	0.3620353823610711
KLHL23	1.787249393767585
PRDX2P4	1.5294030581614093
TRIM59	-2.1183139685226986
BTF3L4P2	-1.1552749041349077
MLLT11	3.2683386005681236
NCLP1	-0.8537640888998417
RPL12P38	-1.9104580379874858
TCL1B	-6.491131536615504
YWHAZP2	1.5564583598476096
SUPT4H1	1.2501460688019483
RBMS2P1	-1.2442411545101795
YWHAZP5	-0.5732611920920277
NRAS	2.5493369077560173
PGK1P2	1.7137933480901755
HNRNPA3P6	3.0204326473640957
HNRNPCP6	-1.7330999382933296
RPL18P11	-2.7037778290969228
RPS7P11	0.7909732234692497
CLNS1AP1	-0.6212521420855346
ANKRD39	-2.5691899112730265
QTRT1	-0.033715318608173464
CHUK	0.39727195096785806
MXD3	1.3717997362268697
GAPDHP44	-3.2393928006613937
GSTM2	-0.9135245380180302
RANP6	-3.1996570167401805
NAP1L1P3	0.22923018431767322
GAPDHP71	1.4052885565892297
COG8	0.6845444152050526
ARHGAP19	-1.169642576728073
LCAT	-2.1636397007879853
MAGEA12	-4.535012406052657
ANXA2P1	-3.1366211336227474
GPC2	-0.11277037914076737
HSPD1P1	1.9832464914524959
VTI1BP2	-1.2318206278238517
RPL18AP3	4.948933940480898
SIPA1	1.2085726360196694
ERV3-1	1.5778376599408672
SYNJ2BP	1.61963016721834
ARL2	-0.5556021571107775
HMGB1P37	-2.4924307719738032
CFL1P2	0.26928472964484695
NT5C3AP1	-0.09528973112384814
ACTN4P1	2.2879127068908542
LAP3P2	-0.5985275390327736
RBMXL1	2.7341410778505324
SRA1	0.47968794048183916
DNAJC9	1.959160543516858
RPLP0P6	5.75149131227844
C8orf82	1.1040146331510192
LDHAP5	-2.451734814241457
VDAC1	1.2502843991517378
ZBTB9	0.8945580361293912
TMX2	0.7918997278274148
HEXA	-0.9519989017834427
NDUFS3	0.9545626616834727
LEPROT	0.6945869932094129
LBH	-0.3493425822217899
PPP1CB	1.8796373959598691
NCKIPSD	3.018987164139289
SLC25A5P3	-0.2754242754438059
LDHBP2	2.085208518127318
SEC14L1P1	0.034143555875265096
S1PR3	-3.5544312497509205
SLC35F6	1.861426634797657
POLD2P1	0.6649599118799934
SERBP1P1	1.3576378466723726
RPS29	-0.017565346869252128
ZNF134	0.3726867070149826
ACTBP2	0.9312624078961709
OLA1P1	3.037335718766564
ZNF845	1.9061989545803055
TMX2P1	0.05935864628403103
SUGT1P2	0.3511276372498492
EMP2	4.543954357647621
VDAC1P2	-0.20476168150562402
RPL21P75	-0.86538104281919
EEF1B2P2	-1.4451858189588551
C8orf44	-2.3578248586254547
YBX1P10	2.491162213019925
TAF9BP1	-1.399512693326328
NPM1P6	0.7340438938050542
RPL13AP7	-2.865329348727169
LINC01521	-2.904624256633684
RPL3P6	-2.0391029019371714
LTB4R	0.8478131089475882
LIPE-AS1	-3.5138003120551
DNASE1	1.1728992200995765
CSNK1E	1.6476334077881616
IRF9	-2.1111675241694843
GALT	-1.030669156335506
CLDN9	0.7931263561290125
SEPHS1P6	-1.8230412719021531
DNAJB1P1	-3.6879688499787084
ITGA1	-2.0851855324258373
API5P2	-1.686145786350955
NUDT19	0.2498678365470899
ZNF726	-1.0951354097518493
AP1G2	2.563761684608577
ZNF90	-0.062230941156436334
PCNAP3	-0.7430043204677245
GANC	-3.2418547035379475
RRM2P3	2.10044683023646
TTLL3	-1.6143128786437606
REPIN1	2.3795168758446055
MRPL23	1.3205262748416644
ZNF891	-0.8957223654525467
SMIM7	1.1588798115359373
FBXO16	-1.7065299676534709
TSPAN4	-0.3688298030928217
CPSF1P1	0.21568479752474143
GNAQP1	-0.8266078653153567
CPNE1	1.4979560973571713
ARL16	1.1854749139356748
WEE2	-4.478365443365939
LDHAP4	2.417839625886827
LYRM4	0.18341264702062138
MYCBP	-0.5707972515218575
ALG3	1.358113955430519
AMZ2P1	-0.18518391298269643
PTMAP5	5.847661669597853
XPOTP1	0.5048885720983912
UBE2V1P2	-0.9519578568292727
SH3D21	-0.48087598753253197
EEF1A1P12	-2.4190503348032344
RPS4XP1	-1.8465328851442684
KRT18P10	-0.8675539798659827
TUBBP2	-2.0334840320189778
HNRNPA1P10	2.02453790257691
FIS1	-0.4162345185372762
RAD51AP1P1	-2.003580538840127
APTR	-1.7258254352502285
ALDOAP2	-0.6558103344416065
MRPS21P6	-2.212865612177913
MBLAC1	-2.18089261094534
CBX1P2	-1.488825490543699
FOXI3	-1.5904496544363405
NEURL1B	4.403450840686977
HAUS3	-0.8104420979126528
RPS3AP26	2.8781613623295668
TUBAP2	2.2695665115606727
BBIP1	0.4852986324020048
GNAT3	-2.3298183709858415
LRRC37A4P	3.1102588821715997
RCN1P2	2.1457667120369104
PLIN5	-4.079668977172705
RPL7P1	2.5529026713613696
PPME1	0.6358290000565286
STARD10	1.8378804950635037
RPS15AP1	1.0110484103192396
RPS4XP3	-1.8954474596598525
MEG3	0.9874785169923112
COPS8P2	1.5258639819754822
RPL21P41	-5.317886859345063
RBBP4P4	-0.05143806800447494
CPEB1	-4.670498416844977
EML6	0.40719025983840457
RPS19P1	2.2773235823808347
SLC6A10P	-2.1741559621188618
ZSWIM8	1.013167912362281
ARHGEF33	-3.709643928362745
IFRD2	-0.3893467260615165
ZBED1	1.0725107897153214
HNRNPUL2	1.643185165654671
POLR2J4	-1.37536786939116
CYCSP55	-0.25658049632174623
MPRIPP1	-2.3512392864283482
DDX12P	0.037919578691514855
UPF3AP2	0.9753083604779444
SMTNL1	-3.8433580338143076
USP8P1	-0.18816225663422165
NPIPA8	-1.5049372522054962
ZSWIM7	-1.5018135959173606
ARHGEF28	-1.019751523140084
CHCHD3P3	-0.5137272392763083
PPIAP29	0.6028565994412984
CCNB2P1	1.0262890608047193
MESTP4	-1.3427818208156463
CHCHD2P2	-0.2865004825132598
DNAJA1P3	1.177201453359275
PHB2	1.7475986117888438
RPL13P12	4.356484493281957
FDPSP5	0.19286966374583261
CD27-AS1	1.0297466258826742
NEURL4	-0.2127445614600296
PRDX2P1	-0.6761159646754804
PKMP5	-0.0123343790559191
NPM1P24	-1.1097098810452606
RPS5P3	-2.320467726876301
KRT18P11	-1.1121481708895802
TERF1P4	-0.7921913570237016
TTC3P1	1.9554920603481032
UBXN2B	1.3303910036566062
MUC5AC	-2.788206221115452
GOLGA6B	-5.1532749794414014
LINC00680	-0.5513712898467319
PEX26	1.4458928435868466
RBMXP2	-0.6627650184808349
UBE2QL1	1.6491822239984288
UBA52P6	1.3955309545597243
FASTKD5	0.08556269897953674
GOLGA8B	1.2161824305275613
DHRS4-AS1	0.10608846998336136
HOMEZ	-0.10844150365095082
DDX3X	2.2894945370268998
VPS16	0.7430159191421818
SLC25A5P1	-2.985897463108661
MRPL3P1	1.0158349919284102
MYL5	-3.856693550744207
MIR99AHG	-2.179896154084871
PSMA6P1	1.996803611190914
MIR17HG	-4.83114290159666
ZNF407	1.31235646654223
MCM3AP-AS1	-3.060126347479257
NPEPL1	-0.4936895089989156
ZNF663P	1.1209569287648058
RPL27AP	0.9793246236471175
SIAH3	-1.3374181892518098
CALM2P3	1.0258631279545698
HNRNPA1P7	3.981391422289322
TMEM242	1.4156858543800457
TMEM167B	0.7946295289154751
FAM72D	0.367587437815887
TNFRSF25	3.5074410893258916
ZC3H11B	-0.8156649703877503
TSTD1	-0.17273609828520908
CYB5RL	-0.9273188804778659
CROCCP2	2.5287358409501226
GAPDHP72	0.8001155740978672
GLRX3P2	2.013949641167857
RPS2P55	0.3808329774947284
TPT1P4	-0.08624266547350709
PPIAP31	1.505869461034378
FNIP1	1.882505233225238
SP9	-0.8739508309385328
CBX3P9	2.40992529014079
ISCA1P1	0.8588034369293136
IQCB2P	-1.189737387612176
CKLF	-2.7353052572073016
RPS10P3	1.1405913847432547
CCT7P1	-0.052799244539122187
KRT19P1	-0.5356170562738626
RPS4XP7	-1.8310555306944007
MORF4L1P1	3.628791665745936
TENM3	2.2042896252463398
LYPLA1P3	0.5847180521546209
LINC00339	-1.1546080366602403
GAPDHP63	0.4125987444997105
CEBPZOS	1.0705810499764787
DBIP1	0.7640906462849275
ZNF579	2.151147225009745
HNRNPA3P12	-3.5239365613644416
RPL23P8	0.3755689059470328
NBPF1	2.5023290798090048
FTH1P8	2.377572900620219
PPP1R3G	-1.9800153901929478
FAM228B	-3.6500062181434414
MTCYBP4	-3.671688878151565
VAMP2	0.03779390111037319
ACTBP8	-2.4114326894552125
TUBB3P1	-0.4319681973801538
RPL35P2	0.2554647219350378
DDX18P6	-0.7289376694078813
RCC2P7	-1.6007188933199845
MTMR9LP	0.6033444759641502
RPS18P9	-0.9004319910392865
MESTP1	0.5627553493242072
EBF2	-2.6332153956771247
PPP3R1	0.4138072380262339
FANCG	2.359599929069068
AP4M1	-0.9158440672550883
PLXNA4	0.09357543018321696
MAGEA3	-4.469474450254904
CEBPD	0.7049620448698064
MRPS21P3	-2.8985120571163194
HMSD	-1.6638060233734615
NPTXR	4.389259533221007
FAM200A	-2.119234843803024
PPP2R2A	-0.6398126122577897
ZNF880	-0.03820432867365247
TRIM16	-2.564904563923749
TIGD1	-1.2975875319850338
XKR9	-2.5738459409238788
SLC12A8	-2.284560396647026
APOL6	0.11888461251750759
FADS3	-0.8425670765803782
TTC4P1	-0.8207256298692966
CCNL2	1.6043322673471465
UBA52	2.3714265250218514
MYBPHL	-1.9706319495742757
FAM185A	-2.2866942945962054
RAB6C	-2.482677118178365
FTH1P10	1.636537975932819
MEG9	-0.624392453504303
GAPDHP69	-0.1154852172114489
CALM1P1	1.4608091266851808
NUTM2A-AS1	-1.876113876343255
EXOSC6	3.468021230367311
LINC00630	-0.7664621238948068
ZNF844	-1.443688842294119
TMSB4XP4	1.0835060169232864
CKMT1A	-1.1437683710238165
TINCR	-1.0223822276876013
NSUN5P1	-0.36158462557917315
LINC00205	-5.176881469525727
CD99P1	-0.7746968216479654
RPS20P14	2.819626041497001
DAZAP2P1	-0.800039281997865
AFG3L1P	-0.12334180220709653
HNRNPRP1	2.710712519531631
YES1P1	-0.6981765910417704
EPB41L4A-AS1	0.009551591074681417
HMGN1P4	-1.616716323135928
CPTP	-0.7826293364276813
SNHG14	-2.113847131299768
RPS24P8	0.9512336817435985
PTPN2P2	-1.4931840318474172
UBE2SP2	1.3098713280835772
SDHDP6	-3.7298698669971504
HAGLR	0.8759962325436575
HAUS1P2	-0.500213816013055
C4B	-2.781994750424608
ATXN1L	0.41290370742183935
KRT8P45	-0.22172239824177117
SMIM13	0.18225294053461788
SNRPGP15	-2.141924518791573
EIF4BP3	-0.040861913138247996
SVIL-AS1	-0.8723417167690493
SH3BP5-AS1	-1.2842066357221473
IPO8P1	0.19501462624798974
LAMTOR5-AS1	-3.189499164312196
NPIPA3	-1.0028658090111504
PRNCR1	2.692512619271095
CEP57L1P1	0.040604608400792976
HSPA8P7	0.3690517306922262
BRAFP1	-2.902892309547894
EIF4A2P4	2.739186031792714
GCSHP5	1.2942974649770977
YBX1P1	2.3978667729481007
RPS4XP16	0.8344674309754209
TIMM8BP2	-0.4479505456108003
LINC00863	-2.8333593570382956
PSAT1P4	-1.5472052217432923
UBE2D3P1	0.7862333987288072
EIF4BP7	0.09882501024429949
RPL23AP2	0.6991520551857785
RPL3P7	2.4321586019627692
ATP6V1E1P1	0.5608500186297369
LINC00237	-3.1831636601700297
PSME2P2	2.2702062750965086
DYNC1I2P1	1.7157224997260534
GOLGA2P7	-0.23376351777760038
TOMM22P5	-0.5819285753817183
NPM1P39	1.5057286282248084
PLEKHM1	0.9401381296883643
ST13P6	1.7097094094832204
RPL8P2	2.626476056791675
ASS1P11	-1.5107802212027468
SLC25A5P8	-2.042042308738446
ARL6IP1P2	0.28030665351105494
RPF2P1	1.4008627025271687
PPP1R26-AS1	-3.0448586197381373
RBMS1P1	-2.3367226487545034
TPI1P4	-4.229160628375436
FDPSP1	0.3972713170394158
RFPL1S	-2.923608967481868
JPX	0.483965230363613
NUTM2B-AS1	-1.4604344801189926
GBP1P1	-1.0641041716188593
STIP1P3	1.984107830876642
RPL35P5	2.7606119911962588
MTND2P28	2.043948033781298
SBDSP1	0.019235863558573464
FCF1P6	-2.247611491843523
IPO7P2	1.381222637608419
SLC26A6	-1.0211486474405076
PTPRD-AS1	-1.3298284988899391
FGD5-AS1	0.3419350852623647
DBH-AS1	1.1160495574950435
PROSER2-AS1	-4.6838833873001064
MIAT	7.025961010772898
LSM3P3	-1.743985424781019
TRAM2-AS1	-2.4773478282656476
LINC00626	-3.251063929757315
FAM229A	-1.287952604554825
ERCC6	-1.0626290477883023
MTND2P9	-4.751062510782305
NOL7	0.6785833099084161
SATB2-AS1	-1.7883030941753575
ELFN1	-4.642581182810546
MTND1P23	-2.5506136934095784
CCT8P1	2.5305697907347757
TLK2P1	0.8390129186125417
MEMO1P1	-0.024382718720541863
HMGB3P20	-2.862766499446663
LINC00869	-4.756179107604522
UQCRFS1P1	-0.36220781019252607
EIF3LP3	0.3227777307288788
SEC11B	0.10548331026631023
AHCTF1P1	0.3633404945112254
SGMS1-AS1	-2.9070974038525335
WASH7P	2.9637043642235095
RPL37AP1	2.5021828991443997
GTF2H2B	-0.6406083647600564
ARPC3P1	0.4619621279364458
NMD3P1	-0.48024936699492504
RPL10AP6	2.747426640236059
HAGLROS	-0.781559845170828
TPI1P1	4.6500893931877485
SLC16A1-AS1	-2.404453112127666
SLC25A5P5	-1.1374721318729062
RPA2P2	-0.8259787314737157
UPF3AP1	2.284853459458294
TMEM185B	-0.5553080931241194
RPS7P10	2.117557782456585
GAPDHP73	-1.8206301410875658
SCDP1	-1.8313601991449373
FTH1P20	2.6113964162537227
FTLP3	4.045233030724542
KIF4B	0.7094607323024004
HSPA9P1	3.131936887216182
TEX41	-4.342979334626889
ENTPD1-AS1	-0.8188958445145075
MIR217HG	-0.41598234431969283
FGF12-AS3	-3.0163495148231627
FAM66C	-3.2528722086889457
EEF1DP2	-1.8536038068052454
NAALADL2-AS2	-3.0655350697877526
TBCAP1	1.4986051815501835
TLK1P1	1.1377382277960906
HNRNPA3P1	-2.842534707988768
RPS4XP2	0.8660867896640407
DANCR	1.6441895703999891
RHEBP2	-3.899152778839606
COX6A1P2	3.8405580594678836
CENPCP1	-0.39723175517797366
LINC00511	1.0878408401128419
C14orf132	4.294115396501368
RPS28P7	4.546998651275635
PARP1P1	1.2172987475129786
ZNF717	-6.319716143540641
HDGFP1	-0.11075777650474618
SUB1P1	2.388976116019293
PFN1P9	-0.5418719883688814
NBPF13P	-1.7204201828913317
THRAP3P1	0.16316723268328187
HAUS6P1	-0.11425689035243097
PARG	0.2674722722420461
HNRNPKP2	1.544670650799058
FTH1P16	-0.421971818329707
RPL37P1	-4.867139993710317
SCAMP4	0.04553495343896856
LINC01132	-1.188949128470093
SOX21-AS1	0.6751929994126276
MIR3916	2.171210234292211
SLC9A7P1	-2.537078553598799
PSMA2P3	0.49605609032903797
PIN4P1	-1.1982374215471827
DHX9P1	2.7519935420575194
SEC63P1	2.8999443660258875
LINC01515	-2.4929759231651447
ST13P19	-0.04206040559625535
TLE1P1	-1.1847069300020872
PTPN2P1	0.35739516731149706
OFD1P17	0.8262453459900531
ATF4P3	-0.5583542318596953
HCG11	-0.7775112532437205
GAPDHP1	3.9609176574097815
TXNP5	0.20518421734376288
UBBP2	-0.9532547613908271
MT-ATP8	3.04465008246998
PSMD8P1	0.744953835097223
MIR646HG	-4.671085189160574
CCT6P1	0.42882301629219305
SDAD1P1	-3.408936498132845
OST4	0.89491931208862
TMSB10P1	-2.368059732567094
RPL15P18	-2.878283311975267
EEF1A1P11	-1.6349163473176198
DAP3P2	-1.6161589642540397
CCDC183-AS1	-3.6712136935023856
SPCS2P4	1.9011237774062886
HK2P1	-2.411851655750628
ZNF883	-1.0196561249222886
ARL17B	-2.789624354707268
DHFR	2.218335422309301
RPL7L1P8	0.08695215674000493
LINC00954	-0.9222001334498784
LINC01128	-0.1628489917350569
FAM207BP	-0.6062696548055402
EEF1DP1	0.6786987761965303
RASA4CP	-1.8084292516032254
RPS13P2	2.7877066003106368
MTCO1P3	-1.7660622193925344
SNRPD2P1	1.43165254281737
HSPA8P8	0.5131149890117163
CALM2P2	2.262553654803279
RPL41	-0.2408257424152139
EIF4A1P10	3.23953718778262
ANKRD10-IT1	-1.5569085287438567
TCP1P1	2.1203228053083505
GDI2P1	-2.0487083876891266
PGA4	-3.968499994459005
ADAM1A	1.1643642503870884
PTGES3P3	-1.9127608459135774
LINC00242	-0.2724314289946943
HMGN1P37	-4.829294529801052
PNPT1P1	0.8785848375999644
PES1P2	-1.5868247930353683
KRT8P12	-0.7622872834498043
ACTG1P9	-1.6448124831201247
DPY19L1P1	-0.10026246036013046
PIN1P1	0.050776955844144336
SFTA3	0.5400955533445605
ACTG1P11	-3.5961097538674345
GAPDHP26	-5.492546859631219
TNPO1P3	0.8988606454294912
ACVR2B-AS1	-2.373930235830757
PRDX3P1	0.34817813706192435
MTATP8P2	-2.3663723251077746
MBNL1-AS1	-3.8872231089220532
RPL4P4	4.324123615708246
PKP4P1	-1.2282583639969809
ZNF492	-4.596871304473067
EEF1DP3	-2.637531316592999
DYNLT3P2	-1.931690391006766
RPS15P5	-5.196264674017615
XIST	-3.188492740298259
ZNF688	-1.2891697039813745
RPL35AP21	-1.7340073879548263
CCNB1IP1P1	-2.7136010932837062
DDX50P1	-0.7909851093662107
PET100	-3.4547672046266436
KHSRPP1	0.8667128881641675
EMX2OS	-4.239714972023606
IMMTP1	1.364807575306011
LINC01315	0.4179211738820595
RHEBP1	-4.841843585807227
YWHAZP3	2.804282273076861
EIF4EP2	-0.03724550843829701
TFAP2A-AS1	-1.5965202665982865
RPL5P4	1.0782905505949103
ANKRD36BP2	-1.683970073014975
FNTAP2	-2.9432390042089707
TMSB4XP6	1.6524701477870305
TRPM2-AS	-2.2822735923813315
HSPD1P6	-1.5599328800573005
STK24P1	0.09611833354301187
ME2P1	1.5801061799280174
FGF12-AS2	-2.7229257606521626
SEPHS1P4	-0.014646929540682958
HOXB-AS1	-2.092901832713859
RPL4P5	2.317915189801089
HSPB1P2	-1.5318169094264082
HERC2P4	-1.6462952727366282
TOMM20P4	-0.6118686214043149
FEZF1-AS1	-0.968056115549686
HMGN2P3	1.0635577326243553
NCAPD2P1	0.543668955815329
TPI1P2	-3.216877463098687
DDX10P2	-0.9500312070891248
RPL4P3	-1.8314756212753822
TCEA1P2	3.6880190954381664
LRRC37A6P	-0.17912817406327283
NEK2P4	-0.9951658608745898
PA2G4P4	2.945757891136778
THAP7-AS1	-2.0431007833747907
FAM133DP	1.1983514996583209
SF3A3P1	1.6555198836769498
ACTG1P14	-1.2280844572009204
CCT5P2	2.781181179480296
RSL24D1P2	-2.1726422667912417
RPS23P8	4.747415056917351
TNPO1P2	1.1675693643987373
SETSIP	0.04696602451745881
PABPC1P3	0.7581257157425293
RPL10P3	-2.522658419872418
SDAD1P2	-0.5259093002942928
PSAT1P3	-1.54628025511682
SMARCE1P5	1.1691567923445598
FOXD3-AS1	-2.7608129647072577
CBX1P1	-0.04877967206106955
ZNF674-AS1	0.7995459169211716
GOT2P2	-0.9621248004342887
RPS18P12	1.3649328466708612
PPIHP1	-2.28492523392092
MIR205HG	-4.344792290426855
HSBP1	2.4955423289914966
CDC20P1	4.143763478702082
GAPDHP64	-4.045649474872675
GYG1P3	-2.7993153205960897
LINC01436	-4.082337583819798
BTF3P10	0.4718470251969447
YBX1P2	0.440240080779931
KRT8P10	0.9705122753696325
ZNF826P	1.74679885845828
SKP1P1	2.2057527027892254
C1DP1	-0.39757174613144186
EZH2P1	-0.03857332686558698
RPL36P2	-0.6144075244969927
CLIC1P1	-1.4949086280988815
MTND4LP1	-3.3580589208632112
PTMAP4	1.0425474246290463
HINT1P1	-0.8578530913546067
RSL24D1P11	-1.330939741107948
FAHD2CP	-1.434522085215249
DLEU2	-2.29821911648016
LINC00899	1.0200746852184908
EMBP1	-3.838795558609924
DLX6-AS1	1.2380803694515288
MIR4426	3.267715054933321
TMEM44-AS1	-2.109496485726856
MTHFD1P1	1.5764155800580546
SNRPFP1	3.128012326637231
NDUFB1P1	-1.0230037441564752
TRAF3IP2-AS1	-1.6812935053012865
TPRKBP1	-1.5293470830506442
RPS7P3	-1.204711610817799
ANXA2P2	2.557584927751683
CAP1P2	-0.7303403948034367
LSM12P1	0.6058893418553591
SLC4A1APP1	0.3771561206762722
TMA7	-1.2776174174373076
MCTS1	0.7203386388508404
LINC00867	-3.4874964786558356
ST13P4	0.7907280431861674
MTND4P24	-0.35009693763401034
FTH1P7	0.8789722348937794
SLC25A6P2	-1.1121115580013865
LINC00865	-2.249584110779845
ACTR3P2	0.35738821817873356
RPL4P2	-2.1698056024727363
FTLP2	-1.341423410096196
SKA2P1	1.048068753040507
RAD17P1	0.28418822823942747
EEF1B2P3	3.5542210020763223
SRD5A1P1	-3.610126060088422
RPL3P4	5.794347614703429
CCT6P4	-3.4753311745021036
LDHBP1	-2.507690088110458
LINC00665	2.308351440034427
BDH2P1	-1.51129728088985
YWHAEP1	0.42324026387724684
HNRNPDP1	-1.3321383044692856
SDCBPP3	-0.3581760880904736
RPS2P32	-4.2765923022949295
PET117	-1.0324599776649932
LYRM9	-1.2940744236204722
RPS11P5	3.9581024468590464
HSPE1P6	-0.5020310567428617
LINC00342	1.6970303308560317
IPO7P1	-0.4113143412546427
SNHG15	-0.775117832368791
SNHG7	0.24080061150771614
LINC01399	-2.0825726519484467
HOXB-AS3	-3.578021766681737
RAB1C	1.7552250650163062
HMGA1P8	0.6101357285789925
CNOT7P1	1.3724578248754025
SNRPEP4	1.7007342007755997
GPX1	1.3838652033776104
LINC01346	0.30180263429120857
PFN1P1	1.9120443353460777
ERP29P1	-0.5365230980121419
EIF3FP3	2.371651068241505
EEF1A1P6	2.093589483296751
HNRNPLP1	-1.1190786487762112
ZNF529-AS1	-3.020800209665957
CYP51A1P2	0.14484814225421552
CALM2P4	-1.0010219618539251
ANAPC1P1	-1.469616746049429
GAS6-AS1	-3.688003520989046
GOT2P3	0.31244501891662557
EIF4HP1	2.2105695144107806
EIF3LP2	1.209905892861384
ADH5P4	0.30094039690487495
YEATS2-AS1	-2.5810468054396054
RPS28	0.05060069945990769
MT1XP1	-0.8113140878079589
KRTAP5-AS1	-3.131141242951659
UQCRHL	2.7445217789909186
UBE2SP1	3.2437101173508114
RPS20P10	1.082760420848391
GDI2P2	1.7921194657358193
RPL5P34	1.8493128211999603
TXNP6	2.5739840615109744
RPS15AP11	-2.713882591068871
RPL13AP6	-4.031970706519049
NAP1L4P3	0.7881985876981449
HSPA8P1	1.2666535893608548
ZNF879	-0.40267802128896296
ST13P18	0.8824668907250587
BCAS2P2	0.6034053853602962
RPS4XP11	0.40845001983206003
TATDN1P1	0.1466904215917423
ZNF37BP	0.9282673071572538
ZNF736	0.9445895645821222
MAGI2-AS3	-3.1637101926345905
PINLYP	-2.4506356347132665
MRPS21P1	-4.565089843298284
RPL13AP20	-3.5406275462201466
PTGES3P1	3.000129882919025
FAM133B	-0.5158392883946588
API5P1	1.5058646203851844
COX6B1P1	-0.9943840097209806
RAD1P1	-2.12574783384624
CCT6P3	-3.358593238493783
MCIDAS	-1.6358563286464718
MAPKAPK5-AS1	-1.2582818439050283
JRK	0.8772193803393333
WDR82P1	-1.6955844488887954
YWHAEP5	1.3835205590968944
HMGN2P5	5.027743490757992
SDCBP2-AS1	-3.3587147230851575
KRT18P15	-1.8294883711969938
GAS5	-0.5135869805477806
EIF5AP4	-1.7734323773841418
WASH4P	0.1899995329379931
SLC25A25-AS1	0.41150541185450956
TPT1P9	4.256424906305648
EEF1GP5	-1.6000761187634052
RPS3AP6	5.871323698886239
MORF4	-2.59864944832107
XRCC6P2	3.9122511533342323
EIF3EP1	2.7586042192583418
SOX9-AS1	-2.3137898832859207
SNHG20	-1.058861935282129
FABP5P7	3.3341168511916655
SHISA8	-1.3567968850840524
FTH1P2	3.5120469229830222
EIF4A1P2	0.691646291544552
DPP10-AS1	-1.0981075024506621
TECRP1	2.3034091014245486
SLC25A5P2	-0.15607848995726603
SUMO1P3	1.8366549118754476
CHCHD2P6	0.3701182913994276
ANKRD65	2.1958912153486168
ZSCAN31	-0.7768389349058865
C12orf75	0.6164109213725992
HGH1	0.5587998636480256
RPL39P3	2.032119891302803
PPP1R3E	0.5901178283583257
TUBBP6	0.5031944632821932
FAUP1	2.962666228549514
GEMIN2P2	-2.625284575821224
SNRPGP10	4.121047960205059
RPEL1	0.30519241959684446
DPY19L2P4	-5.180592030712825
LINC01278	1.1218132096633746
PSMB3P2	0.10166956680925726
DBF4P1	0.3182090823541625
RPS2P7	-3.491281447076103
RPL6P27	5.019535745463439
NFAM1	-1.4818332561817869
GAPDHP65	3.482587209438875
LINC00494	-5.413826676123267
NUS1P1	1.3644249272649853
LDHAP2	0.10002011210090798
PA2G4P2	1.3474313358076704
DICER1-AS1	-2.515447702457823
ANKRD34C	-2.2918109408466987
HMGN1P36	0.357090399636034
KIAA0040	-1.9847243956655591
LDHAP7	0.742462965350438
TTC28-AS1	-0.6802901677452309
COX7CP1	-1.3017230913071327
PNMA6A	-4.223840558971151
GPC5-AS1	-2.388506675144548
ASMTL-AS1	-2.27502708075992
FABP5P2	-4.201869722854845
LDHAP3	-1.3212472450200747
TMEM147-AS1	-1.4586710499003301
MRPS36P1	0.8405881078593123
GRM7-AS1	-3.290096340253791
VEZF1P1	0.12650655109301157
EI24P2	2.0268116229399022
RPL26P30	-1.010791387892449
ZBED5	1.2978349700531182
GAGE12F	-5.2355634750195055
LINC01134	-3.154893744420847
PKMP1	1.505255238076898
EIF2S2P3	-1.3410645176131828
GPS2P1	0.6704094553702067
RPL13AP5	4.6733838203368405
HNRNPA3P5	3.502465486969336
TCF3P1	-1.4017330059835151
RAD23BP1	2.0624236927266413
PRPF38AP2	-1.5526865909873806
S100A11P2	-4.024137733955767
ZNF853	-0.42520789457389563
PITPNA-AS1	-0.49327365016068403
BZW1P1	-0.5170180191706079
EIF1AXP1	2.0341030827545517
ARHGEF38	-2.3508132276763587
CLIC4P1	0.4770861950367812
COX7A2P2	3.6314001210354485
RPL24P8	2.247271712854932
GAPDHP2	-3.4864336003034206
CBR3-AS1	-2.5510152743212022
NIFK-AS1	-2.8297366326934887
MIR600HG	2.6750982062738795
GAPDHP51	-2.8116551488948383
GAPDHP21	-2.123486137791663
ZEB1-AS1	-0.840166894809525
EIF3IP1	-2.376723911305176
B3GNT9	0.557591037049447
NR2F1-AS1	-2.3246586902909248
CDKN2AIPNL	2.0658501054422977
FTH1P11	1.999166237394531
CKMT1B	-0.2903979913619862
TTN-AS1	-1.3009182983548837
SRRM1P3	0.542082050151623
CDC42P6	2.4465210484168174
TUSC8	-2.4083708279112104
HOXD-AS2	-1.2167758721010258
NDUFA9P1	-2.003481979746582
XRCC6P1	1.7883225158209592
FOXD2-AS1	0.18617314839871058
CECR7	-1.6597787370477828
ZNF737	1.4220782566248236
RPSAP15	0.9518123719382308
SHISA9	-0.7297823460468879
DGCR5	-2.315337406806801
UBE2Q2P6	1.4484385729995162
RPS15AP38	2.432383030282214
RPL30P4	1.554738304625945
UQCRBP1	1.6169530611539085
BANF1P3	-0.23040484109929338
FAM200B	-0.5911037830909752
LINC01370	-3.410939705083535
PA2G4P1	0.20458722003775226
LINC00674	-3.0053638984644078
CLIC4P3	-0.5399922275545005
LINC00649	0.017644035233180807
TUBG1P	-0.31240153190416836
PTENP1	-0.14645759419887136
RPL35P1	2.621332272636079
MRPL48P1	-0.667944146024589
LRRC37A2	0.5134840855802982
GOLGA2P5	2.799444685364763
LINC01410	-1.844951227002105
PAXBP1-AS1	-3.1709273893166254
TARDBPP2	-1.2216994361516098
GAPDHP39	-4.805633193412143
TXNDC5	-2.5043045342509918
RNF103	-1.804691161753134
RBM14	3.049917224458778
KLHL41	-3.3196799977061735
MYLK-AS1	-3.2051166789844654
RPL37P2	0.7542174671454805
KMT2E-AS1	-5.369152229336612
NME1	1.3621108507024218
APOBEC3G	-0.055575824473118984
WBP1	0.08402199188639366
MRPS17	-1.6093281477079198
GET4	-1.7530585242668753
C1orf226	1.1559125723726742
ADSL	0.8164795516710267
PRKAG2-AS1	-2.1914799423102265
AMY2B	-2.740551454700033
RPL21P42	-2.9673467194216907
PCDHGC3	0.007908132137332978
SMKR1	-1.9179167169386007
ZNF542P	-2.9365028465464693
COX19	1.848919226404129
FAR2P3	-2.5093053982837232
TCAM1P	-4.27571738099983
RPS2P5	6.138333178575922
PPIL3	-2.736743276468723
RPL23AP7	-0.2599823516355149
RPL36AP45	-0.9999660784011624
RPS4XP13	-0.18761039764352147
RPL5P23	1.2326345139708983
MTATP8P1	-3.3673767504552794
LRRFIP1P1	-0.8107215611394873
FOXO3B	-0.9149701550059495
RPS19P3	0.2722364358405105
SETP14	4.438222070996793
CDKN2B-AS1	-3.683511136570258
RPL34P18	0.9496572036493047
ISY1	-1.4046460527665126
PNMA2	0.47303290976533013
ARHGEF25	0.4701706093408433
RPL36AP21	-1.6442619690752753
RDH14	-1.1578483351777633
MIF	1.8228749953374053
TPM3P9	0.415262534231236
NSUN6	-2.3111496088790644
RPL5P1	2.1482675738093735
CYP51A1P1	-0.8857015623207602
RPL22P19	-4.347286046214069
CRCP	2.6703717682419517
PPATP1	-0.20771591157103628
RPL36A	-2.7668520862719093
PDXP	-2.1343535693632685
CD302	-3.1543333500130633
RPL37P6	-0.059113346704437145
PTPRG-AS1	-3.2923172350649104
HSPA8P9	1.4907291610911497
PSMC1P1	3.2996087176247366
RPS15AP24	0.9314231319581993
ARPC4	0.8478204221212099
UBQLN4P1	2.8667428314914365
RPL31P49	0.5250311444538293
ARPC1A	1.9620989855660982
TMEFF1	-0.7990833724732445
RPL7AP30	1.88062132422476
PISD	0.7049259383755481
RPL14P3	-1.2287117425818816
PWP2	-0.7850215403147491
PI4KA	1.5598371228666084
RPL7AP6	4.366783690859921
RPL7AP31	-1.2937730243257697
AMACR	-1.0139279303298452
MTFP1	-1.3114405972152348
SNHG3	-0.026292325842103913
ABCF2P1	1.1255503753286122
ARHGDIG	-2.7161553693147735
RPL5P29	-0.8476777793536601
TCP10L	-2.9672886981525797
ARFGAP3	1.1796966040247807
C22orf39	0.2700955331554219
PEG10	3.561334154589872
STAG3L5P	-0.9105103204405605
FAM91A3P	-2.067612146917672
RPS21P4	3.945592582424775
EIF6	1.1335413280451576
PCDHGC4	0.40901875180322966
RPL7AP11	-1.0165918244540877
RBBP4P2	1.810857220881959
MRPL20	0.2039426211373852
ARPIN	-1.4657945747851753
LINC00960	-1.8049900270540713
DCAF13P1	-1.3169935136243858
DECR2	-1.6536631127264054
RPS27AP1	-2.667558825680766
RPL5P12	-0.007971838029363812
ICE2P2	-1.4107298962826362
CCDC169	-3.5956337138445793
ZNF702P	-1.9349086899658756
AP5Z1	0.3288323093857585
SOX2-OT	-1.8026447457690722
ALDOAP1	0.032340115133877224
STRC	-3.685037643012192
FTH1P23	0.6763248322211431
PTMAP8	-0.0796852841435836
UBA52P3	-0.5810347818352467
ARHGEF26-AS1	-5.220060874282664
MRPL33	2.752549188809177
MICAL3	0.1599622650473009
STON1	-0.4205578844580792
RPL30P14	-1.2080337672714208
PRAF2	-1.2186967324506275
KCTD7	-0.9188252110361738
EFNA4	0.3554722660233562
RPL3P3	-0.22417587720652546
RPL35AP32	-3.6533197247525786
UBA52P5	0.6594966093352559
RPS23P1	-0.42699716115167724
HNRNPKP4	2.8455537272249622
IL10RB	-0.32006568890523857
ZNF487	-2.930826014408357
RPS4XP14	-2.2870230639776272
NME1-NME2	-1.7061857020593183
RPL37P23	2.2319045237558695
CFAP57	-2.5384651303889525
NPIPB5	1.1566570786057875
RPLP0P2	-1.32016304795254
ST13P15	0.05659030200525855
RPL5P17	-0.6676503865304868
MRPS6	-0.6342691522509475
ZNF512	0.47016540789383293
VTI1BP1	-0.9066666737628725
NFS1	-0.9131888766103156
FAM86DP	-1.0024190004237594
DDOST	1.9739662037509362
RPS27P27	-1.334758839214306
RPS4XP6	-1.4554373126782283
RPS4XP17	-1.1278355756108478
PDCL3P4	-0.2207305596943506
WWP1P1	-1.5160136182416746
P2RY11	-1.6139774027896803
PBX2P1	1.2274946630805212
TMEM141	-2.2973544573723412
ILF2P1	0.3022432511448344
PKD1P1	-0.8242586650464944
RPL30P7	-1.0237304286062627
RPL7P23	-2.4469989567887676
ETV5	-3.030702225240968
RPL38P3	1.7839577876776194
RBM12	2.083310598370702
RPL18P13	-0.051794842940037444
APOBEC3C	1.0933251548167668
MTHFD2P1	-2.688571317769982
PTCHD4	-1.9524043835513174
N4BP2L2	0.666837986887533
GABPB1-AS1	-0.6220248705674263
LIFR-AS1	-0.3434286625812445
LINC00847	0.07045079718353327
NEAT1	2.2176842223805453
SCAMP1-AS1	-1.8541349403196004
ZNF585B	-1.1002848902731057
CRNDE	-1.5565855371734227
RAD51-AS1	-2.2589864848563974
GS1-24F4.2	-2.0098278227985
LINC00682	-5.469378783310074
SNHG6	0.9050270062335124
LINC00900	-0.811424998806957
KCTD21-AS1	-1.9874961319389552
SBF2-AS1	-0.5106825365482482
SOCS2-AS1	-4.856994449545591
PGAM5	1.1349883071858056
SNHG10	0.22526905783525847
MIR210HG	-0.859002874907504
ZBED5-AS1	0.7126716451837413
ZCCHC3	0.0725118265848069
MIR4458HG	-0.6664655002958896
OIP5-AS1	2.1425490860184633
SDCBPP2	-0.46188498336328093
CKMT2-AS1	-2.4810659199003764
TWF2	-0.021044781864341597
MARS2	-1.3237242966444296
MTND4P12	1.6104050994593344
USP51	-2.0610652015278137
LINC00926	1.653639856346404
NNT-AS1	0.7370795226656683
RRN3P1	-0.8877190786821655
GAPDHP60	1.810454092119315
TRIM52-AS1	-1.4451569948187608
NOL8P1	-1.0244888406421047
CDK11B	0.47521805716230664
PCDHAC1	-2.1609456873497637
GAPDHP61	-0.9501791783168395
PCP4L1	-2.1428413070079717
ASNSP1	-0.9921846656169382
SBF1P1	-0.8776225765339133
MTATP6P1	3.85275571166447
TECRP2	-1.2801113730832876
GDNF-AS1	-3.9710776824599696
DSTNP2	1.6207984244019167
GAPDHP40	0.30946332286821804
HMGA1P2	0.2701999037763054
TOX4P1	0.3471684526325833
HIGD1AP14	-1.379597765880284
HNRNPH1P3	0.2514340647314458
SERBP1P6	2.274429286178191
ICE2P1	-1.4272824416569416
HHIP-AS1	-3.3228686225519612
FMN1	-2.5047019886113837
MTND5P11	-0.9235287340187237
HMGN2P4	-0.05555135265015305
SUMO2P6	-2.3031455913356833
HAUS5	1.4529420993889997
MTND6P4	-3.5334977348925736
SUDS3P1	1.465450280010609
PCDHA11	-4.067173852972858
GAPDHP38	-1.0728023265109943
TMEM150C	-0.16936666254077867
EEF1A1P9	-0.8957862718379143
MTHFD2P6	-4.039734531949101
LINC01088	-4.088393461418081
NPM1P27	4.247239712282857
CASC9	-2.1880013119511954
NAIP	-2.793396761863791
ZNF286B	-0.6226897020176407
ZNF324B	-0.09625753108817922
RBBP4P1	1.477954515160309
GAPDHP70	-0.5348317878520051
RCC2P4	-2.4886277633292604
SERBP1P5	3.4315233909848715
NOP14-AS1	-1.6299470304735941
HS3ST5	-1.6557228457965605
EEF1A1P19	-0.03004309672489476
SNX5P1	0.31500185152070204
PVT1	-4.719118868444179
PDCD6	1.9068730104396914
RAC1P2	2.2146947781180524
CCT7P2	-2.1111686849676112
YWHAQP6	-0.8490086555755783
TMEM158	-0.24136721851779536
CBX3P3	-3.0376620063939925
LINC01018	-1.0598779533620957
YJEFN3	-0.2546427531016033
PCDHA10	-2.581828741519912
EEF1A1P13	0.20380197098022718
FZD10-AS1	-3.599948700683425
PKD1P6	0.6511096177890301
PTTG2	-0.53793292725106
ZNF718	0.5289442296120602
SMIM20	-1.8966629343747854
TUNAR	-1.8656648546048555
UBE2CP3	-0.6016145499663758
AACSP1	-1.4319329297606318
CCT5P1	1.403595045308464
LRRC37BP1	0.7030097658598121
GMPSP1	2.7185036451132705
CHCHD10	-1.0265690658961926
GPR162	-0.12565069263075668
CCT6P2	1.6704847976086574
KRT8P33	-0.4154121878461363
RPL38P4	-0.7222253612270623
ATP6V1E2	-0.30492416219868357
GLI4	-1.0930303031971125
IQCJ-SCHIP1	1.7049066426239723
LINC00491	-3.312345863958945
HNRNPKP1	0.2713812765368223
RNPS1P1	2.8887773824720138
MESTP3	1.4612755467690184
THAP9-AS1	-0.42762977797714335
CUL1P1	-1.4419916965985893
PDCD5P2	0.5814864365850587
FCF1P8	-2.518955627553415
GOLGA5P1	-2.202020480421611
SNRPCP2	1.4915024935916203
ZNF345	1.1223714050679334
MRPS33P3	-4.177667166709378
SHANK3	-0.2541854232117182
RTN3P1	2.3728597303669843
ZNF550	0.348039459075477
LINC00958	0.537996088684756
ALDH7A1P1	-0.07465093050434755
STMN1P2	-2.500172969842307
HAUS1P1	1.1567442732244044
RPL32P3	-1.914319609939976
FOXD1	-1.1636366790785841
PPIAP11	-1.0427468101882043
MTND5P12	-3.6301953094725397
MALAT1	3.2136839727894846
MSNP1	0.44804949332578536
HADHAP1	0.7048475869758619
RNU7-41P	-4.898743111016294
HOXA10-AS	-1.3007635172039058
GUSBP3	-2.20936324763299
C8orf88	0.02435724348937884
CCDC71L	-1.1248335829591602
HOXA10	-0.10926596279687205
PCDHGB6	-1.481483401101031
C1orf210	-0.612953537468833
TUG1	0.8577750123838953
TRNP1	-2.1797069188738623
SRPK2P	-0.7780522555406235
NACA2	0.5223898970526581
NKX2-1-AS1	-1.6760067015942197
RNF5P1	0.7661834070326865
AFG3L2P1	0.29365956749927286
EIF5AL1	3.2408108870889136
SOD1P3	0.17959048201076572
TAGLN2P1	3.457304864728038
ALG11	-2.328699237894855
ATXN7L3B	3.8806398623401117
PRKDC	4.017035105436947
PCDHGA6	-1.3411341083930215
OTUD6B-AS1	1.1683402954918183
UTP14C	1.7190596650757228
PCDHGA11	-3.4287564071958925
PCDHGB2	0.08341230603086036
MAPRE1P1	0.4828472592310682
HMGN1P38	1.9726236001334614
ZNF260	1.7694605985080025
MAP2K1P1	-0.3589271836486302
PKMP4	-0.2447175744337172
LYN	-2.360557988146915
PINX1	-1.6498557208820555
NPIPB11	-0.4661701076170186
PCDHGB1	-0.6456742858050302
PAICSP4	1.9601248613622335
ERHP1	0.03783153850863662
LINC00824	-6.300258022046422
KRT8P3	2.7282983459334242
HOXA-AS3	-3.200763198762236
LRRC24	-1.1561120180988207
CHKB-CPT1B	-5.2485863802434185
SF3A3P2	0.9892897981846535
RCC2P6	-0.7108644099028031
AP5B1	-1.8343734927703914
PTP4A2P2	0.5440610441512737
PABPC4L	-2.133619406365688
BBOX1-AS1	-0.49098534590990367
GLULP3	-1.1649259006528256
CSNK2A3	2.3408165146582762
TMED10P1	-1.0888525474414004
WAC-AS1	-0.4851332811674915
OSBPL9P2	0.8325726638315856
PKD1P5	0.6331011220609205
FPGT	-1.8114822511640114
MEX3A	3.597382616091137
NAP1L1P1	0.4680238494385103
NPIPA2	-2.803435703531634
MPV17L2	-0.08964701055693058
DPP3	1.4563979796569058
BRK1	-0.3494259924013245
ARL6IP1P3	-0.04615818895421733
SDHCP4	-1.4106696224174295
CHMP1B	2.29215880996184
EID3	-5.453565574346955
EID1	2.951878670545613
PCDHA3	-3.6260178476798486
POLR2M	0.046534311418304344
RPA2P3	-0.2120317191014568
PABPC1P4	1.5737359634838146
TRIL	-0.20449185490761726
SNHG1	1.6722808119299724
TDGP1	1.9953631711229614
HNRNPABP1	0.15312967194798155
AGAP2-AS1	0.17757514279261477
GOLGA2P10	1.7359552305832815
RMST	-1.3794467472719485
PXN-AS1	-1.9890801919801568
PDCD5P1	0.36061631222374496
CTSO	-3.026052290517446
ZNF432	2.5001143483911434
ATF4P4	-0.8096035514538421
ZNF10	-0.6852273103128803
ZNF486	0.26033004526898085
SMIM3	-0.5267679305207257
HMBS	0.8583919405923468
ZNF225	-2.0259171131041565
RPL41P2	-2.241209764942276
HSPA8P5	2.008519185308966
SALL3	0.27926069352823246
YWHABP2	0.4280739404810437
POLG2	-1.346393783421281
ZBTB11-AS1	-2.5965561060770477
ZNF350	-0.820913500570816
TIMM17BP1	-0.6660079883927248
ZNF253	2.2017673353252647
C17orf100	-1.2604385564414964
SLC5A8	-5.825236907536013
SNRPEP2	0.6280627022973018
LSM14A	0.36805497979059637
TMPO-AS1	0.42748940010164377
GATC	2.143189242649839
FAHD2P1	-1.5895139203405093
ZBED6	-1.776614435748637
FNTB	-2.0390325573793775
INAFM1	-1.3197754907016304
ILF2P2	-1.5667583279854471
CNPY2	-1.559758173748694
KRT18P20	-3.42299732649003
ST13P3	-0.813674032600239
FNBP1P1	-2.286765353305403
LSM3P2	-1.3405623113081346
HNRNPA3P10	0.2493000438762783
CUX1	0.6997755940719125
NOP56P3	-3.0046209979307914
HMGA1P3	-1.2633665328762924
HIGD1AP1	1.7410194973750555
MKRN9P	0.021487659578908948
HSPE1P4	-2.3061299075554933
PRSS58	-4.892030277693413
LINC00592	-2.9965911922734616
CHURC1	-0.4038908759517474
NUTF2P2	-0.5497557410324646
SLC25A3P2	-0.3680262470209719
MEG8	-1.7645486942852389
ZNF578	-2.773224332625773
LINC00641	1.2695927618076532
CHMP4BP1	-1.9538872211097866
EIF3LP1	0.7196312086062071
DNAJC19P9	1.71876701447039
HSPE1P2	1.4352660801299135
UBE2CP1	2.263524302340747
HSBP1P1	-0.32308991845324936
ARHGAP5-AS1	-2.0098054149683806
SLC25A21-AS1	0.9877176935109426
MC1R	1.2890295855979903
CEP95	0.04942937132497172
TMEM179	2.8577675994764267
DOCK11P1	-2.786268967144157
DNAJC8P1	-1.4179338909534704
ENSAP2	0.6839931839601436
HNRNPUP1	2.6979220605034766
PTBP1P	-0.48922903035315846
PTCSC3	-5.237676626809565
LINC00648	-2.924640301407037
DDX18P1	-1.409838266909179
UBE2CP4	0.727585215731241
INAFM2	-3.73796651040779
DCAF13P3	0.28118365423083447
HNRNPCP3	-0.6319629463171031
ANP32BP3	-1.3550761852490616
SORD2P	-1.7280208071055665
MRPL46	-1.6454525073803143
ANP32AP1	0.2563782715023982
MESTP2	-1.4899211908225676
RBM17P4	-0.528529149183357
PIGHP1	-2.3250840420750296
IQCH-AS1	-2.720763885836083
HSP90B2P	3.481969460463086
HSPE1P3	-0.2632013865544063
ANP32BP1	0.5804602262972038
LYPD8	-3.0299734453338067
HNRNPLP2	1.713081518384346
NDUFA5P11	0.518255001059587
RBM15B	0.030478608491179858
LINC00261	-1.5268639404049855
HOXB7	-0.7607511519719857
NSFP1	-0.9189661485482168
CSPG4P13	-2.27809550169854
LINC01413	-1.4847740913461969
FRRS1L	-1.1237552588786441
SNHG19	-0.7745845181160798
COX6CP1	-0.5118330462037675
WBP11P1	-1.5139308433290497
ERVK13-1	0.05901554247243192
FBXL19-AS1	-2.9788834957083132
XKR7	2.0245188835559342
CCPG1	-2.2210755368270885
TMEM178B	3.2388026771854
EPPK1	0.7124649244368713
ZNF865	-2.056505010525656
BOP1	0.5963622305443627
LARP4P	-2.2170122809340755
LINC01355	1.0477159504519324
VPS9D1-AS1	-1.2879816136857103
PDCD6IPP2	1.4396376558325938
HSPE1P5	-2.3650595926353333
LINC01003	-1.4557821737756922
UBE2MP1	1.6264944916328508
FSCN1P1	-1.8517008380766147
TPBGL	-1.0917777456281674
GAN	-0.22183201702712874
SUB1P3	-0.469276522537567
YBX3P1	-4.38442951380768
SCRT1	-1.9435306408499968
LOXL1-AS1	-0.8484472814091693
LINC00662	-0.7983384839581716
PCDHGA9	-2.1870438028904218
GFY	0.21752834199989496
DLGAP1-AS2	-0.6064328077254761
PCDHGB3	-1.6680776073649524
CORO7	-2.9100617810660685
CCER2	-0.6262802031283742
TXNP4	-0.7748209108530334
PCDHGA4	-2.9527583048558523
SPON1	-2.976429949779203
MRPL12	-1.937810941891487
TMPOP2	0.20927260167676048
GTF2I	0.1370328929370858
ZNF234	-1.0321723770103008
ROCK1P1	-2.562233918475579
ZNF213-AS1	-2.4633992455690747
LRRC37A17P	-1.7266940890847902
HNRNPCP4	-2.5580563935652743
RYKP1	-1.9596554002589595
RPS7P1	5.3675181171250745
TAPT1-AS1	-5.275469584550302
SRSF8	1.0471985388137357
AK4P1	-1.6352587752019954
LINC00667	0.9777970059572783
CIAPIN1P	1.2514054448418606
NBPF11	0.8030803064911004
DND1P1	-1.0218043340220102
MTND1P15	-5.634552606163599
SNRPGP2	-0.027001023461144698
DYNLL2	2.4422071681856576
MYH4	-5.643557744524922
OTUD7B	1.5151990357717595
SUZ12P1	0.057687498419743334
LINC00526	-1.7033645008287208
RBM8A	2.110012843657147
PGDP1	0.5412141285552324
TIMM23	1.2148664218045588
RNF115	0.4315501845607376
WDR45BP1	0.5820769806696731
TUFMP1	-0.2054780955627896
RPL17	-1.3784677293715024
ZNF488	2.1857512081553625
SEC22B	3.4244596278136714
TXNIP	3.0776272006167775
SRGAP2	2.284379091735239
POLRMTP1	1.6358647619644677
BAHCC1	2.0471084586795443
RASSF5	1.4535960186029833
STRADA	-1.7042086943467816
UBL5P2	0.7939593722533759
ARIH2P1	-0.43615276152219157
NBPF15	-1.9082670751987028
NCOA4	1.567865940219948
MRPS21	0.8307868289638286
PSMD7P1	-0.41686243230227804
MYO15B	0.58346402287236
DHX40P1	-1.612277999611893
ZNF850	-0.12832717893143508
ASB16-AS1	-1.1576821609724726
ZNF561-AS1	-3.22394383200964
RNF157-AS1	-1.9290686208248997
TPMTP1	-0.11308419412527604
PTP4A2P1	0.17365403643237923
ZNF790-AS1	-2.0811975740315334
PARD6G-AS1	-1.6857924992708033
MAP3K14-AS1	-1.7179046358056402
KC6	-2.862670803417221
ZNF285	-4.440346343282608
ZNF224	0.6694979391744
HMGB2P1	1.4044208146849093
SMIM22	-1.184900165212884
NDUFV2P1	2.4797063349632475
MZF1-AS1	-3.876287028493373
CCDC177	-0.4177856545012416
SNX6P1	0.37998964842163757
MAGEA9	-5.939134160833989
PTOV1-AS1	-2.365929385189738
NBPF12	2.2657693615750305
GABRQ	-0.5567990976492556
SLC6A14	-4.577474071064783
NIFKP6	-0.43305924015228964
FKBP4P6	-1.354782888456492
MIR4453	-0.33932234402300476
LINC00664	-2.3443883588018015
ZNF723	-5.828939786188291
SCGB1B2P	-2.5486185588311203
ESPNP	1.9595909319074973
A1BG-AS1	-0.5629701265300917
ZSCAN16-AS1	-4.499678737380578
IKBKG	-2.8156806731483295
ZNF587B	-0.8668924332493497
ITGB1P1	4.3609525520334085
LINC01224	-2.052261485450028
CYP4F23P	-3.776686991590356
TMEM185A	-2.7351346613459997
NBPF9	-0.4075686373402322
SLC25A53	-1.0026735342688748
KCNQ1OT1	1.6565259186349823
IPO5P1	2.2740678709760624
EGLN2	-1.6106186827032114
SNHG8	-1.783418406423363
MTATP6P2	-4.139580887223036
CAHM	-4.251327203878529
PEBP1P2	3.234861118749108
LINC01235	-2.6513661117208236
NBPF14	-0.12269113620075191
TAF15	1.1125774503454473
PRMT1P1	-0.39356502844925045
PDLIM1P1	0.06613780651806883
SRGAP2D	0.579322935190631
RASL10B	-0.5561312359917342
HSPE1P7	-4.018683682215843
VDAC3P1	-0.049450032450693786
NBPF10	0.008369990824555855
LIX1L	1.7155978928074385
MTND5P10	-2.523671224377792
ATP1B3P1	-2.013014790934866
GTF2H5	2.0292389059997196
FGF14-AS2	-2.0740177576477947
NFYC-AS1	-1.3440049213712941
NBPF25P	-2.394991210994822
CASC15	-1.6483834667821315
NUDT3	1.1467570581495952
KMT2B	1.6744109059944297
POM121C	-0.33202804326199353
CD24	6.9761427490419345
ZNF595	1.1504940692346175
DOC2B	-3.8967132619349742
PCDHB16	1.171042157459858
ADIRF-AS1	-1.239181072150046
DCP1A	0.1432756573975993
LINC00997	-0.1641207767761965
LINC00938	0.2007001983248052
ZBTB8B	0.8845256893245077
CWC25	0.15885480555540626
ZNHIT3	0.7149904767424495
LHX1	-3.553467646744787
CYFIP1	1.3982630973295118
USP27X	-2.1194089765596003
AK6	-0.025794882596113424
NATD1	-0.945668703109212
SOCS7	1.4812220045935527
ADRA2B	-1.5974548597923495
ZNF658	-0.9288119583338368
PI4KAP1	0.08141243130439486
ZNF280B	-2.5821806195185366
MLLT6	2.2825595725042396
ZNF2	-0.46551102029095304
FCGBP	1.7394691844409778
XKR5	-0.7848761490692441
AATF	0.2847523099096493
TUBGCP5	-0.14585015853682687
UHRF1	0.5488368293396566
ORAI1	-1.4679935172126188
TADA2A	-0.5365061740276156
RBBP4P3	-2.663393218117991
PIP4K2B	-0.15409709566232313
PCDHGB5	-2.9326214230635745
DACH1	-0.02419433998362617
HYDIN2	-0.2614167743719553
GTF2IP1	2.2681216899637495
STAG3L2	-2.8092714356591824
TYW1B	-2.0386299890425152
F8A1	-0.9121241380262192
PCGF2	1.0845447275066358
MARCKS	5.4809949874233155
NEFL	-1.9205841032966169
TRAC	-4.5066829598709495
DDX6P2	-0.368517511706798
ZNF8	0.5401736244735232
MYO19	2.624954026240654
ZNF229	-1.005496041495285
CHMP1B2P	-3.4228143491483562
DHRS11	-1.5476636038470275
BACE1-AS	-0.4134145517884417
HEIH	1.0057358800860146
PWAR5	-1.6571426358736596
MAPT-IT1	-3.049350974818662
